# Blender 4.4.1
# www.blender.org
mtllib -二次色骰.mtl
o Cube
v 0.300000 1.000000 -1.000000
v 1.000000 1.000000 -0.300000
v 1.000000 0.300000 -1.000000
v 0.352295 1.000000 -0.997833
v 0.404323 1.000000 -0.992144
v 0.455719 1.000000 -0.982248
v 0.506306 1.000000 -0.968832
v 0.555667 1.000000 -0.951426
v 0.603673 1.000000 -0.930586
v 0.649907 1.000000 -0.906055
v 0.694250 1.000000 -0.878260
v 0.736336 1.000000 -0.847147
v 0.776016 1.000000 -0.813025
v 0.352296 0.997833 -1.000000
v 0.399625 0.993179 -0.994512
v 0.446920 0.990551 -0.987405
v 0.493825 0.989268 -0.977327
v 0.540095 0.988606 -0.964375
v 0.585303 0.988407 -0.948054
v 0.629266 0.988384 -0.928718
v 0.671576 0.988454 -0.906098
v 0.712112 0.988569 -0.880554
v 0.750505 0.988688 -0.852000
v 0.786530 0.988769 -0.820638
v 0.404323 0.992144 -1.000000
v 0.446715 0.984989 -0.992047
v 0.489298 0.980470 -0.983324
v 0.531724 0.978134 -0.972774
v 0.573678 0.976947 -0.960104
v 0.614728 0.976616 -0.944759
v 0.654642 0.976617 -0.926847
v 0.693028 0.976795 -0.906075
v 0.729768 0.977052 -0.882734
v 0.764513 0.977308 -0.856720
v 0.797049 0.977478 -0.828183
v 0.455719 0.982248 -1.000000
v 0.493284 0.974203 -0.990538
v 0.531255 0.968891 -0.980577
v 0.569274 0.966051 -0.969434
v 0.606961 0.964658 -0.956847
v 0.643885 0.964358 -0.942244
v 0.679783 0.964495 -0.925546
v 0.714289 0.964868 -0.906452
v 0.747302 0.965332 -0.885178
v 0.778516 0.965768 -0.861613
v 0.807772 0.966048 -0.835870
v 0.506306 0.968832 -1.000000
v 0.539185 0.960835 -0.989545
v 0.572667 0.955559 -0.978760
v 0.606371 0.952803 -0.967192
v 0.639851 0.951568 -0.954628
v 0.672690 0.951497 -0.940570
v 0.704610 0.951917 -0.924879
v 0.735285 0.952597 -0.907280
v 0.764645 0.953351 -0.887918
v 0.792439 0.954021 -0.866675
v 0.818556 0.954438 -0.843619
v 0.555667 0.951426 -1.000000
v 0.584067 0.944392 -0.988997
v 0.613244 0.939971 -0.977757
v 0.642766 0.937921 -0.965955
v 0.672127 0.937274 -0.953431
v 0.700940 0.937718 -0.939804
v 0.728936 0.938641 -0.924958
v 0.755844 0.939801 -0.908669
v 0.781634 0.940973 -0.891026
v 0.806120 0.941959 -0.871915
v 0.829238 0.942554 -0.851371
v 0.603673 0.930586 -1.000000
v 0.627818 0.925158 -0.988704
v 0.652887 0.922185 -0.977236
v 0.678370 0.921330 -0.965362
v 0.703709 0.921661 -0.952965
v 0.728562 0.922922 -0.939772
v 0.752694 0.924593 -0.925697
v 0.775896 0.926423 -0.910576
v 0.798185 0.928158 -0.894467
v 0.819446 0.929555 -0.877285
v 0.839664 0.930376 -0.859050
v 0.649907 0.906055 -1.000000
v 0.670097 0.902880 -0.988605
v 0.691287 0.901915 -0.977087
v 0.712886 0.902721 -0.965277
v 0.734332 0.904445 -0.953092
v 0.755338 0.906877 -0.940334
v 0.775717 0.909603 -0.926944
v 0.795317 0.912363 -0.912822
v 0.814178 0.914881 -0.898035
v 0.832249 0.916864 -0.882551
v 0.849607 0.918015 -0.866416
v 0.694250 0.878260 -1.000000
v 0.710811 0.877903 -0.988622
v 0.728330 0.879383 -0.977155
v 0.746174 0.882197 -0.965477
v 0.763867 0.885662 -0.953527
v 0.781182 0.889600 -0.941162
v 0.797974 0.893694 -0.928343
v 0.814108 0.897670 -0.915043
v 0.829606 0.901244 -0.901373
v 0.844451 0.904066 -0.887385
v 0.858891 0.905710 -0.873196
v 0.736336 0.847147 -1.000000
v 0.749652 0.850149 -0.988699
v 0.763697 0.854437 -0.977330
v 0.777924 0.859568 -0.965798
v 0.792046 0.865122 -0.954058
v 0.805885 0.870933 -0.941998
v 0.819326 0.876752 -0.929593
v 0.832199 0.882300 -0.916898
v 0.844439 0.887296 -0.904093
v 0.855998 0.891339 -0.891358
v 0.867290 0.893804 -0.878993
v 0.776016 0.813025 -1.000000
v 0.786427 0.819770 -0.988769
v 0.797107 0.827051 -0.977478
v 0.807922 0.834809 -0.966048
v 0.818708 0.842796 -0.954438
v 0.829339 0.850848 -0.942554
v 0.839719 0.858767 -0.930376
v 0.849632 0.866282 -0.918015
v 0.858901 0.873148 -0.905710
v 0.867292 0.878983 -0.893804
v 0.874812 0.883110 -0.883110
v 1.000000 0.997833 -0.352295
v 1.000000 0.992144 -0.404323
v 1.000000 0.982248 -0.455719
v 1.000000 0.968832 -0.506306
v 1.000000 0.951426 -0.555667
v 1.000000 0.930586 -0.603673
v 1.000000 0.906055 -0.649907
v 1.000000 0.878260 -0.694250
v 1.000000 0.847147 -0.736336
v 1.000000 0.813025 -0.776016
v 0.997833 1.000000 -0.352296
v 0.993179 0.994512 -0.399625
v 0.990551 0.987405 -0.446920
v 0.989268 0.977327 -0.493825
v 0.988606 0.964375 -0.540095
v 0.988407 0.948054 -0.585303
v 0.988384 0.928718 -0.629266
v 0.988454 0.906098 -0.671576
v 0.988569 0.880554 -0.712112
v 0.988688 0.852000 -0.750505
v 0.988769 0.820638 -0.786530
v 0.992144 1.000000 -0.404323
v 0.984989 0.992047 -0.446715
v 0.980470 0.983324 -0.489298
v 0.978134 0.972774 -0.531724
v 0.976947 0.960104 -0.573678
v 0.976616 0.944759 -0.614728
v 0.976617 0.926847 -0.654642
v 0.976795 0.906075 -0.693028
v 0.977052 0.882734 -0.729768
v 0.977308 0.856720 -0.764513
v 0.977478 0.828183 -0.797049
v 0.982248 1.000000 -0.455719
v 0.974203 0.990538 -0.493284
v 0.968891 0.980577 -0.531255
v 0.966051 0.969434 -0.569274
v 0.964658 0.956847 -0.606961
v 0.964358 0.942244 -0.643885
v 0.964495 0.925546 -0.679783
v 0.964868 0.906452 -0.714289
v 0.965332 0.885178 -0.747302
v 0.965768 0.861613 -0.778516
v 0.966048 0.835870 -0.807772
v 0.968832 1.000000 -0.506306
v 0.960835 0.989545 -0.539185
v 0.955559 0.978760 -0.572667
v 0.952803 0.967192 -0.606371
v 0.951568 0.954628 -0.639851
v 0.951497 0.940570 -0.672690
v 0.951917 0.924879 -0.704610
v 0.952597 0.907280 -0.735285
v 0.953351 0.887918 -0.764645
v 0.954021 0.866675 -0.792439
v 0.954438 0.843619 -0.818556
v 0.951426 1.000000 -0.555667
v 0.944392 0.988997 -0.584067
v 0.939971 0.977757 -0.613244
v 0.937921 0.965955 -0.642766
v 0.937274 0.953431 -0.672127
v 0.937718 0.939804 -0.700940
v 0.938641 0.924958 -0.728936
v 0.939801 0.908669 -0.755844
v 0.940973 0.891026 -0.781634
v 0.941959 0.871915 -0.806120
v 0.942554 0.851371 -0.829238
v 0.930586 1.000000 -0.603673
v 0.925158 0.988704 -0.627818
v 0.922185 0.977236 -0.652887
v 0.921330 0.965362 -0.678370
v 0.921661 0.952965 -0.703709
v 0.922922 0.939772 -0.728562
v 0.924593 0.925697 -0.752694
v 0.926423 0.910576 -0.775896
v 0.928158 0.894467 -0.798185
v 0.929555 0.877285 -0.819446
v 0.930376 0.859050 -0.839664
v 0.906055 1.000000 -0.649907
v 0.902880 0.988605 -0.670097
v 0.901915 0.977087 -0.691287
v 0.902721 0.965277 -0.712886
v 0.904445 0.953092 -0.734332
v 0.906877 0.940334 -0.755338
v 0.909603 0.926944 -0.775717
v 0.912363 0.912822 -0.795317
v 0.914881 0.898035 -0.814178
v 0.916864 0.882551 -0.832249
v 0.918015 0.866416 -0.849607
v 0.878260 1.000000 -0.694250
v 0.877903 0.988622 -0.710811
v 0.879383 0.977155 -0.728330
v 0.882197 0.965477 -0.746174
v 0.885662 0.953527 -0.763867
v 0.889600 0.941162 -0.781182
v 0.893694 0.928343 -0.797974
v 0.897670 0.915043 -0.814108
v 0.901244 0.901373 -0.829606
v 0.904066 0.887385 -0.844451
v 0.905710 0.873196 -0.858891
v 0.847147 1.000000 -0.736336
v 0.850149 0.988699 -0.749652
v 0.854437 0.977330 -0.763697
v 0.859568 0.965798 -0.777924
v 0.865122 0.954058 -0.792046
v 0.870933 0.941998 -0.805885
v 0.876752 0.929593 -0.819326
v 0.882300 0.916898 -0.832199
v 0.887296 0.904093 -0.844439
v 0.891339 0.891358 -0.855998
v 0.893804 0.878993 -0.867290
v 0.813025 1.000000 -0.776016
v 0.819770 0.988769 -0.786427
v 0.827051 0.977478 -0.797107
v 0.834809 0.966048 -0.807922
v 0.842796 0.954438 -0.818708
v 0.850848 0.942554 -0.829339
v 0.858767 0.930376 -0.839719
v 0.866282 0.918015 -0.849632
v 0.873148 0.905710 -0.858901
v 0.878983 0.893804 -0.867292
v 0.883110 0.883110 -0.874812
v 0.997833 0.352295 -1.000000
v 0.992144 0.404323 -1.000000
v 0.982248 0.455719 -1.000000
v 0.968832 0.506306 -1.000000
v 0.951426 0.555667 -1.000000
v 0.930586 0.603673 -1.000000
v 0.906055 0.649907 -1.000000
v 0.878260 0.694250 -1.000000
v 0.847147 0.736336 -1.000000
v 0.813025 0.776016 -1.000000
v 1.000000 0.352296 -0.997833
v 0.994512 0.399625 -0.993179
v 0.987405 0.446920 -0.990551
v 0.977327 0.493825 -0.989268
v 0.964375 0.540095 -0.988606
v 0.948054 0.585303 -0.988407
v 0.928718 0.629266 -0.988384
v 0.906098 0.671576 -0.988454
v 0.880554 0.712112 -0.988569
v 0.852000 0.750505 -0.988688
v 0.820638 0.786530 -0.988769
v 1.000000 0.404323 -0.992144
v 0.992047 0.446715 -0.984989
v 0.983324 0.489298 -0.980470
v 0.972774 0.531724 -0.978134
v 0.960104 0.573678 -0.976947
v 0.944759 0.614728 -0.976616
v 0.926847 0.654642 -0.976617
v 0.906075 0.693028 -0.976795
v 0.882734 0.729768 -0.977052
v 0.856720 0.764513 -0.977308
v 0.828183 0.797049 -0.977478
v 1.000000 0.455719 -0.982248
v 0.990538 0.493284 -0.974203
v 0.980577 0.531255 -0.968891
v 0.969434 0.569274 -0.966051
v 0.956847 0.606961 -0.964658
v 0.942244 0.643885 -0.964358
v 0.925546 0.679783 -0.964495
v 0.906452 0.714289 -0.964868
v 0.885178 0.747302 -0.965332
v 0.861613 0.778516 -0.965768
v 0.835870 0.807772 -0.966048
v 1.000000 0.506306 -0.968832
v 0.989545 0.539185 -0.960835
v 0.978760 0.572667 -0.955559
v 0.967192 0.606371 -0.952803
v 0.954628 0.639851 -0.951568
v 0.940570 0.672690 -0.951497
v 0.924879 0.704610 -0.951917
v 0.907280 0.735285 -0.952597
v 0.887918 0.764645 -0.953351
v 0.866675 0.792439 -0.954021
v 0.843619 0.818556 -0.954438
v 1.000000 0.555667 -0.951426
v 0.988997 0.584067 -0.944392
v 0.977757 0.613244 -0.939971
v 0.965955 0.642766 -0.937921
v 0.953431 0.672127 -0.937274
v 0.939804 0.700940 -0.937718
v 0.924958 0.728936 -0.938641
v 0.908669 0.755844 -0.939801
v 0.891026 0.781634 -0.940973
v 0.871915 0.806120 -0.941959
v 0.851371 0.829238 -0.942554
v 1.000000 0.603673 -0.930586
v 0.988704 0.627818 -0.925158
v 0.977236 0.652887 -0.922185
v 0.965362 0.678370 -0.921330
v 0.952965 0.703709 -0.921661
v 0.939772 0.728562 -0.922922
v 0.925697 0.752694 -0.924593
v 0.910576 0.775896 -0.926423
v 0.894467 0.798185 -0.928158
v 0.877285 0.819446 -0.929555
v 0.859050 0.839664 -0.930376
v 1.000000 0.649907 -0.906055
v 0.988605 0.670097 -0.902880
v 0.977087 0.691287 -0.901915
v 0.965277 0.712886 -0.902721
v 0.953092 0.734332 -0.904445
v 0.940334 0.755338 -0.906877
v 0.926944 0.775717 -0.909603
v 0.912822 0.795317 -0.912363
v 0.898035 0.814178 -0.914881
v 0.882551 0.832249 -0.916864
v 0.866416 0.849607 -0.918015
v 1.000000 0.694250 -0.878260
v 0.988622 0.710811 -0.877903
v 0.977155 0.728330 -0.879383
v 0.965477 0.746174 -0.882197
v 0.953527 0.763867 -0.885662
v 0.941162 0.781182 -0.889600
v 0.928343 0.797974 -0.893694
v 0.915043 0.814108 -0.897670
v 0.901373 0.829606 -0.901244
v 0.887385 0.844451 -0.904066
v 0.873196 0.858891 -0.905710
v 1.000000 0.736336 -0.847147
v 0.988699 0.749652 -0.850149
v 0.977330 0.763697 -0.854437
v 0.965798 0.777924 -0.859568
v 0.954058 0.792046 -0.865122
v 0.941998 0.805885 -0.870933
v 0.929593 0.819326 -0.876752
v 0.916898 0.832199 -0.882300
v 0.904093 0.844439 -0.887296
v 0.891358 0.855998 -0.891339
v 0.878993 0.867290 -0.893804
v 1.000000 0.776016 -0.813025
v 0.988769 0.786427 -0.819770
v 0.977478 0.797107 -0.827051
v 0.966048 0.807922 -0.834809
v 0.954438 0.818708 -0.842796
v 0.942554 0.829339 -0.850848
v 0.930376 0.839719 -0.858767
v 0.918015 0.849632 -0.866282
v 0.905710 0.858901 -0.873148
v 0.893804 0.867292 -0.878983
v 0.883110 0.874812 -0.883110
v 0.300000 -1.000000 -1.000000
v 1.000000 -0.300000 -1.000000
v 1.000000 -1.000000 -0.300000
v 0.352295 -0.997833 -1.000000
v 0.404323 -0.992144 -1.000000
v 0.455719 -0.982248 -1.000000
v 0.506306 -0.968832 -1.000000
v 0.555667 -0.951426 -1.000000
v 0.603673 -0.930586 -1.000000
v 0.649907 -0.906055 -1.000000
v 0.694250 -0.878260 -1.000000
v 0.736336 -0.847147 -1.000000
v 0.776016 -0.813025 -1.000000
v 0.352296 -1.000000 -0.997833
v 0.399625 -0.994512 -0.993179
v 0.446920 -0.987405 -0.990551
v 0.493825 -0.977327 -0.989268
v 0.540095 -0.964375 -0.988606
v 0.585303 -0.948054 -0.988407
v 0.629266 -0.928718 -0.988384
v 0.671576 -0.906098 -0.988454
v 0.712112 -0.880554 -0.988569
v 0.750505 -0.852000 -0.988688
v 0.786530 -0.820638 -0.988769
v 0.404323 -1.000000 -0.992144
v 0.446715 -0.992047 -0.984989
v 0.489298 -0.983324 -0.980470
v 0.531724 -0.972774 -0.978134
v 0.573678 -0.960104 -0.976947
v 0.614728 -0.944759 -0.976616
v 0.654642 -0.926847 -0.976617
v 0.693028 -0.906075 -0.976795
v 0.729768 -0.882734 -0.977052
v 0.764513 -0.856720 -0.977308
v 0.797049 -0.828183 -0.977478
v 0.455719 -1.000000 -0.982248
v 0.493284 -0.990538 -0.974203
v 0.531255 -0.980577 -0.968891
v 0.569274 -0.969434 -0.966051
v 0.606961 -0.956847 -0.964658
v 0.643885 -0.942244 -0.964358
v 0.679783 -0.925546 -0.964495
v 0.714289 -0.906452 -0.964868
v 0.747302 -0.885178 -0.965332
v 0.778516 -0.861613 -0.965768
v 0.807772 -0.835870 -0.966048
v 0.506306 -1.000000 -0.968832
v 0.539185 -0.989545 -0.960835
v 0.572667 -0.978760 -0.955559
v 0.606371 -0.967192 -0.952803
v 0.639851 -0.954628 -0.951568
v 0.672690 -0.940570 -0.951497
v 0.704610 -0.924879 -0.951917
v 0.735285 -0.907280 -0.952597
v 0.764645 -0.887918 -0.953351
v 0.792439 -0.866675 -0.954021
v 0.818556 -0.843619 -0.954438
v 0.555667 -1.000000 -0.951426
v 0.584067 -0.988997 -0.944392
v 0.613244 -0.977757 -0.939971
v 0.642766 -0.965955 -0.937921
v 0.672127 -0.953431 -0.937274
v 0.700940 -0.939804 -0.937718
v 0.728936 -0.924958 -0.938641
v 0.755844 -0.908669 -0.939801
v 0.781634 -0.891026 -0.940973
v 0.806120 -0.871915 -0.941959
v 0.829238 -0.851371 -0.942554
v 0.603673 -1.000000 -0.930586
v 0.627818 -0.988704 -0.925158
v 0.652887 -0.977236 -0.922185
v 0.678370 -0.965362 -0.921330
v 0.703709 -0.952965 -0.921661
v 0.728562 -0.939772 -0.922922
v 0.752694 -0.925697 -0.924593
v 0.775896 -0.910576 -0.926423
v 0.798185 -0.894467 -0.928158
v 0.819446 -0.877285 -0.929555
v 0.839664 -0.859050 -0.930376
v 0.649907 -1.000000 -0.906055
v 0.670097 -0.988605 -0.902880
v 0.691287 -0.977087 -0.901915
v 0.712886 -0.965277 -0.902721
v 0.734332 -0.953092 -0.904445
v 0.755338 -0.940334 -0.906877
v 0.775717 -0.926944 -0.909603
v 0.795317 -0.912822 -0.912363
v 0.814178 -0.898035 -0.914881
v 0.832249 -0.882551 -0.916864
v 0.849607 -0.866416 -0.918015
v 0.694250 -1.000000 -0.878260
v 0.710811 -0.988622 -0.877903
v 0.728330 -0.977155 -0.879383
v 0.746174 -0.965477 -0.882197
v 0.763867 -0.953527 -0.885662
v 0.781182 -0.941162 -0.889600
v 0.797974 -0.928343 -0.893694
v 0.814108 -0.915043 -0.897670
v 0.829606 -0.901373 -0.901244
v 0.844451 -0.887385 -0.904066
v 0.858891 -0.873196 -0.905710
v 0.736336 -1.000000 -0.847147
v 0.749652 -0.988699 -0.850149
v 0.763697 -0.977330 -0.854437
v 0.777924 -0.965798 -0.859568
v 0.792046 -0.954058 -0.865122
v 0.805885 -0.941998 -0.870933
v 0.819326 -0.929593 -0.876752
v 0.832199 -0.916898 -0.882300
v 0.844439 -0.904093 -0.887296
v 0.855998 -0.891358 -0.891339
v 0.867290 -0.878993 -0.893804
v 0.776016 -1.000000 -0.813025
v 0.786427 -0.988769 -0.819770
v 0.797107 -0.977478 -0.827051
v 0.807922 -0.966048 -0.834809
v 0.818708 -0.954438 -0.842796
v 0.829339 -0.942554 -0.850848
v 0.839719 -0.930376 -0.858767
v 0.849632 -0.918015 -0.866282
v 0.858901 -0.905710 -0.873148
v 0.867292 -0.893804 -0.878983
v 0.874812 -0.883110 -0.883110
v 1.000000 -0.352295 -0.997833
v 1.000000 -0.404323 -0.992144
v 1.000000 -0.455719 -0.982248
v 1.000000 -0.506306 -0.968832
v 1.000000 -0.555667 -0.951426
v 1.000000 -0.603673 -0.930586
v 1.000000 -0.649907 -0.906055
v 1.000000 -0.694250 -0.878260
v 1.000000 -0.736336 -0.847147
v 1.000000 -0.776016 -0.813025
v 0.997833 -0.352296 -1.000000
v 0.993179 -0.399625 -0.994512
v 0.990551 -0.446920 -0.987405
v 0.989268 -0.493825 -0.977327
v 0.988606 -0.540095 -0.964375
v 0.988407 -0.585303 -0.948054
v 0.988384 -0.629266 -0.928718
v 0.988454 -0.671576 -0.906098
v 0.988569 -0.712112 -0.880554
v 0.988688 -0.750505 -0.852000
v 0.988769 -0.786530 -0.820638
v 0.992144 -0.404323 -1.000000
v 0.984989 -0.446715 -0.992047
v 0.980470 -0.489298 -0.983324
v 0.978134 -0.531724 -0.972774
v 0.976947 -0.573678 -0.960104
v 0.976616 -0.614728 -0.944759
v 0.976617 -0.654642 -0.926847
v 0.976795 -0.693028 -0.906075
v 0.977052 -0.729768 -0.882734
v 0.977308 -0.764513 -0.856720
v 0.977478 -0.797049 -0.828183
v 0.982248 -0.455719 -1.000000
v 0.974203 -0.493284 -0.990538
v 0.968891 -0.531255 -0.980577
v 0.966051 -0.569274 -0.969434
v 0.964658 -0.606961 -0.956847
v 0.964358 -0.643885 -0.942244
v 0.964495 -0.679783 -0.925546
v 0.964868 -0.714289 -0.906452
v 0.965332 -0.747302 -0.885178
v 0.965768 -0.778516 -0.861613
v 0.966048 -0.807772 -0.835870
v 0.968832 -0.506306 -1.000000
v 0.960835 -0.539185 -0.989545
v 0.955559 -0.572667 -0.978760
v 0.952803 -0.606371 -0.967192
v 0.951568 -0.639851 -0.954628
v 0.951497 -0.672690 -0.940570
v 0.951917 -0.704610 -0.924879
v 0.952597 -0.735285 -0.907280
v 0.953351 -0.764645 -0.887918
v 0.954021 -0.792439 -0.866675
v 0.954438 -0.818556 -0.843619
v 0.951426 -0.555667 -1.000000
v 0.944392 -0.584067 -0.988997
v 0.939971 -0.613244 -0.977757
v 0.937921 -0.642766 -0.965955
v 0.937274 -0.672127 -0.953431
v 0.937718 -0.700940 -0.939804
v 0.938641 -0.728936 -0.924958
v 0.939801 -0.755844 -0.908669
v 0.940973 -0.781634 -0.891026
v 0.941959 -0.806120 -0.871915
v 0.942554 -0.829238 -0.851371
v 0.930586 -0.603673 -1.000000
v 0.925158 -0.627818 -0.988704
v 0.922185 -0.652887 -0.977236
v 0.921330 -0.678370 -0.965362
v 0.921661 -0.703709 -0.952965
v 0.922922 -0.728562 -0.939772
v 0.924593 -0.752694 -0.925697
v 0.926423 -0.775896 -0.910576
v 0.928158 -0.798185 -0.894467
v 0.929555 -0.819446 -0.877285
v 0.930376 -0.839664 -0.859050
v 0.906055 -0.649907 -1.000000
v 0.902880 -0.670097 -0.988605
v 0.901915 -0.691287 -0.977087
v 0.902721 -0.712886 -0.965277
v 0.904445 -0.734332 -0.953092
v 0.906877 -0.755338 -0.940334
v 0.909603 -0.775717 -0.926944
v 0.912363 -0.795317 -0.912822
v 0.914881 -0.814178 -0.898035
v 0.916864 -0.832249 -0.882551
v 0.918015 -0.849607 -0.866416
v 0.878260 -0.694250 -1.000000
v 0.877903 -0.710811 -0.988622
v 0.879383 -0.728330 -0.977155
v 0.882197 -0.746174 -0.965477
v 0.885662 -0.763867 -0.953527
v 0.889600 -0.781182 -0.941162
v 0.893694 -0.797974 -0.928343
v 0.897670 -0.814108 -0.915043
v 0.901244 -0.829606 -0.901373
v 0.904066 -0.844451 -0.887385
v 0.905710 -0.858891 -0.873196
v 0.847147 -0.736336 -1.000000
v 0.850149 -0.749652 -0.988699
v 0.854437 -0.763697 -0.977330
v 0.859568 -0.777924 -0.965798
v 0.865122 -0.792046 -0.954058
v 0.870933 -0.805885 -0.941998
v 0.876752 -0.819326 -0.929593
v 0.882300 -0.832199 -0.916898
v 0.887296 -0.844439 -0.904093
v 0.891339 -0.855998 -0.891358
v 0.893804 -0.867290 -0.878993
v 0.813025 -0.776016 -1.000000
v 0.819770 -0.786427 -0.988769
v 0.827051 -0.797107 -0.977478
v 0.834809 -0.807922 -0.966048
v 0.842796 -0.818708 -0.954438
v 0.850848 -0.829339 -0.942554
v 0.858767 -0.839719 -0.930376
v 0.866282 -0.849632 -0.918015
v 0.873148 -0.858901 -0.905710
v 0.878983 -0.867292 -0.893804
v 0.883110 -0.874812 -0.883110
v 0.997833 -1.000000 -0.352295
v 0.992144 -1.000000 -0.404323
v 0.982248 -1.000000 -0.455719
v 0.968832 -1.000000 -0.506306
v 0.951426 -1.000000 -0.555667
v 0.930586 -1.000000 -0.603673
v 0.906055 -1.000000 -0.649907
v 0.878260 -1.000000 -0.694250
v 0.847147 -1.000000 -0.736336
v 0.813025 -1.000000 -0.776016
v 1.000000 -0.997833 -0.352296
v 0.994512 -0.993179 -0.399625
v 0.987405 -0.990551 -0.446920
v 0.977327 -0.989268 -0.493825
v 0.964375 -0.988606 -0.540095
v 0.948054 -0.988407 -0.585303
v 0.928718 -0.988384 -0.629266
v 0.906098 -0.988454 -0.671576
v 0.880554 -0.988569 -0.712112
v 0.852000 -0.988688 -0.750505
v 0.820638 -0.988769 -0.786530
v 1.000000 -0.992144 -0.404323
v 0.992047 -0.984989 -0.446715
v 0.983324 -0.980470 -0.489298
v 0.972774 -0.978134 -0.531724
v 0.960104 -0.976947 -0.573678
v 0.944759 -0.976616 -0.614728
v 0.926847 -0.976617 -0.654642
v 0.906075 -0.976795 -0.693028
v 0.882734 -0.977052 -0.729768
v 0.856720 -0.977308 -0.764513
v 0.828183 -0.977478 -0.797049
v 1.000000 -0.982248 -0.455719
v 0.990538 -0.974203 -0.493284
v 0.980577 -0.968891 -0.531255
v 0.969434 -0.966051 -0.569274
v 0.956847 -0.964658 -0.606961
v 0.942244 -0.964358 -0.643885
v 0.925546 -0.964495 -0.679783
v 0.906452 -0.964868 -0.714289
v 0.885178 -0.965332 -0.747302
v 0.861613 -0.965768 -0.778516
v 0.835870 -0.966048 -0.807772
v 1.000000 -0.968832 -0.506306
v 0.989545 -0.960835 -0.539185
v 0.978760 -0.955559 -0.572667
v 0.967192 -0.952803 -0.606371
v 0.954628 -0.951568 -0.639851
v 0.940570 -0.951497 -0.672690
v 0.924879 -0.951917 -0.704610
v 0.907280 -0.952597 -0.735285
v 0.887918 -0.953351 -0.764645
v 0.866675 -0.954021 -0.792439
v 0.843619 -0.954438 -0.818556
v 1.000000 -0.951426 -0.555667
v 0.988997 -0.944392 -0.584067
v 0.977757 -0.939971 -0.613244
v 0.965955 -0.937921 -0.642766
v 0.953431 -0.937274 -0.672127
v 0.939804 -0.937718 -0.700940
v 0.924958 -0.938641 -0.728936
v 0.908669 -0.939801 -0.755844
v 0.891026 -0.940973 -0.781634
v 0.871915 -0.941959 -0.806120
v 0.851371 -0.942554 -0.829238
v 1.000000 -0.930586 -0.603673
v 0.988704 -0.925158 -0.627818
v 0.977236 -0.922185 -0.652887
v 0.965362 -0.921330 -0.678370
v 0.952965 -0.921661 -0.703709
v 0.939772 -0.922922 -0.728562
v 0.925697 -0.924593 -0.752694
v 0.910576 -0.926423 -0.775896
v 0.894467 -0.928158 -0.798185
v 0.877285 -0.929555 -0.819446
v 0.859050 -0.930376 -0.839664
v 1.000000 -0.906055 -0.649907
v 0.988605 -0.902880 -0.670097
v 0.977087 -0.901915 -0.691287
v 0.965277 -0.902721 -0.712886
v 0.953092 -0.904445 -0.734332
v 0.940334 -0.906877 -0.755338
v 0.926944 -0.909603 -0.775717
v 0.912822 -0.912363 -0.795317
v 0.898035 -0.914881 -0.814178
v 0.882551 -0.916864 -0.832249
v 0.866416 -0.918015 -0.849607
v 1.000000 -0.878260 -0.694250
v 0.988622 -0.877903 -0.710811
v 0.977155 -0.879383 -0.728330
v 0.965477 -0.882197 -0.746174
v 0.953527 -0.885662 -0.763867
v 0.941162 -0.889600 -0.781182
v 0.928343 -0.893694 -0.797974
v 0.915043 -0.897670 -0.814108
v 0.901373 -0.901244 -0.829606
v 0.887385 -0.904066 -0.844451
v 0.873196 -0.905710 -0.858891
v 1.000000 -0.847147 -0.736336
v 0.988699 -0.850149 -0.749652
v 0.977330 -0.854437 -0.763697
v 0.965798 -0.859568 -0.777924
v 0.954058 -0.865122 -0.792046
v 0.941998 -0.870933 -0.805885
v 0.929593 -0.876752 -0.819326
v 0.916898 -0.882300 -0.832199
v 0.904093 -0.887296 -0.844439
v 0.891358 -0.891339 -0.855998
v 0.878993 -0.893804 -0.867290
v 1.000000 -0.813025 -0.776016
v 0.988769 -0.819770 -0.786427
v 0.977478 -0.827051 -0.797107
v 0.966048 -0.834809 -0.807922
v 0.954438 -0.842796 -0.818708
v 0.942554 -0.850848 -0.829339
v 0.930376 -0.858767 -0.839719
v 0.918015 -0.866282 -0.849632
v 0.905710 -0.873148 -0.858901
v 0.893804 -0.878983 -0.867292
v 0.883110 -0.883110 -0.874812
v 1.000000 1.000000 0.300000
v 0.300000 1.000000 1.000000
v 1.000000 0.300000 1.000000
v 0.997833 1.000000 0.352295
v 0.992144 1.000000 0.404323
v 0.982248 1.000000 0.455719
v 0.968832 1.000000 0.506306
v 0.951426 1.000000 0.555667
v 0.930586 1.000000 0.603673
v 0.906055 1.000000 0.649907
v 0.878260 1.000000 0.694250
v 0.847147 1.000000 0.736336
v 0.813025 1.000000 0.776016
v 1.000000 0.997833 0.352296
v 0.994512 0.993179 0.399625
v 0.987405 0.990551 0.446920
v 0.977327 0.989268 0.493825
v 0.964375 0.988606 0.540095
v 0.948054 0.988407 0.585303
v 0.928718 0.988384 0.629266
v 0.906098 0.988454 0.671576
v 0.880554 0.988569 0.712112
v 0.852000 0.988688 0.750505
v 0.820638 0.988769 0.786530
v 1.000000 0.992144 0.404323
v 0.992047 0.984989 0.446715
v 0.983324 0.980470 0.489298
v 0.972774 0.978134 0.531724
v 0.960104 0.976947 0.573678
v 0.944759 0.976616 0.614728
v 0.926847 0.976617 0.654642
v 0.906075 0.976795 0.693028
v 0.882734 0.977052 0.729768
v 0.856720 0.977308 0.764513
v 0.828183 0.977478 0.797049
v 1.000000 0.982248 0.455719
v 0.990538 0.974203 0.493284
v 0.980577 0.968891 0.531255
v 0.969434 0.966051 0.569274
v 0.956847 0.964658 0.606961
v 0.942244 0.964358 0.643885
v 0.925546 0.964495 0.679783
v 0.906452 0.964868 0.714289
v 0.885178 0.965332 0.747302
v 0.861613 0.965768 0.778516
v 0.835870 0.966048 0.807772
v 1.000000 0.968832 0.506306
v 0.989545 0.960835 0.539185
v 0.978760 0.955559 0.572667
v 0.967192 0.952803 0.606371
v 0.954628 0.951568 0.639851
v 0.940570 0.951497 0.672690
v 0.924879 0.951917 0.704610
v 0.907280 0.952597 0.735285
v 0.887918 0.953351 0.764645
v 0.866675 0.954021 0.792439
v 0.843619 0.954438 0.818556
v 1.000000 0.951426 0.555667
v 0.988997 0.944392 0.584067
v 0.977757 0.939971 0.613244
v 0.965955 0.937921 0.642766
v 0.953431 0.937274 0.672127
v 0.939804 0.937718 0.700940
v 0.924958 0.938641 0.728936
v 0.908669 0.939801 0.755844
v 0.891026 0.940973 0.781634
v 0.871915 0.941959 0.806120
v 0.851371 0.942554 0.829238
v 1.000000 0.930586 0.603673
v 0.988704 0.925158 0.627818
v 0.977236 0.922185 0.652887
v 0.965362 0.921330 0.678370
v 0.952965 0.921661 0.703709
v 0.939772 0.922922 0.728562
v 0.925697 0.924593 0.752694
v 0.910576 0.926423 0.775896
v 0.894467 0.928158 0.798185
v 0.877285 0.929555 0.819446
v 0.859050 0.930376 0.839664
v 1.000000 0.906055 0.649907
v 0.988605 0.902880 0.670097
v 0.977087 0.901915 0.691287
v 0.965277 0.902721 0.712886
v 0.953092 0.904445 0.734332
v 0.940334 0.906877 0.755338
v 0.926944 0.909603 0.775717
v 0.912822 0.912363 0.795317
v 0.898035 0.914881 0.814178
v 0.882551 0.916864 0.832249
v 0.866416 0.918015 0.849607
v 1.000000 0.878260 0.694250
v 0.988622 0.877903 0.710811
v 0.977155 0.879383 0.728330
v 0.965477 0.882197 0.746174
v 0.953527 0.885662 0.763867
v 0.941162 0.889600 0.781182
v 0.928343 0.893694 0.797974
v 0.915043 0.897670 0.814108
v 0.901373 0.901244 0.829606
v 0.887385 0.904066 0.844451
v 0.873196 0.905710 0.858891
v 1.000000 0.847147 0.736336
v 0.988699 0.850149 0.749652
v 0.977330 0.854437 0.763697
v 0.965798 0.859568 0.777924
v 0.954058 0.865122 0.792046
v 0.941998 0.870933 0.805885
v 0.929593 0.876752 0.819326
v 0.916898 0.882300 0.832199
v 0.904093 0.887296 0.844439
v 0.891358 0.891339 0.855998
v 0.878993 0.893804 0.867290
v 1.000000 0.813025 0.776016
v 0.988769 0.819770 0.786427
v 0.977478 0.827051 0.797107
v 0.966048 0.834809 0.807922
v 0.954438 0.842796 0.818708
v 0.942554 0.850848 0.829339
v 0.930376 0.858767 0.839719
v 0.918015 0.866282 0.849632
v 0.905710 0.873148 0.858901
v 0.893804 0.878983 0.867292
v 0.883110 0.883110 0.874812
v 0.352295 0.997833 1.000000
v 0.404323 0.992144 1.000000
v 0.455719 0.982248 1.000000
v 0.506306 0.968832 1.000000
v 0.555667 0.951426 1.000000
v 0.603673 0.930586 1.000000
v 0.649907 0.906055 1.000000
v 0.694250 0.878260 1.000000
v 0.736336 0.847147 1.000000
v 0.776016 0.813025 1.000000
v 0.352296 1.000000 0.997833
v 0.399625 0.994512 0.993179
v 0.446920 0.987405 0.990551
v 0.493825 0.977327 0.989268
v 0.540095 0.964375 0.988606
v 0.585303 0.948054 0.988407
v 0.629266 0.928718 0.988384
v 0.671576 0.906098 0.988454
v 0.712112 0.880554 0.988569
v 0.750505 0.852000 0.988688
v 0.786530 0.820638 0.988769
v 0.404323 1.000000 0.992144
v 0.446715 0.992047 0.984989
v 0.489298 0.983324 0.980470
v 0.531724 0.972774 0.978134
v 0.573678 0.960104 0.976947
v 0.614728 0.944759 0.976616
v 0.654642 0.926847 0.976617
v 0.693028 0.906075 0.976795
v 0.729768 0.882734 0.977052
v 0.764513 0.856720 0.977308
v 0.797049 0.828183 0.977478
v 0.455719 1.000000 0.982248
v 0.493284 0.990538 0.974203
v 0.531255 0.980577 0.968891
v 0.569274 0.969434 0.966051
v 0.606961 0.956847 0.964658
v 0.643885 0.942244 0.964358
v 0.679783 0.925546 0.964495
v 0.714289 0.906452 0.964868
v 0.747302 0.885178 0.965332
v 0.778516 0.861613 0.965768
v 0.807772 0.835870 0.966048
v 0.506306 1.000000 0.968832
v 0.539185 0.989545 0.960835
v 0.572667 0.978760 0.955559
v 0.606371 0.967192 0.952803
v 0.639851 0.954628 0.951568
v 0.672690 0.940570 0.951497
v 0.704610 0.924879 0.951917
v 0.735285 0.907280 0.952597
v 0.764645 0.887918 0.953351
v 0.792439 0.866675 0.954021
v 0.818556 0.843619 0.954438
v 0.555667 1.000000 0.951426
v 0.584067 0.988997 0.944392
v 0.613244 0.977757 0.939971
v 0.642766 0.965955 0.937921
v 0.672127 0.953431 0.937274
v 0.700940 0.939804 0.937718
v 0.728936 0.924958 0.938641
v 0.755844 0.908669 0.939801
v 0.781634 0.891026 0.940973
v 0.806120 0.871915 0.941959
v 0.829238 0.851371 0.942554
v 0.603673 1.000000 0.930586
v 0.627818 0.988704 0.925158
v 0.652887 0.977236 0.922185
v 0.678370 0.965362 0.921330
v 0.703709 0.952965 0.921661
v 0.728562 0.939772 0.922922
v 0.752694 0.925697 0.924593
v 0.775896 0.910576 0.926423
v 0.798185 0.894467 0.928158
v 0.819446 0.877285 0.929555
v 0.839664 0.859050 0.930376
v 0.649907 1.000000 0.906055
v 0.670097 0.988605 0.902880
v 0.691287 0.977087 0.901915
v 0.712886 0.965277 0.902721
v 0.734332 0.953092 0.904445
v 0.755338 0.940334 0.906877
v 0.775717 0.926944 0.909603
v 0.795317 0.912822 0.912363
v 0.814178 0.898035 0.914881
v 0.832249 0.882551 0.916864
v 0.849607 0.866416 0.918015
v 0.694250 1.000000 0.878260
v 0.710811 0.988622 0.877903
v 0.728330 0.977155 0.879383
v 0.746174 0.965477 0.882197
v 0.763867 0.953527 0.885662
v 0.781182 0.941162 0.889600
v 0.797974 0.928343 0.893694
v 0.814108 0.915043 0.897670
v 0.829606 0.901373 0.901244
v 0.844451 0.887385 0.904066
v 0.858891 0.873196 0.905710
v 0.736336 1.000000 0.847147
v 0.749652 0.988699 0.850149
v 0.763697 0.977330 0.854437
v 0.777924 0.965798 0.859568
v 0.792046 0.954058 0.865122
v 0.805885 0.941998 0.870933
v 0.819326 0.929593 0.876752
v 0.832199 0.916898 0.882300
v 0.844439 0.904093 0.887296
v 0.855998 0.891358 0.891339
v 0.867290 0.878993 0.893804
v 0.776016 1.000000 0.813025
v 0.786427 0.988769 0.819770
v 0.797107 0.977478 0.827051
v 0.807922 0.966048 0.834809
v 0.818708 0.954438 0.842796
v 0.829339 0.942554 0.850848
v 0.839719 0.930376 0.858767
v 0.849632 0.918015 0.866282
v 0.858901 0.905710 0.873148
v 0.867292 0.893804 0.878983
v 0.874812 0.883110 0.883110
v 1.000000 0.352295 0.997833
v 1.000000 0.404323 0.992144
v 1.000000 0.455719 0.982248
v 1.000000 0.506306 0.968832
v 1.000000 0.555667 0.951426
v 1.000000 0.603673 0.930586
v 1.000000 0.649907 0.906055
v 1.000000 0.694250 0.878260
v 1.000000 0.736336 0.847147
v 1.000000 0.776016 0.813025
v 0.997833 0.352296 1.000000
v 0.993179 0.399625 0.994512
v 0.990551 0.446920 0.987405
v 0.989268 0.493825 0.977327
v 0.988606 0.540095 0.964375
v 0.988407 0.585303 0.948054
v 0.988384 0.629266 0.928718
v 0.988454 0.671576 0.906098
v 0.988569 0.712112 0.880554
v 0.988688 0.750505 0.852000
v 0.988769 0.786530 0.820638
v 0.992144 0.404323 1.000000
v 0.984989 0.446715 0.992047
v 0.980470 0.489298 0.983324
v 0.978134 0.531724 0.972774
v 0.976947 0.573678 0.960104
v 0.976616 0.614728 0.944759
v 0.976617 0.654642 0.926847
v 0.976795 0.693028 0.906075
v 0.977052 0.729768 0.882734
v 0.977308 0.764513 0.856720
v 0.977478 0.797049 0.828183
v 0.982248 0.455719 1.000000
v 0.974203 0.493284 0.990538
v 0.968891 0.531255 0.980577
v 0.966051 0.569274 0.969434
v 0.964658 0.606961 0.956847
v 0.964358 0.643885 0.942244
v 0.964495 0.679783 0.925546
v 0.964868 0.714289 0.906452
v 0.965332 0.747302 0.885178
v 0.965768 0.778516 0.861613
v 0.966048 0.807772 0.835870
v 0.968832 0.506306 1.000000
v 0.960835 0.539185 0.989545
v 0.955559 0.572667 0.978760
v 0.952803 0.606371 0.967192
v 0.951568 0.639851 0.954628
v 0.951497 0.672690 0.940570
v 0.951917 0.704610 0.924879
v 0.952597 0.735285 0.907280
v 0.953351 0.764645 0.887918
v 0.954021 0.792439 0.866675
v 0.954438 0.818556 0.843619
v 0.951426 0.555667 1.000000
v 0.944392 0.584067 0.988997
v 0.939971 0.613244 0.977757
v 0.937921 0.642766 0.965955
v 0.937274 0.672127 0.953431
v 0.937718 0.700940 0.939804
v 0.938641 0.728936 0.924958
v 0.939801 0.755844 0.908669
v 0.940973 0.781634 0.891026
v 0.941959 0.806120 0.871915
v 0.942554 0.829238 0.851371
v 0.930586 0.603673 1.000000
v 0.925158 0.627818 0.988704
v 0.922185 0.652887 0.977236
v 0.921330 0.678370 0.965362
v 0.921661 0.703709 0.952965
v 0.922922 0.728562 0.939772
v 0.924593 0.752694 0.925697
v 0.926423 0.775896 0.910576
v 0.928158 0.798185 0.894467
v 0.929555 0.819446 0.877285
v 0.930376 0.839664 0.859050
v 0.906055 0.649907 1.000000
v 0.902880 0.670097 0.988605
v 0.901915 0.691287 0.977087
v 0.902721 0.712886 0.965277
v 0.904445 0.734332 0.953092
v 0.906877 0.755338 0.940334
v 0.909603 0.775717 0.926944
v 0.912363 0.795317 0.912822
v 0.914881 0.814178 0.898035
v 0.916864 0.832249 0.882551
v 0.918015 0.849607 0.866416
v 0.878260 0.694250 1.000000
v 0.877903 0.710811 0.988622
v 0.879383 0.728330 0.977155
v 0.882197 0.746174 0.965477
v 0.885662 0.763867 0.953527
v 0.889600 0.781182 0.941162
v 0.893694 0.797974 0.928343
v 0.897670 0.814108 0.915043
v 0.901244 0.829606 0.901373
v 0.904066 0.844451 0.887385
v 0.905710 0.858891 0.873196
v 0.847147 0.736336 1.000000
v 0.850149 0.749652 0.988699
v 0.854437 0.763697 0.977330
v 0.859568 0.777924 0.965798
v 0.865122 0.792046 0.954058
v 0.870933 0.805885 0.941998
v 0.876752 0.819326 0.929593
v 0.882300 0.832199 0.916898
v 0.887296 0.844439 0.904093
v 0.891339 0.855998 0.891358
v 0.893804 0.867290 0.878993
v 0.813025 0.776016 1.000000
v 0.819770 0.786427 0.988769
v 0.827051 0.797107 0.977478
v 0.834809 0.807922 0.966048
v 0.842796 0.818708 0.954438
v 0.850848 0.829339 0.942554
v 0.858767 0.839719 0.930376
v 0.866282 0.849632 0.918015
v 0.873148 0.858901 0.905710
v 0.878983 0.867292 0.893804
v 0.883110 0.874812 0.883110
v 1.000000 -0.300000 1.000000
v 0.300000 -1.000000 1.000000
v 1.000000 -1.000000 0.300000
v 0.997833 -0.352295 1.000000
v 0.992144 -0.404323 1.000000
v 0.982248 -0.455719 1.000000
v 0.968832 -0.506306 1.000000
v 0.951426 -0.555667 1.000000
v 0.930586 -0.603673 1.000000
v 0.906055 -0.649907 1.000000
v 0.878260 -0.694250 1.000000
v 0.847147 -0.736336 1.000000
v 0.813025 -0.776016 1.000000
v 1.000000 -0.352296 0.997833
v 0.994512 -0.399625 0.993179
v 0.987405 -0.446920 0.990551
v 0.977327 -0.493825 0.989268
v 0.964375 -0.540095 0.988606
v 0.948054 -0.585303 0.988407
v 0.928718 -0.629266 0.988384
v 0.906098 -0.671576 0.988454
v 0.880554 -0.712112 0.988569
v 0.852000 -0.750505 0.988688
v 0.820638 -0.786530 0.988769
v 1.000000 -0.404323 0.992144
v 0.992047 -0.446715 0.984989
v 0.983324 -0.489298 0.980470
v 0.972774 -0.531724 0.978134
v 0.960104 -0.573678 0.976947
v 0.944759 -0.614728 0.976616
v 0.926847 -0.654642 0.976617
v 0.906075 -0.693028 0.976795
v 0.882734 -0.729768 0.977052
v 0.856720 -0.764513 0.977308
v 0.828183 -0.797049 0.977478
v 1.000000 -0.455719 0.982248
v 0.990538 -0.493284 0.974203
v 0.980577 -0.531255 0.968891
v 0.969434 -0.569274 0.966051
v 0.956847 -0.606961 0.964658
v 0.942244 -0.643885 0.964358
v 0.925546 -0.679783 0.964495
v 0.906452 -0.714289 0.964868
v 0.885178 -0.747302 0.965332
v 0.861613 -0.778516 0.965768
v 0.835870 -0.807772 0.966048
v 1.000000 -0.506306 0.968832
v 0.989545 -0.539185 0.960835
v 0.978760 -0.572667 0.955559
v 0.967192 -0.606371 0.952803
v 0.954628 -0.639851 0.951568
v 0.940570 -0.672690 0.951497
v 0.924879 -0.704610 0.951917
v 0.907280 -0.735285 0.952597
v 0.887918 -0.764645 0.953351
v 0.866675 -0.792439 0.954021
v 0.843619 -0.818556 0.954438
v 1.000000 -0.555667 0.951426
v 0.988997 -0.584067 0.944392
v 0.977757 -0.613244 0.939971
v 0.965955 -0.642766 0.937921
v 0.953431 -0.672127 0.937274
v 0.939804 -0.700940 0.937718
v 0.924958 -0.728936 0.938641
v 0.908669 -0.755844 0.939801
v 0.891026 -0.781634 0.940973
v 0.871915 -0.806120 0.941959
v 0.851371 -0.829238 0.942554
v 1.000000 -0.603673 0.930586
v 0.988704 -0.627818 0.925158
v 0.977236 -0.652887 0.922185
v 0.965362 -0.678370 0.921330
v 0.952965 -0.703709 0.921661
v 0.939772 -0.728562 0.922922
v 0.925697 -0.752694 0.924593
v 0.910576 -0.775896 0.926423
v 0.894467 -0.798185 0.928158
v 0.877285 -0.819446 0.929555
v 0.859050 -0.839664 0.930376
v 1.000000 -0.649907 0.906055
v 0.988605 -0.670097 0.902880
v 0.977087 -0.691287 0.901915
v 0.965277 -0.712886 0.902721
v 0.953092 -0.734332 0.904445
v 0.940334 -0.755338 0.906877
v 0.926944 -0.775717 0.909603
v 0.912822 -0.795317 0.912363
v 0.898035 -0.814178 0.914881
v 0.882551 -0.832249 0.916864
v 0.866416 -0.849607 0.918015
v 1.000000 -0.694250 0.878260
v 0.988622 -0.710811 0.877903
v 0.977155 -0.728330 0.879383
v 0.965477 -0.746174 0.882197
v 0.953527 -0.763867 0.885662
v 0.941162 -0.781182 0.889600
v 0.928343 -0.797974 0.893694
v 0.915043 -0.814108 0.897670
v 0.901373 -0.829606 0.901244
v 0.887385 -0.844451 0.904066
v 0.873196 -0.858891 0.905710
v 1.000000 -0.736336 0.847147
v 0.988699 -0.749652 0.850149
v 0.977330 -0.763697 0.854437
v 0.965798 -0.777924 0.859568
v 0.954058 -0.792046 0.865122
v 0.941998 -0.805885 0.870933
v 0.929593 -0.819326 0.876752
v 0.916898 -0.832199 0.882300
v 0.904093 -0.844439 0.887296
v 0.891358 -0.855998 0.891339
v 0.878993 -0.867290 0.893804
v 1.000000 -0.776016 0.813025
v 0.988769 -0.786427 0.819770
v 0.977478 -0.797107 0.827051
v 0.966048 -0.807922 0.834809
v 0.954438 -0.818708 0.842796
v 0.942554 -0.829339 0.850848
v 0.930376 -0.839719 0.858767
v 0.918015 -0.849632 0.866282
v 0.905710 -0.858901 0.873148
v 0.893804 -0.867292 0.878983
v 0.883110 -0.874812 0.883110
v 0.352295 -1.000000 0.997833
v 0.404323 -1.000000 0.992144
v 0.455719 -1.000000 0.982248
v 0.506306 -1.000000 0.968832
v 0.555667 -1.000000 0.951426
v 0.603673 -1.000000 0.930586
v 0.649907 -1.000000 0.906055
v 0.694250 -1.000000 0.878260
v 0.736336 -1.000000 0.847147
v 0.776016 -1.000000 0.813025
v 0.352296 -0.997833 1.000000
v 0.399625 -0.993179 0.994512
v 0.446920 -0.990551 0.987405
v 0.493825 -0.989268 0.977327
v 0.540095 -0.988606 0.964375
v 0.585303 -0.988407 0.948054
v 0.629266 -0.988384 0.928718
v 0.671576 -0.988454 0.906098
v 0.712112 -0.988569 0.880554
v 0.750505 -0.988688 0.852000
v 0.786530 -0.988769 0.820638
v 0.404323 -0.992144 1.000000
v 0.446715 -0.984989 0.992047
v 0.489298 -0.980470 0.983324
v 0.531724 -0.978134 0.972774
v 0.573678 -0.976947 0.960104
v 0.614728 -0.976616 0.944759
v 0.654642 -0.976617 0.926847
v 0.693028 -0.976795 0.906075
v 0.729768 -0.977052 0.882734
v 0.764513 -0.977308 0.856720
v 0.797049 -0.977478 0.828183
v 0.455719 -0.982248 1.000000
v 0.493284 -0.974203 0.990538
v 0.531255 -0.968891 0.980577
v 0.569274 -0.966051 0.969434
v 0.606961 -0.964658 0.956847
v 0.643885 -0.964358 0.942244
v 0.679783 -0.964495 0.925546
v 0.714289 -0.964868 0.906452
v 0.747302 -0.965332 0.885178
v 0.778516 -0.965768 0.861613
v 0.807772 -0.966048 0.835870
v 0.506306 -0.968832 1.000000
v 0.539185 -0.960835 0.989545
v 0.572667 -0.955559 0.978760
v 0.606371 -0.952803 0.967192
v 0.639851 -0.951568 0.954628
v 0.672690 -0.951497 0.940570
v 0.704610 -0.951917 0.924879
v 0.735285 -0.952597 0.907280
v 0.764645 -0.953351 0.887918
v 0.792439 -0.954021 0.866675
v 0.818556 -0.954438 0.843619
v 0.555667 -0.951426 1.000000
v 0.584067 -0.944392 0.988997
v 0.613244 -0.939971 0.977757
v 0.642766 -0.937921 0.965955
v 0.672127 -0.937274 0.953431
v 0.700940 -0.937718 0.939804
v 0.728936 -0.938641 0.924958
v 0.755844 -0.939801 0.908669
v 0.781634 -0.940973 0.891026
v 0.806120 -0.941959 0.871915
v 0.829238 -0.942554 0.851371
v 0.603673 -0.930586 1.000000
v 0.627818 -0.925158 0.988704
v 0.652887 -0.922185 0.977236
v 0.678370 -0.921330 0.965362
v 0.703709 -0.921661 0.952965
v 0.728562 -0.922922 0.939772
v 0.752694 -0.924593 0.925697
v 0.775896 -0.926423 0.910576
v 0.798185 -0.928158 0.894467
v 0.819446 -0.929555 0.877285
v 0.839664 -0.930376 0.859050
v 0.649907 -0.906055 1.000000
v 0.670097 -0.902880 0.988605
v 0.691287 -0.901915 0.977087
v 0.712886 -0.902721 0.965277
v 0.734332 -0.904445 0.953092
v 0.755338 -0.906877 0.940334
v 0.775717 -0.909603 0.926944
v 0.795317 -0.912363 0.912822
v 0.814178 -0.914881 0.898035
v 0.832249 -0.916864 0.882551
v 0.849607 -0.918015 0.866416
v 0.694250 -0.878260 1.000000
v 0.710811 -0.877903 0.988622
v 0.728330 -0.879383 0.977155
v 0.746174 -0.882197 0.965477
v 0.763867 -0.885662 0.953527
v 0.781182 -0.889600 0.941162
v 0.797974 -0.893694 0.928343
v 0.814108 -0.897670 0.915043
v 0.829606 -0.901244 0.901373
v 0.844451 -0.904066 0.887385
v 0.858891 -0.905710 0.873196
v 0.736336 -0.847147 1.000000
v 0.749652 -0.850149 0.988699
v 0.763697 -0.854437 0.977330
v 0.777924 -0.859568 0.965798
v 0.792046 -0.865122 0.954058
v 0.805885 -0.870933 0.941998
v 0.819326 -0.876752 0.929593
v 0.832199 -0.882300 0.916898
v 0.844439 -0.887296 0.904093
v 0.855998 -0.891339 0.891358
v 0.867290 -0.893804 0.878993
v 0.776016 -0.813025 1.000000
v 0.786427 -0.819770 0.988769
v 0.797107 -0.827051 0.977478
v 0.807922 -0.834809 0.966048
v 0.818708 -0.842796 0.954438
v 0.829339 -0.850848 0.942554
v 0.839719 -0.858767 0.930376
v 0.849632 -0.866282 0.918015
v 0.858901 -0.873148 0.905710
v 0.867292 -0.878983 0.893804
v 0.874812 -0.883110 0.883110
v 1.000000 -0.997833 0.352295
v 1.000000 -0.992144 0.404323
v 1.000000 -0.982248 0.455719
v 1.000000 -0.968832 0.506306
v 1.000000 -0.951426 0.555667
v 1.000000 -0.930586 0.603673
v 1.000000 -0.906055 0.649907
v 1.000000 -0.878260 0.694250
v 1.000000 -0.847147 0.736336
v 1.000000 -0.813025 0.776016
v 0.997833 -1.000000 0.352296
v 0.993179 -0.994512 0.399625
v 0.990551 -0.987405 0.446920
v 0.989268 -0.977327 0.493825
v 0.988606 -0.964375 0.540095
v 0.988407 -0.948054 0.585303
v 0.988384 -0.928718 0.629266
v 0.988454 -0.906098 0.671576
v 0.988569 -0.880554 0.712112
v 0.988688 -0.852000 0.750505
v 0.988769 -0.820638 0.786530
v 0.992144 -1.000000 0.404323
v 0.984989 -0.992047 0.446715
v 0.980470 -0.983324 0.489298
v 0.978134 -0.972774 0.531724
v 0.976947 -0.960104 0.573678
v 0.976616 -0.944759 0.614728
v 0.976617 -0.926847 0.654642
v 0.976795 -0.906075 0.693028
v 0.977052 -0.882734 0.729768
v 0.977308 -0.856720 0.764513
v 0.977478 -0.828183 0.797049
v 0.982248 -1.000000 0.455719
v 0.974203 -0.990538 0.493284
v 0.968891 -0.980577 0.531255
v 0.966051 -0.969434 0.569274
v 0.964658 -0.956847 0.606961
v 0.964358 -0.942244 0.643885
v 0.964495 -0.925546 0.679783
v 0.964868 -0.906452 0.714289
v 0.965332 -0.885178 0.747302
v 0.965768 -0.861613 0.778516
v 0.966048 -0.835870 0.807772
v 0.968832 -1.000000 0.506306
v 0.960835 -0.989545 0.539185
v 0.955559 -0.978760 0.572667
v 0.952803 -0.967192 0.606371
v 0.951568 -0.954628 0.639851
v 0.951497 -0.940570 0.672690
v 0.951917 -0.924879 0.704610
v 0.952597 -0.907280 0.735285
v 0.953351 -0.887918 0.764645
v 0.954021 -0.866675 0.792439
v 0.954438 -0.843619 0.818556
v 0.951426 -1.000000 0.555667
v 0.944392 -0.988997 0.584067
v 0.939971 -0.977757 0.613244
v 0.937921 -0.965955 0.642766
v 0.937274 -0.953431 0.672127
v 0.937718 -0.939804 0.700940
v 0.938641 -0.924958 0.728936
v 0.939801 -0.908669 0.755844
v 0.940973 -0.891026 0.781634
v 0.941959 -0.871915 0.806120
v 0.942554 -0.851371 0.829238
v 0.930586 -1.000000 0.603673
v 0.925158 -0.988704 0.627818
v 0.922185 -0.977236 0.652887
v 0.921330 -0.965362 0.678370
v 0.921661 -0.952965 0.703709
v 0.922922 -0.939772 0.728562
v 0.924593 -0.925697 0.752694
v 0.926423 -0.910576 0.775896
v 0.928158 -0.894467 0.798185
v 0.929555 -0.877285 0.819446
v 0.930376 -0.859050 0.839664
v 0.906055 -1.000000 0.649907
v 0.902880 -0.988605 0.670097
v 0.901915 -0.977087 0.691287
v 0.902721 -0.965277 0.712886
v 0.904445 -0.953092 0.734332
v 0.906877 -0.940334 0.755338
v 0.909603 -0.926944 0.775717
v 0.912363 -0.912822 0.795317
v 0.914881 -0.898035 0.814178
v 0.916864 -0.882551 0.832249
v 0.918015 -0.866416 0.849607
v 0.878260 -1.000000 0.694250
v 0.877903 -0.988622 0.710811
v 0.879383 -0.977155 0.728330
v 0.882197 -0.965477 0.746174
v 0.885662 -0.953527 0.763867
v 0.889600 -0.941162 0.781182
v 0.893694 -0.928343 0.797974
v 0.897670 -0.915043 0.814108
v 0.901244 -0.901373 0.829606
v 0.904066 -0.887385 0.844451
v 0.905710 -0.873196 0.858891
v 0.847147 -1.000000 0.736336
v 0.850149 -0.988699 0.749652
v 0.854437 -0.977330 0.763697
v 0.859568 -0.965798 0.777924
v 0.865122 -0.954058 0.792046
v 0.870933 -0.941998 0.805885
v 0.876752 -0.929593 0.819326
v 0.882300 -0.916898 0.832199
v 0.887296 -0.904093 0.844439
v 0.891339 -0.891358 0.855998
v 0.893804 -0.878993 0.867290
v 0.813025 -1.000000 0.776016
v 0.819770 -0.988769 0.786427
v 0.827051 -0.977478 0.797107
v 0.834809 -0.966048 0.807922
v 0.842796 -0.954438 0.818708
v 0.850848 -0.942554 0.829339
v 0.858767 -0.930376 0.839719
v 0.866282 -0.918015 0.849632
v 0.873148 -0.905710 0.858901
v 0.878983 -0.893804 0.867292
v 0.883110 -0.883110 0.874812
v -1.000000 0.300000 -1.000000
v -1.000000 1.000000 -0.300000
v -0.300000 1.000000 -1.000000
v -1.000000 0.352295 -0.997833
v -1.000000 0.404323 -0.992144
v -1.000000 0.455719 -0.982248
v -1.000000 0.506306 -0.968832
v -1.000000 0.555667 -0.951426
v -1.000000 0.603673 -0.930586
v -1.000000 0.649907 -0.906055
v -1.000000 0.694250 -0.878260
v -1.000000 0.736336 -0.847147
v -1.000000 0.776016 -0.813025
v -0.997833 0.352296 -1.000000
v -0.993179 0.399625 -0.994512
v -0.990551 0.446920 -0.987405
v -0.989268 0.493825 -0.977327
v -0.988606 0.540095 -0.964375
v -0.988407 0.585303 -0.948054
v -0.988384 0.629266 -0.928718
v -0.988454 0.671576 -0.906098
v -0.988569 0.712112 -0.880554
v -0.988688 0.750505 -0.852000
v -0.988769 0.786530 -0.820638
v -0.992144 0.404323 -1.000000
v -0.984989 0.446715 -0.992047
v -0.980470 0.489298 -0.983324
v -0.978134 0.531724 -0.972774
v -0.976947 0.573678 -0.960104
v -0.976616 0.614728 -0.944759
v -0.976617 0.654642 -0.926847
v -0.976795 0.693028 -0.906075
v -0.977052 0.729768 -0.882734
v -0.977308 0.764513 -0.856720
v -0.977478 0.797049 -0.828183
v -0.982248 0.455719 -1.000000
v -0.974203 0.493284 -0.990538
v -0.968891 0.531255 -0.980577
v -0.966051 0.569274 -0.969434
v -0.964658 0.606961 -0.956847
v -0.964358 0.643885 -0.942244
v -0.964495 0.679783 -0.925546
v -0.964868 0.714289 -0.906452
v -0.965332 0.747302 -0.885178
v -0.965768 0.778516 -0.861613
v -0.966048 0.807772 -0.835870
v -0.968832 0.506306 -1.000000
v -0.960835 0.539185 -0.989545
v -0.955559 0.572667 -0.978760
v -0.952803 0.606371 -0.967192
v -0.951568 0.639851 -0.954628
v -0.951497 0.672690 -0.940570
v -0.951917 0.704610 -0.924879
v -0.952597 0.735285 -0.907280
v -0.953351 0.764645 -0.887918
v -0.954021 0.792439 -0.866675
v -0.954438 0.818556 -0.843619
v -0.951426 0.555667 -1.000000
v -0.944392 0.584067 -0.988997
v -0.939971 0.613244 -0.977757
v -0.937921 0.642766 -0.965955
v -0.937274 0.672127 -0.953431
v -0.937718 0.700940 -0.939804
v -0.938641 0.728936 -0.924958
v -0.939801 0.755844 -0.908669
v -0.940973 0.781634 -0.891026
v -0.941959 0.806120 -0.871915
v -0.942554 0.829238 -0.851371
v -0.930586 0.603673 -1.000000
v -0.925158 0.627818 -0.988704
v -0.922185 0.652887 -0.977236
v -0.921330 0.678370 -0.965362
v -0.921661 0.703709 -0.952965
v -0.922922 0.728562 -0.939772
v -0.924593 0.752694 -0.925697
v -0.926423 0.775896 -0.910576
v -0.928158 0.798185 -0.894467
v -0.929555 0.819446 -0.877285
v -0.930376 0.839664 -0.859050
v -0.906055 0.649907 -1.000000
v -0.902880 0.670097 -0.988605
v -0.901915 0.691287 -0.977087
v -0.902721 0.712886 -0.965277
v -0.904445 0.734332 -0.953092
v -0.906877 0.755338 -0.940334
v -0.909603 0.775717 -0.926944
v -0.912363 0.795317 -0.912822
v -0.914881 0.814178 -0.898035
v -0.916864 0.832249 -0.882551
v -0.918015 0.849607 -0.866416
v -0.878260 0.694250 -1.000000
v -0.877903 0.710811 -0.988622
v -0.879383 0.728330 -0.977155
v -0.882197 0.746174 -0.965477
v -0.885662 0.763867 -0.953527
v -0.889600 0.781182 -0.941162
v -0.893694 0.797974 -0.928343
v -0.897670 0.814108 -0.915043
v -0.901244 0.829606 -0.901373
v -0.904066 0.844451 -0.887385
v -0.905710 0.858891 -0.873196
v -0.847147 0.736336 -1.000000
v -0.850149 0.749652 -0.988699
v -0.854437 0.763697 -0.977330
v -0.859568 0.777924 -0.965798
v -0.865122 0.792046 -0.954058
v -0.870933 0.805885 -0.941998
v -0.876752 0.819326 -0.929593
v -0.882300 0.832199 -0.916898
v -0.887296 0.844439 -0.904093
v -0.891339 0.855998 -0.891358
v -0.893804 0.867290 -0.878993
v -0.813025 0.776016 -1.000000
v -0.819770 0.786427 -0.988769
v -0.827051 0.797107 -0.977478
v -0.834809 0.807922 -0.966048
v -0.842796 0.818708 -0.954438
v -0.850848 0.829339 -0.942554
v -0.858767 0.839719 -0.930376
v -0.866282 0.849632 -0.918015
v -0.873148 0.858901 -0.905710
v -0.878983 0.867292 -0.893804
v -0.883110 0.874812 -0.883110
v -0.997833 1.000000 -0.352295
v -0.992144 1.000000 -0.404323
v -0.982248 1.000000 -0.455719
v -0.968832 1.000000 -0.506306
v -0.951426 1.000000 -0.555667
v -0.930586 1.000000 -0.603673
v -0.906055 1.000000 -0.649907
v -0.878260 1.000000 -0.694250
v -0.847147 1.000000 -0.736336
v -0.813025 1.000000 -0.776016
v -1.000000 0.997833 -0.352296
v -0.994512 0.993179 -0.399625
v -0.987405 0.990551 -0.446920
v -0.977327 0.989268 -0.493825
v -0.964375 0.988606 -0.540095
v -0.948054 0.988407 -0.585303
v -0.928718 0.988384 -0.629266
v -0.906098 0.988454 -0.671576
v -0.880554 0.988569 -0.712112
v -0.852000 0.988688 -0.750505
v -0.820638 0.988769 -0.786530
v -1.000000 0.992144 -0.404323
v -0.992047 0.984989 -0.446715
v -0.983324 0.980470 -0.489298
v -0.972774 0.978134 -0.531724
v -0.960104 0.976947 -0.573678
v -0.944759 0.976616 -0.614728
v -0.926847 0.976617 -0.654642
v -0.906075 0.976795 -0.693028
v -0.882734 0.977052 -0.729768
v -0.856720 0.977308 -0.764513
v -0.828183 0.977478 -0.797049
v -1.000000 0.982248 -0.455719
v -0.990538 0.974203 -0.493284
v -0.980577 0.968891 -0.531255
v -0.969434 0.966051 -0.569274
v -0.956847 0.964658 -0.606961
v -0.942244 0.964358 -0.643885
v -0.925546 0.964495 -0.679783
v -0.906452 0.964868 -0.714289
v -0.885178 0.965332 -0.747302
v -0.861613 0.965768 -0.778516
v -0.835870 0.966048 -0.807772
v -1.000000 0.968832 -0.506306
v -0.989545 0.960835 -0.539185
v -0.978760 0.955559 -0.572667
v -0.967192 0.952803 -0.606371
v -0.954628 0.951568 -0.639851
v -0.940570 0.951497 -0.672690
v -0.924879 0.951917 -0.704610
v -0.907280 0.952597 -0.735285
v -0.887918 0.953351 -0.764645
v -0.866675 0.954021 -0.792439
v -0.843619 0.954438 -0.818556
v -1.000000 0.951426 -0.555667
v -0.988997 0.944392 -0.584067
v -0.977757 0.939971 -0.613244
v -0.965955 0.937921 -0.642766
v -0.953431 0.937274 -0.672127
v -0.939804 0.937718 -0.700940
v -0.924958 0.938641 -0.728936
v -0.908669 0.939801 -0.755844
v -0.891026 0.940973 -0.781634
v -0.871915 0.941959 -0.806120
v -0.851371 0.942554 -0.829238
v -1.000000 0.930586 -0.603673
v -0.988704 0.925158 -0.627818
v -0.977236 0.922185 -0.652887
v -0.965362 0.921330 -0.678370
v -0.952965 0.921661 -0.703709
v -0.939772 0.922922 -0.728562
v -0.925697 0.924593 -0.752694
v -0.910576 0.926423 -0.775896
v -0.894467 0.928158 -0.798185
v -0.877285 0.929555 -0.819446
v -0.859050 0.930376 -0.839664
v -1.000000 0.906055 -0.649907
v -0.988605 0.902880 -0.670097
v -0.977087 0.901915 -0.691287
v -0.965277 0.902721 -0.712886
v -0.953092 0.904445 -0.734332
v -0.940334 0.906877 -0.755338
v -0.926944 0.909603 -0.775717
v -0.912822 0.912363 -0.795317
v -0.898035 0.914881 -0.814178
v -0.882551 0.916864 -0.832249
v -0.866416 0.918015 -0.849607
v -1.000000 0.878260 -0.694250
v -0.988622 0.877903 -0.710811
v -0.977155 0.879383 -0.728330
v -0.965477 0.882197 -0.746174
v -0.953527 0.885662 -0.763867
v -0.941162 0.889600 -0.781182
v -0.928343 0.893694 -0.797974
v -0.915043 0.897670 -0.814108
v -0.901373 0.901244 -0.829606
v -0.887385 0.904066 -0.844451
v -0.873196 0.905710 -0.858891
v -1.000000 0.847147 -0.736336
v -0.988699 0.850149 -0.749652
v -0.977330 0.854437 -0.763697
v -0.965798 0.859568 -0.777924
v -0.954058 0.865122 -0.792046
v -0.941998 0.870933 -0.805885
v -0.929593 0.876752 -0.819326
v -0.916898 0.882300 -0.832199
v -0.904093 0.887296 -0.844439
v -0.891358 0.891339 -0.855998
v -0.878993 0.893804 -0.867290
v -1.000000 0.813025 -0.776016
v -0.988769 0.819770 -0.786427
v -0.977478 0.827051 -0.797107
v -0.966048 0.834809 -0.807922
v -0.954438 0.842796 -0.818708
v -0.942554 0.850848 -0.829339
v -0.930376 0.858767 -0.839719
v -0.918015 0.866282 -0.849632
v -0.905710 0.873148 -0.858901
v -0.893804 0.878983 -0.867292
v -0.883110 0.883110 -0.874812
v -0.352295 0.997833 -1.000000
v -0.404323 0.992144 -1.000000
v -0.455719 0.982248 -1.000000
v -0.506306 0.968832 -1.000000
v -0.555667 0.951426 -1.000000
v -0.603673 0.930586 -1.000000
v -0.649907 0.906055 -1.000000
v -0.694250 0.878260 -1.000000
v -0.736336 0.847147 -1.000000
v -0.776016 0.813025 -1.000000
v -0.352296 1.000000 -0.997833
v -0.399625 0.994512 -0.993179
v -0.446920 0.987405 -0.990551
v -0.493825 0.977327 -0.989268
v -0.540095 0.964375 -0.988606
v -0.585303 0.948054 -0.988407
v -0.629266 0.928718 -0.988384
v -0.671576 0.906098 -0.988454
v -0.712112 0.880554 -0.988569
v -0.750505 0.852000 -0.988688
v -0.786530 0.820638 -0.988769
v -0.404323 1.000000 -0.992144
v -0.446715 0.992047 -0.984989
v -0.489298 0.983324 -0.980470
v -0.531724 0.972774 -0.978134
v -0.573678 0.960104 -0.976947
v -0.614728 0.944759 -0.976616
v -0.654642 0.926847 -0.976617
v -0.693028 0.906075 -0.976795
v -0.729768 0.882734 -0.977052
v -0.764513 0.856720 -0.977308
v -0.797049 0.828183 -0.977478
v -0.455719 1.000000 -0.982248
v -0.493284 0.990538 -0.974203
v -0.531255 0.980577 -0.968891
v -0.569274 0.969434 -0.966051
v -0.606961 0.956847 -0.964658
v -0.643885 0.942244 -0.964358
v -0.679783 0.925546 -0.964495
v -0.714289 0.906452 -0.964868
v -0.747302 0.885178 -0.965332
v -0.778516 0.861613 -0.965768
v -0.807772 0.835870 -0.966048
v -0.506306 1.000000 -0.968832
v -0.539185 0.989545 -0.960835
v -0.572667 0.978760 -0.955559
v -0.606371 0.967192 -0.952803
v -0.639851 0.954628 -0.951568
v -0.672690 0.940570 -0.951497
v -0.704610 0.924879 -0.951917
v -0.735285 0.907280 -0.952597
v -0.764645 0.887918 -0.953351
v -0.792439 0.866675 -0.954021
v -0.818556 0.843619 -0.954438
v -0.555667 1.000000 -0.951426
v -0.584067 0.988997 -0.944392
v -0.613244 0.977757 -0.939971
v -0.642766 0.965955 -0.937921
v -0.672127 0.953431 -0.937274
v -0.700940 0.939804 -0.937718
v -0.728936 0.924958 -0.938641
v -0.755844 0.908669 -0.939801
v -0.781634 0.891026 -0.940973
v -0.806120 0.871915 -0.941959
v -0.829238 0.851371 -0.942554
v -0.603673 1.000000 -0.930586
v -0.627818 0.988704 -0.925158
v -0.652887 0.977236 -0.922185
v -0.678370 0.965362 -0.921330
v -0.703709 0.952965 -0.921661
v -0.728562 0.939772 -0.922922
v -0.752694 0.925697 -0.924593
v -0.775896 0.910576 -0.926423
v -0.798185 0.894467 -0.928158
v -0.819446 0.877285 -0.929555
v -0.839664 0.859050 -0.930376
v -0.649907 1.000000 -0.906055
v -0.670097 0.988605 -0.902880
v -0.691287 0.977087 -0.901915
v -0.712886 0.965277 -0.902721
v -0.734332 0.953092 -0.904445
v -0.755338 0.940334 -0.906877
v -0.775717 0.926944 -0.909603
v -0.795317 0.912822 -0.912363
v -0.814178 0.898035 -0.914881
v -0.832249 0.882551 -0.916864
v -0.849607 0.866416 -0.918015
v -0.694250 1.000000 -0.878260
v -0.710811 0.988622 -0.877903
v -0.728330 0.977155 -0.879383
v -0.746174 0.965477 -0.882197
v -0.763867 0.953527 -0.885662
v -0.781182 0.941162 -0.889600
v -0.797974 0.928343 -0.893694
v -0.814108 0.915043 -0.897670
v -0.829606 0.901373 -0.901244
v -0.844451 0.887385 -0.904066
v -0.858891 0.873196 -0.905710
v -0.736336 1.000000 -0.847147
v -0.749652 0.988699 -0.850149
v -0.763697 0.977330 -0.854437
v -0.777924 0.965798 -0.859568
v -0.792046 0.954058 -0.865122
v -0.805885 0.941998 -0.870933
v -0.819326 0.929593 -0.876752
v -0.832199 0.916898 -0.882300
v -0.844439 0.904093 -0.887296
v -0.855998 0.891358 -0.891339
v -0.867290 0.878993 -0.893804
v -0.776016 1.000000 -0.813025
v -0.786427 0.988769 -0.819770
v -0.797107 0.977478 -0.827051
v -0.807922 0.966048 -0.834809
v -0.818708 0.954438 -0.842796
v -0.829339 0.942554 -0.850848
v -0.839719 0.930376 -0.858767
v -0.849632 0.918015 -0.866282
v -0.858901 0.905710 -0.873148
v -0.867292 0.893804 -0.878983
v -0.874812 0.883110 -0.883110
v -1.000000 -0.300000 -1.000000
v -0.300000 -1.000000 -1.000000
v -1.000000 -1.000000 -0.300000
v -0.997833 -0.352295 -1.000000
v -0.992144 -0.404323 -1.000000
v -0.982248 -0.455719 -1.000000
v -0.968832 -0.506306 -1.000000
v -0.951426 -0.555667 -1.000000
v -0.930586 -0.603673 -1.000000
v -0.906055 -0.649907 -1.000000
v -0.878260 -0.694250 -1.000000
v -0.847147 -0.736336 -1.000000
v -0.813025 -0.776016 -1.000000
v -1.000000 -0.352296 -0.997833
v -0.994512 -0.399625 -0.993179
v -0.987405 -0.446920 -0.990551
v -0.977327 -0.493825 -0.989268
v -0.964375 -0.540095 -0.988606
v -0.948054 -0.585303 -0.988407
v -0.928718 -0.629266 -0.988384
v -0.906098 -0.671576 -0.988454
v -0.880554 -0.712112 -0.988569
v -0.852000 -0.750505 -0.988688
v -0.820638 -0.786530 -0.988769
v -1.000000 -0.404323 -0.992144
v -0.992047 -0.446715 -0.984989
v -0.983324 -0.489298 -0.980470
v -0.972774 -0.531724 -0.978134
v -0.960104 -0.573678 -0.976947
v -0.944759 -0.614728 -0.976616
v -0.926847 -0.654642 -0.976617
v -0.906075 -0.693028 -0.976795
v -0.882734 -0.729768 -0.977052
v -0.856720 -0.764513 -0.977308
v -0.828183 -0.797049 -0.977478
v -1.000000 -0.455719 -0.982248
v -0.990538 -0.493284 -0.974203
v -0.980577 -0.531255 -0.968891
v -0.969434 -0.569274 -0.966051
v -0.956847 -0.606961 -0.964658
v -0.942244 -0.643885 -0.964358
v -0.925546 -0.679783 -0.964495
v -0.906452 -0.714289 -0.964868
v -0.885178 -0.747302 -0.965332
v -0.861613 -0.778516 -0.965768
v -0.835870 -0.807772 -0.966048
v -1.000000 -0.506306 -0.968832
v -0.989545 -0.539185 -0.960835
v -0.978760 -0.572667 -0.955559
v -0.967192 -0.606371 -0.952803
v -0.954628 -0.639851 -0.951568
v -0.940570 -0.672690 -0.951497
v -0.924879 -0.704610 -0.951917
v -0.907280 -0.735285 -0.952597
v -0.887918 -0.764645 -0.953351
v -0.866675 -0.792439 -0.954021
v -0.843619 -0.818556 -0.954438
v -1.000000 -0.555667 -0.951426
v -0.988997 -0.584067 -0.944392
v -0.977757 -0.613244 -0.939971
v -0.965955 -0.642766 -0.937921
v -0.953431 -0.672127 -0.937274
v -0.939804 -0.700940 -0.937718
v -0.924958 -0.728936 -0.938641
v -0.908669 -0.755844 -0.939801
v -0.891026 -0.781634 -0.940973
v -0.871915 -0.806120 -0.941959
v -0.851371 -0.829238 -0.942554
v -1.000000 -0.603673 -0.930586
v -0.988704 -0.627818 -0.925158
v -0.977236 -0.652887 -0.922185
v -0.965362 -0.678370 -0.921330
v -0.952965 -0.703709 -0.921661
v -0.939772 -0.728562 -0.922922
v -0.925697 -0.752694 -0.924593
v -0.910576 -0.775896 -0.926423
v -0.894467 -0.798185 -0.928158
v -0.877285 -0.819446 -0.929555
v -0.859050 -0.839664 -0.930376
v -1.000000 -0.649907 -0.906055
v -0.988605 -0.670097 -0.902880
v -0.977087 -0.691287 -0.901915
v -0.965277 -0.712886 -0.902721
v -0.953092 -0.734332 -0.904445
v -0.940334 -0.755338 -0.906877
v -0.926944 -0.775717 -0.909603
v -0.912822 -0.795317 -0.912363
v -0.898035 -0.814178 -0.914881
v -0.882551 -0.832249 -0.916864
v -0.866416 -0.849607 -0.918015
v -1.000000 -0.694250 -0.878260
v -0.988622 -0.710811 -0.877903
v -0.977155 -0.728330 -0.879383
v -0.965477 -0.746174 -0.882197
v -0.953527 -0.763867 -0.885662
v -0.941162 -0.781182 -0.889600
v -0.928343 -0.797974 -0.893694
v -0.915043 -0.814108 -0.897670
v -0.901373 -0.829606 -0.901244
v -0.887385 -0.844451 -0.904066
v -0.873196 -0.858891 -0.905710
v -1.000000 -0.736336 -0.847147
v -0.988699 -0.749652 -0.850149
v -0.977330 -0.763697 -0.854437
v -0.965798 -0.777924 -0.859568
v -0.954058 -0.792046 -0.865122
v -0.941998 -0.805885 -0.870933
v -0.929593 -0.819326 -0.876752
v -0.916898 -0.832199 -0.882300
v -0.904093 -0.844439 -0.887296
v -0.891358 -0.855998 -0.891339
v -0.878993 -0.867290 -0.893804
v -1.000000 -0.776016 -0.813025
v -0.988769 -0.786427 -0.819770
v -0.977478 -0.797107 -0.827051
v -0.966048 -0.807922 -0.834809
v -0.954438 -0.818708 -0.842796
v -0.942554 -0.829339 -0.850848
v -0.930376 -0.839719 -0.858767
v -0.918015 -0.849632 -0.866282
v -0.905710 -0.858901 -0.873148
v -0.893804 -0.867292 -0.878983
v -0.883110 -0.874812 -0.883110
v -0.352295 -1.000000 -0.997833
v -0.404323 -1.000000 -0.992144
v -0.455719 -1.000000 -0.982248
v -0.506306 -1.000000 -0.968832
v -0.555667 -1.000000 -0.951426
v -0.603673 -1.000000 -0.930586
v -0.649907 -1.000000 -0.906055
v -0.694250 -1.000000 -0.878260
v -0.736336 -1.000000 -0.847147
v -0.776016 -1.000000 -0.813025
v -0.352296 -0.997833 -1.000000
v -0.399625 -0.993179 -0.994512
v -0.446920 -0.990551 -0.987405
v -0.493825 -0.989268 -0.977327
v -0.540095 -0.988606 -0.964375
v -0.585303 -0.988407 -0.948054
v -0.629266 -0.988384 -0.928718
v -0.671576 -0.988454 -0.906098
v -0.712112 -0.988569 -0.880554
v -0.750505 -0.988688 -0.852000
v -0.786530 -0.988769 -0.820638
v -0.404323 -0.992144 -1.000000
v -0.446715 -0.984989 -0.992047
v -0.489298 -0.980470 -0.983324
v -0.531724 -0.978134 -0.972774
v -0.573678 -0.976947 -0.960104
v -0.614728 -0.976616 -0.944759
v -0.654642 -0.976617 -0.926847
v -0.693028 -0.976795 -0.906075
v -0.729768 -0.977052 -0.882734
v -0.764513 -0.977308 -0.856720
v -0.797049 -0.977478 -0.828183
v -0.455719 -0.982248 -1.000000
v -0.493284 -0.974203 -0.990538
v -0.531255 -0.968891 -0.980577
v -0.569274 -0.966051 -0.969434
v -0.606961 -0.964658 -0.956847
v -0.643885 -0.964358 -0.942244
v -0.679783 -0.964495 -0.925546
v -0.714289 -0.964868 -0.906452
v -0.747302 -0.965332 -0.885178
v -0.778516 -0.965768 -0.861613
v -0.807772 -0.966048 -0.835870
v -0.506306 -0.968832 -1.000000
v -0.539185 -0.960835 -0.989545
v -0.572667 -0.955559 -0.978760
v -0.606371 -0.952803 -0.967192
v -0.639851 -0.951568 -0.954628
v -0.672690 -0.951497 -0.940570
v -0.704610 -0.951917 -0.924879
v -0.735285 -0.952597 -0.907280
v -0.764645 -0.953351 -0.887918
v -0.792439 -0.954021 -0.866675
v -0.818556 -0.954438 -0.843619
v -0.555667 -0.951426 -1.000000
v -0.584067 -0.944392 -0.988997
v -0.613244 -0.939971 -0.977757
v -0.642766 -0.937921 -0.965955
v -0.672127 -0.937274 -0.953431
v -0.700940 -0.937718 -0.939804
v -0.728936 -0.938641 -0.924958
v -0.755844 -0.939801 -0.908669
v -0.781634 -0.940973 -0.891026
v -0.806120 -0.941959 -0.871915
v -0.829238 -0.942554 -0.851371
v -0.603673 -0.930586 -1.000000
v -0.627818 -0.925158 -0.988704
v -0.652887 -0.922185 -0.977236
v -0.678370 -0.921330 -0.965362
v -0.703709 -0.921661 -0.952965
v -0.728562 -0.922922 -0.939772
v -0.752694 -0.924593 -0.925697
v -0.775896 -0.926423 -0.910576
v -0.798185 -0.928158 -0.894467
v -0.819446 -0.929555 -0.877285
v -0.839664 -0.930376 -0.859050
v -0.649907 -0.906055 -1.000000
v -0.670097 -0.902880 -0.988605
v -0.691287 -0.901915 -0.977087
v -0.712886 -0.902721 -0.965277
v -0.734332 -0.904445 -0.953092
v -0.755338 -0.906877 -0.940334
v -0.775717 -0.909603 -0.926944
v -0.795317 -0.912363 -0.912822
v -0.814178 -0.914881 -0.898035
v -0.832249 -0.916864 -0.882551
v -0.849607 -0.918015 -0.866416
v -0.694250 -0.878260 -1.000000
v -0.710811 -0.877903 -0.988622
v -0.728330 -0.879383 -0.977155
v -0.746174 -0.882197 -0.965477
v -0.763867 -0.885662 -0.953527
v -0.781182 -0.889600 -0.941162
v -0.797974 -0.893694 -0.928343
v -0.814108 -0.897670 -0.915043
v -0.829606 -0.901244 -0.901373
v -0.844451 -0.904066 -0.887385
v -0.858891 -0.905710 -0.873196
v -0.736336 -0.847147 -1.000000
v -0.749652 -0.850149 -0.988699
v -0.763697 -0.854437 -0.977330
v -0.777924 -0.859568 -0.965798
v -0.792046 -0.865122 -0.954058
v -0.805885 -0.870933 -0.941998
v -0.819326 -0.876752 -0.929593
v -0.832199 -0.882300 -0.916898
v -0.844439 -0.887296 -0.904093
v -0.855998 -0.891339 -0.891358
v -0.867290 -0.893804 -0.878993
v -0.776016 -0.813025 -1.000000
v -0.786427 -0.819770 -0.988769
v -0.797107 -0.827051 -0.977478
v -0.807922 -0.834809 -0.966048
v -0.818708 -0.842796 -0.954438
v -0.829339 -0.850848 -0.942554
v -0.839719 -0.858767 -0.930376
v -0.849632 -0.866282 -0.918015
v -0.858901 -0.873148 -0.905710
v -0.867292 -0.878983 -0.893804
v -0.874812 -0.883110 -0.883110
v -1.000000 -0.997833 -0.352295
v -1.000000 -0.992144 -0.404323
v -1.000000 -0.982248 -0.455719
v -1.000000 -0.968832 -0.506306
v -1.000000 -0.951426 -0.555667
v -1.000000 -0.930586 -0.603673
v -1.000000 -0.906055 -0.649907
v -1.000000 -0.878260 -0.694250
v -1.000000 -0.847147 -0.736336
v -1.000000 -0.813025 -0.776016
v -0.997833 -1.000000 -0.352296
v -0.993179 -0.994512 -0.399625
v -0.990551 -0.987405 -0.446920
v -0.989268 -0.977327 -0.493825
v -0.988606 -0.964375 -0.540095
v -0.988407 -0.948054 -0.585303
v -0.988384 -0.928718 -0.629266
v -0.988454 -0.906098 -0.671576
v -0.988569 -0.880554 -0.712112
v -0.988688 -0.852000 -0.750505
v -0.988769 -0.820638 -0.786530
v -0.992144 -1.000000 -0.404323
v -0.984989 -0.992047 -0.446715
v -0.980470 -0.983324 -0.489298
v -0.978134 -0.972774 -0.531724
v -0.976947 -0.960104 -0.573678
v -0.976616 -0.944759 -0.614728
v -0.976617 -0.926847 -0.654642
v -0.976795 -0.906075 -0.693028
v -0.977052 -0.882734 -0.729768
v -0.977308 -0.856720 -0.764513
v -0.977478 -0.828183 -0.797049
v -0.982248 -1.000000 -0.455719
v -0.974203 -0.990538 -0.493284
v -0.968891 -0.980577 -0.531255
v -0.966051 -0.969434 -0.569274
v -0.964658 -0.956847 -0.606961
v -0.964358 -0.942244 -0.643885
v -0.964495 -0.925546 -0.679783
v -0.964868 -0.906452 -0.714289
v -0.965332 -0.885178 -0.747302
v -0.965768 -0.861613 -0.778516
v -0.966048 -0.835870 -0.807772
v -0.968832 -1.000000 -0.506306
v -0.960835 -0.989545 -0.539185
v -0.955559 -0.978760 -0.572667
v -0.952803 -0.967192 -0.606371
v -0.951568 -0.954628 -0.639851
v -0.951497 -0.940570 -0.672690
v -0.951917 -0.924879 -0.704610
v -0.952597 -0.907280 -0.735285
v -0.953351 -0.887918 -0.764645
v -0.954021 -0.866675 -0.792439
v -0.954438 -0.843619 -0.818556
v -0.951426 -1.000000 -0.555667
v -0.944392 -0.988997 -0.584067
v -0.939971 -0.977757 -0.613244
v -0.937921 -0.965955 -0.642766
v -0.937274 -0.953431 -0.672127
v -0.937718 -0.939804 -0.700940
v -0.938641 -0.924958 -0.728936
v -0.939801 -0.908669 -0.755844
v -0.940973 -0.891026 -0.781634
v -0.941959 -0.871915 -0.806120
v -0.942554 -0.851371 -0.829238
v -0.930586 -1.000000 -0.603673
v -0.925158 -0.988704 -0.627818
v -0.922185 -0.977236 -0.652887
v -0.921330 -0.965362 -0.678370
v -0.921661 -0.952965 -0.703709
v -0.922922 -0.939772 -0.728562
v -0.924593 -0.925697 -0.752694
v -0.926423 -0.910576 -0.775896
v -0.928158 -0.894467 -0.798185
v -0.929555 -0.877285 -0.819446
v -0.930376 -0.859050 -0.839664
v -0.906055 -1.000000 -0.649907
v -0.902880 -0.988605 -0.670097
v -0.901915 -0.977087 -0.691287
v -0.902721 -0.965277 -0.712886
v -0.904445 -0.953092 -0.734332
v -0.906877 -0.940334 -0.755338
v -0.909603 -0.926944 -0.775717
v -0.912363 -0.912822 -0.795317
v -0.914881 -0.898035 -0.814178
v -0.916864 -0.882551 -0.832249
v -0.918015 -0.866416 -0.849607
v -0.878260 -1.000000 -0.694250
v -0.877903 -0.988622 -0.710811
v -0.879383 -0.977155 -0.728330
v -0.882197 -0.965477 -0.746174
v -0.885662 -0.953527 -0.763867
v -0.889600 -0.941162 -0.781182
v -0.893694 -0.928343 -0.797974
v -0.897670 -0.915043 -0.814108
v -0.901244 -0.901373 -0.829606
v -0.904066 -0.887385 -0.844451
v -0.905710 -0.873196 -0.858891
v -0.847147 -1.000000 -0.736336
v -0.850149 -0.988699 -0.749652
v -0.854437 -0.977330 -0.763697
v -0.859568 -0.965798 -0.777924
v -0.865122 -0.954058 -0.792046
v -0.870933 -0.941998 -0.805885
v -0.876752 -0.929593 -0.819326
v -0.882300 -0.916898 -0.832199
v -0.887296 -0.904093 -0.844439
v -0.891339 -0.891358 -0.855998
v -0.893804 -0.878993 -0.867290
v -0.813025 -1.000000 -0.776016
v -0.819770 -0.988769 -0.786427
v -0.827051 -0.977478 -0.797107
v -0.834809 -0.966048 -0.807922
v -0.842796 -0.954438 -0.818708
v -0.850848 -0.942554 -0.829339
v -0.858767 -0.930376 -0.839719
v -0.866282 -0.918015 -0.849632
v -0.873148 -0.905710 -0.858901
v -0.878983 -0.893804 -0.867292
v -0.883110 -0.883110 -0.874812
v -1.000000 0.300000 1.000000
v -0.300000 1.000000 1.000000
v -1.000000 1.000000 0.300000
v -0.997833 0.352295 1.000000
v -0.992144 0.404323 1.000000
v -0.982248 0.455719 1.000000
v -0.968832 0.506306 1.000000
v -0.951426 0.555667 1.000000
v -0.930586 0.603673 1.000000
v -0.906055 0.649907 1.000000
v -0.878260 0.694250 1.000000
v -0.847147 0.736336 1.000000
v -0.813025 0.776016 1.000000
v -1.000000 0.352296 0.997833
v -0.994512 0.399625 0.993179
v -0.987405 0.446920 0.990551
v -0.977327 0.493825 0.989268
v -0.964375 0.540095 0.988606
v -0.948054 0.585303 0.988407
v -0.928718 0.629266 0.988384
v -0.906098 0.671576 0.988454
v -0.880554 0.712112 0.988569
v -0.852000 0.750505 0.988688
v -0.820638 0.786530 0.988769
v -1.000000 0.404323 0.992144
v -0.992047 0.446715 0.984989
v -0.983324 0.489298 0.980470
v -0.972774 0.531724 0.978134
v -0.960104 0.573678 0.976947
v -0.944759 0.614728 0.976616
v -0.926847 0.654642 0.976617
v -0.906075 0.693028 0.976795
v -0.882734 0.729768 0.977052
v -0.856720 0.764513 0.977308
v -0.828183 0.797049 0.977478
v -1.000000 0.455719 0.982248
v -0.990538 0.493284 0.974203
v -0.980577 0.531255 0.968891
v -0.969434 0.569274 0.966051
v -0.956847 0.606961 0.964658
v -0.942244 0.643885 0.964358
v -0.925546 0.679783 0.964495
v -0.906452 0.714289 0.964868
v -0.885178 0.747302 0.965332
v -0.861613 0.778516 0.965768
v -0.835870 0.807772 0.966048
v -1.000000 0.506306 0.968832
v -0.989545 0.539185 0.960835
v -0.978760 0.572667 0.955559
v -0.967192 0.606371 0.952803
v -0.954628 0.639851 0.951568
v -0.940570 0.672690 0.951497
v -0.924879 0.704610 0.951917
v -0.907280 0.735285 0.952597
v -0.887918 0.764645 0.953351
v -0.866675 0.792439 0.954021
v -0.843619 0.818556 0.954438
v -1.000000 0.555667 0.951426
v -0.988997 0.584067 0.944392
v -0.977757 0.613244 0.939971
v -0.965955 0.642766 0.937921
v -0.953431 0.672127 0.937274
v -0.939804 0.700940 0.937718
v -0.924958 0.728936 0.938641
v -0.908669 0.755844 0.939801
v -0.891026 0.781634 0.940973
v -0.871915 0.806120 0.941959
v -0.851371 0.829238 0.942554
v -1.000000 0.603673 0.930586
v -0.988704 0.627818 0.925158
v -0.977236 0.652887 0.922185
v -0.965362 0.678370 0.921330
v -0.952965 0.703709 0.921661
v -0.939772 0.728562 0.922922
v -0.925697 0.752694 0.924593
v -0.910576 0.775896 0.926423
v -0.894467 0.798185 0.928158
v -0.877285 0.819446 0.929555
v -0.859050 0.839664 0.930376
v -1.000000 0.649907 0.906055
v -0.988605 0.670097 0.902880
v -0.977087 0.691287 0.901915
v -0.965277 0.712886 0.902721
v -0.953092 0.734332 0.904445
v -0.940334 0.755338 0.906877
v -0.926944 0.775717 0.909603
v -0.912822 0.795317 0.912363
v -0.898035 0.814178 0.914881
v -0.882551 0.832249 0.916864
v -0.866416 0.849607 0.918015
v -1.000000 0.694250 0.878260
v -0.988622 0.710811 0.877903
v -0.977155 0.728330 0.879383
v -0.965477 0.746174 0.882197
v -0.953527 0.763867 0.885662
v -0.941162 0.781182 0.889600
v -0.928343 0.797974 0.893694
v -0.915043 0.814108 0.897670
v -0.901373 0.829606 0.901244
v -0.887385 0.844451 0.904066
v -0.873196 0.858891 0.905710
v -1.000000 0.736336 0.847147
v -0.988699 0.749652 0.850149
v -0.977330 0.763697 0.854437
v -0.965798 0.777924 0.859568
v -0.954058 0.792046 0.865122
v -0.941998 0.805885 0.870933
v -0.929593 0.819326 0.876752
v -0.916898 0.832199 0.882300
v -0.904093 0.844439 0.887296
v -0.891358 0.855998 0.891339
v -0.878993 0.867290 0.893804
v -1.000000 0.776016 0.813025
v -0.988769 0.786427 0.819770
v -0.977478 0.797107 0.827051
v -0.966048 0.807922 0.834809
v -0.954438 0.818708 0.842796
v -0.942554 0.829339 0.850848
v -0.930376 0.839719 0.858767
v -0.918015 0.849632 0.866282
v -0.905710 0.858901 0.873148
v -0.893804 0.867292 0.878983
v -0.883110 0.874812 0.883110
v -0.352295 1.000000 0.997833
v -0.404323 1.000000 0.992144
v -0.455719 1.000000 0.982248
v -0.506306 1.000000 0.968832
v -0.555667 1.000000 0.951426
v -0.603673 1.000000 0.930586
v -0.649907 1.000000 0.906055
v -0.694250 1.000000 0.878260
v -0.736336 1.000000 0.847147
v -0.776016 1.000000 0.813025
v -0.352296 0.997833 1.000000
v -0.399625 0.993179 0.994512
v -0.446920 0.990551 0.987405
v -0.493825 0.989268 0.977327
v -0.540095 0.988606 0.964375
v -0.585303 0.988407 0.948054
v -0.629266 0.988384 0.928718
v -0.671576 0.988454 0.906098
v -0.712112 0.988569 0.880554
v -0.750505 0.988688 0.852000
v -0.786530 0.988769 0.820638
v -0.404323 0.992144 1.000000
v -0.446715 0.984989 0.992047
v -0.489298 0.980470 0.983324
v -0.531724 0.978134 0.972774
v -0.573678 0.976947 0.960104
v -0.614728 0.976616 0.944759
v -0.654642 0.976617 0.926847
v -0.693028 0.976795 0.906075
v -0.729768 0.977052 0.882734
v -0.764513 0.977308 0.856720
v -0.797049 0.977478 0.828183
v -0.455719 0.982248 1.000000
v -0.493284 0.974203 0.990538
v -0.531255 0.968891 0.980577
v -0.569274 0.966051 0.969434
v -0.606961 0.964658 0.956847
v -0.643885 0.964358 0.942244
v -0.679783 0.964495 0.925546
v -0.714289 0.964868 0.906452
v -0.747302 0.965332 0.885178
v -0.778516 0.965768 0.861613
v -0.807772 0.966048 0.835870
v -0.506306 0.968832 1.000000
v -0.539185 0.960835 0.989545
v -0.572667 0.955559 0.978760
v -0.606371 0.952803 0.967192
v -0.639851 0.951568 0.954628
v -0.672690 0.951497 0.940570
v -0.704610 0.951917 0.924879
v -0.735285 0.952597 0.907280
v -0.764645 0.953351 0.887918
v -0.792439 0.954021 0.866675
v -0.818556 0.954438 0.843619
v -0.555667 0.951426 1.000000
v -0.584067 0.944392 0.988997
v -0.613244 0.939971 0.977757
v -0.642766 0.937921 0.965955
v -0.672127 0.937274 0.953431
v -0.700940 0.937718 0.939804
v -0.728936 0.938641 0.924958
v -0.755844 0.939801 0.908669
v -0.781634 0.940973 0.891026
v -0.806120 0.941959 0.871915
v -0.829238 0.942554 0.851371
v -0.603673 0.930586 1.000000
v -0.627818 0.925158 0.988704
v -0.652887 0.922185 0.977236
v -0.678370 0.921330 0.965362
v -0.703709 0.921661 0.952965
v -0.728562 0.922922 0.939772
v -0.752694 0.924593 0.925697
v -0.775896 0.926423 0.910576
v -0.798185 0.928158 0.894467
v -0.819446 0.929555 0.877285
v -0.839664 0.930376 0.859050
v -0.649907 0.906055 1.000000
v -0.670097 0.902880 0.988605
v -0.691287 0.901915 0.977087
v -0.712886 0.902721 0.965277
v -0.734332 0.904445 0.953092
v -0.755338 0.906877 0.940334
v -0.775717 0.909603 0.926944
v -0.795317 0.912363 0.912822
v -0.814178 0.914881 0.898035
v -0.832249 0.916864 0.882551
v -0.849607 0.918015 0.866416
v -0.694250 0.878260 1.000000
v -0.710811 0.877903 0.988622
v -0.728330 0.879383 0.977155
v -0.746174 0.882197 0.965477
v -0.763867 0.885662 0.953527
v -0.781182 0.889600 0.941162
v -0.797974 0.893694 0.928343
v -0.814108 0.897670 0.915043
v -0.829606 0.901244 0.901373
v -0.844451 0.904066 0.887385
v -0.858891 0.905710 0.873196
v -0.736336 0.847147 1.000000
v -0.749652 0.850149 0.988699
v -0.763697 0.854437 0.977330
v -0.777924 0.859568 0.965798
v -0.792046 0.865122 0.954058
v -0.805885 0.870933 0.941998
v -0.819326 0.876752 0.929593
v -0.832199 0.882300 0.916898
v -0.844439 0.887296 0.904093
v -0.855998 0.891339 0.891358
v -0.867290 0.893804 0.878993
v -0.776016 0.813025 1.000000
v -0.786427 0.819770 0.988769
v -0.797107 0.827051 0.977478
v -0.807922 0.834809 0.966048
v -0.818708 0.842796 0.954438
v -0.829339 0.850848 0.942554
v -0.839719 0.858767 0.930376
v -0.849632 0.866282 0.918015
v -0.858901 0.873148 0.905710
v -0.867292 0.878983 0.893804
v -0.874812 0.883110 0.883110
v -1.000000 0.997833 0.352295
v -1.000000 0.992144 0.404323
v -1.000000 0.982248 0.455719
v -1.000000 0.968832 0.506306
v -1.000000 0.951426 0.555667
v -1.000000 0.930586 0.603673
v -1.000000 0.906055 0.649907
v -1.000000 0.878260 0.694250
v -1.000000 0.847147 0.736336
v -1.000000 0.813025 0.776016
v -0.997833 1.000000 0.352296
v -0.993179 0.994512 0.399625
v -0.990551 0.987405 0.446920
v -0.989268 0.977327 0.493825
v -0.988606 0.964375 0.540095
v -0.988407 0.948054 0.585303
v -0.988384 0.928718 0.629266
v -0.988454 0.906098 0.671576
v -0.988569 0.880554 0.712112
v -0.988688 0.852000 0.750505
v -0.988769 0.820638 0.786530
v -0.992144 1.000000 0.404323
v -0.984989 0.992047 0.446715
v -0.980470 0.983324 0.489298
v -0.978134 0.972774 0.531724
v -0.976947 0.960104 0.573678
v -0.976616 0.944759 0.614728
v -0.976617 0.926847 0.654642
v -0.976795 0.906075 0.693028
v -0.977052 0.882734 0.729768
v -0.977308 0.856720 0.764513
v -0.977478 0.828183 0.797049
v -0.982248 1.000000 0.455719
v -0.974203 0.990538 0.493284
v -0.968891 0.980577 0.531255
v -0.966051 0.969434 0.569274
v -0.964658 0.956847 0.606961
v -0.964358 0.942244 0.643885
v -0.964495 0.925546 0.679783
v -0.964868 0.906452 0.714289
v -0.965332 0.885178 0.747302
v -0.965768 0.861613 0.778516
v -0.966048 0.835870 0.807772
v -0.968832 1.000000 0.506306
v -0.960835 0.989545 0.539185
v -0.955559 0.978760 0.572667
v -0.952803 0.967192 0.606371
v -0.951568 0.954628 0.639851
v -0.951497 0.940570 0.672690
v -0.951917 0.924879 0.704610
v -0.952597 0.907280 0.735285
v -0.953351 0.887918 0.764645
v -0.954021 0.866675 0.792439
v -0.954438 0.843619 0.818556
v -0.951426 1.000000 0.555667
v -0.944392 0.988997 0.584067
v -0.939971 0.977757 0.613244
v -0.937921 0.965955 0.642766
v -0.937274 0.953431 0.672127
v -0.937718 0.939804 0.700940
v -0.938641 0.924958 0.728936
v -0.939801 0.908669 0.755844
v -0.940973 0.891026 0.781634
v -0.941959 0.871915 0.806120
v -0.942554 0.851371 0.829238
v -0.930586 1.000000 0.603673
v -0.925158 0.988704 0.627818
v -0.922185 0.977236 0.652887
v -0.921330 0.965362 0.678370
v -0.921661 0.952965 0.703709
v -0.922922 0.939772 0.728562
v -0.924593 0.925697 0.752694
v -0.926423 0.910576 0.775896
v -0.928158 0.894467 0.798185
v -0.929555 0.877285 0.819446
v -0.930376 0.859050 0.839664
v -0.906055 1.000000 0.649907
v -0.902880 0.988605 0.670097
v -0.901915 0.977087 0.691287
v -0.902721 0.965277 0.712886
v -0.904445 0.953092 0.734332
v -0.906877 0.940334 0.755338
v -0.909603 0.926944 0.775717
v -0.912363 0.912822 0.795317
v -0.914881 0.898035 0.814178
v -0.916864 0.882551 0.832249
v -0.918015 0.866416 0.849607
v -0.878260 1.000000 0.694250
v -0.877903 0.988622 0.710811
v -0.879383 0.977155 0.728330
v -0.882197 0.965477 0.746174
v -0.885662 0.953527 0.763867
v -0.889600 0.941162 0.781182
v -0.893694 0.928343 0.797974
v -0.897670 0.915043 0.814108
v -0.901244 0.901373 0.829606
v -0.904066 0.887385 0.844451
v -0.905710 0.873196 0.858891
v -0.847147 1.000000 0.736336
v -0.850149 0.988699 0.749652
v -0.854437 0.977330 0.763697
v -0.859568 0.965798 0.777924
v -0.865122 0.954058 0.792046
v -0.870933 0.941998 0.805885
v -0.876752 0.929593 0.819326
v -0.882300 0.916898 0.832199
v -0.887296 0.904093 0.844439
v -0.891339 0.891358 0.855998
v -0.893804 0.878993 0.867290
v -0.813025 1.000000 0.776016
v -0.819770 0.988769 0.786427
v -0.827051 0.977478 0.797107
v -0.834809 0.966048 0.807922
v -0.842796 0.954438 0.818708
v -0.850848 0.942554 0.829339
v -0.858767 0.930376 0.839719
v -0.866282 0.918015 0.849632
v -0.873148 0.905710 0.858901
v -0.878983 0.893804 0.867292
v -0.883110 0.883110 0.874812
v -0.300000 -1.000000 1.000000
v -1.000000 -0.300000 1.000000
v -1.000000 -1.000000 0.300000
v -0.352295 -0.997833 1.000000
v -0.404323 -0.992144 1.000000
v -0.455719 -0.982248 1.000000
v -0.506306 -0.968832 1.000000
v -0.555667 -0.951426 1.000000
v -0.603673 -0.930586 1.000000
v -0.649907 -0.906055 1.000000
v -0.694250 -0.878260 1.000000
v -0.736336 -0.847147 1.000000
v -0.776016 -0.813025 1.000000
v -0.352296 -1.000000 0.997833
v -0.399625 -0.994512 0.993179
v -0.446920 -0.987405 0.990551
v -0.493825 -0.977327 0.989268
v -0.540095 -0.964375 0.988606
v -0.585303 -0.948054 0.988407
v -0.629266 -0.928718 0.988384
v -0.671576 -0.906098 0.988454
v -0.712112 -0.880554 0.988569
v -0.750505 -0.852000 0.988688
v -0.786530 -0.820638 0.988769
v -0.404323 -1.000000 0.992144
v -0.446715 -0.992047 0.984989
v -0.489298 -0.983324 0.980470
v -0.531724 -0.972774 0.978134
v -0.573678 -0.960104 0.976947
v -0.614728 -0.944759 0.976616
v -0.654642 -0.926847 0.976617
v -0.693028 -0.906075 0.976795
v -0.729768 -0.882734 0.977052
v -0.764513 -0.856720 0.977308
v -0.797049 -0.828183 0.977478
v -0.455719 -1.000000 0.982248
v -0.493284 -0.990538 0.974203
v -0.531255 -0.980577 0.968891
v -0.569274 -0.969434 0.966051
v -0.606961 -0.956847 0.964658
v -0.643885 -0.942244 0.964358
v -0.679783 -0.925546 0.964495
v -0.714289 -0.906452 0.964868
v -0.747302 -0.885178 0.965332
v -0.778516 -0.861613 0.965768
v -0.807772 -0.835870 0.966048
v -0.506306 -1.000000 0.968832
v -0.539185 -0.989545 0.960835
v -0.572667 -0.978760 0.955559
v -0.606371 -0.967192 0.952803
v -0.639851 -0.954628 0.951568
v -0.672690 -0.940570 0.951497
v -0.704610 -0.924879 0.951917
v -0.735285 -0.907280 0.952597
v -0.764645 -0.887918 0.953351
v -0.792439 -0.866675 0.954021
v -0.818556 -0.843619 0.954438
v -0.555667 -1.000000 0.951426
v -0.584067 -0.988997 0.944392
v -0.613244 -0.977757 0.939971
v -0.642766 -0.965955 0.937921
v -0.672127 -0.953431 0.937274
v -0.700940 -0.939804 0.937718
v -0.728936 -0.924958 0.938641
v -0.755844 -0.908669 0.939801
v -0.781634 -0.891026 0.940973
v -0.806120 -0.871915 0.941959
v -0.829238 -0.851371 0.942554
v -0.603673 -1.000000 0.930586
v -0.627818 -0.988704 0.925158
v -0.652887 -0.977236 0.922185
v -0.678370 -0.965362 0.921330
v -0.703709 -0.952965 0.921661
v -0.728562 -0.939772 0.922922
v -0.752694 -0.925697 0.924593
v -0.775896 -0.910576 0.926423
v -0.798185 -0.894467 0.928158
v -0.819446 -0.877285 0.929555
v -0.839664 -0.859050 0.930376
v -0.649907 -1.000000 0.906055
v -0.670097 -0.988605 0.902880
v -0.691287 -0.977087 0.901915
v -0.712886 -0.965277 0.902721
v -0.734332 -0.953092 0.904445
v -0.755338 -0.940334 0.906877
v -0.775717 -0.926944 0.909603
v -0.795317 -0.912822 0.912363
v -0.814178 -0.898035 0.914881
v -0.832249 -0.882551 0.916864
v -0.849607 -0.866416 0.918015
v -0.694250 -1.000000 0.878260
v -0.710811 -0.988622 0.877903
v -0.728330 -0.977155 0.879383
v -0.746174 -0.965477 0.882197
v -0.763867 -0.953527 0.885662
v -0.781182 -0.941162 0.889600
v -0.797974 -0.928343 0.893694
v -0.814108 -0.915043 0.897670
v -0.829606 -0.901373 0.901244
v -0.844451 -0.887385 0.904066
v -0.858891 -0.873196 0.905710
v -0.736336 -1.000000 0.847147
v -0.749652 -0.988699 0.850149
v -0.763697 -0.977330 0.854437
v -0.777924 -0.965798 0.859568
v -0.792046 -0.954058 0.865122
v -0.805885 -0.941998 0.870933
v -0.819326 -0.929593 0.876752
v -0.832199 -0.916898 0.882300
v -0.844439 -0.904093 0.887296
v -0.855998 -0.891358 0.891339
v -0.867290 -0.878993 0.893804
v -0.776016 -1.000000 0.813025
v -0.786427 -0.988769 0.819770
v -0.797107 -0.977478 0.827051
v -0.807922 -0.966048 0.834809
v -0.818708 -0.954438 0.842796
v -0.829339 -0.942554 0.850848
v -0.839719 -0.930376 0.858767
v -0.849632 -0.918015 0.866282
v -0.858901 -0.905710 0.873148
v -0.867292 -0.893804 0.878983
v -0.874812 -0.883110 0.883110
v -1.000000 -0.352295 0.997833
v -1.000000 -0.404323 0.992144
v -1.000000 -0.455719 0.982248
v -1.000000 -0.506306 0.968832
v -1.000000 -0.555667 0.951426
v -1.000000 -0.603673 0.930586
v -1.000000 -0.649907 0.906055
v -1.000000 -0.694250 0.878260
v -1.000000 -0.736336 0.847147
v -1.000000 -0.776016 0.813025
v -0.997833 -0.352296 1.000000
v -0.993179 -0.399625 0.994512
v -0.990551 -0.446920 0.987405
v -0.989268 -0.493825 0.977327
v -0.988606 -0.540095 0.964375
v -0.988407 -0.585303 0.948054
v -0.988384 -0.629266 0.928718
v -0.988454 -0.671576 0.906098
v -0.988569 -0.712112 0.880554
v -0.988688 -0.750505 0.852000
v -0.988769 -0.786530 0.820638
v -0.992144 -0.404323 1.000000
v -0.984989 -0.446715 0.992047
v -0.980470 -0.489298 0.983324
v -0.978134 -0.531724 0.972774
v -0.976947 -0.573678 0.960104
v -0.976616 -0.614728 0.944759
v -0.976617 -0.654642 0.926847
v -0.976795 -0.693028 0.906075
v -0.977052 -0.729768 0.882734
v -0.977308 -0.764513 0.856720
v -0.977478 -0.797049 0.828183
v -0.982248 -0.455719 1.000000
v -0.974203 -0.493284 0.990538
v -0.968891 -0.531255 0.980577
v -0.966051 -0.569274 0.969434
v -0.964658 -0.606961 0.956847
v -0.964358 -0.643885 0.942244
v -0.964495 -0.679783 0.925546
v -0.964868 -0.714289 0.906452
v -0.965332 -0.747302 0.885178
v -0.965768 -0.778516 0.861613
v -0.966048 -0.807772 0.835870
v -0.968832 -0.506306 1.000000
v -0.960835 -0.539185 0.989545
v -0.955559 -0.572667 0.978760
v -0.952803 -0.606371 0.967192
v -0.951568 -0.639851 0.954628
v -0.951497 -0.672690 0.940570
v -0.951917 -0.704610 0.924879
v -0.952597 -0.735285 0.907280
v -0.953351 -0.764645 0.887918
v -0.954021 -0.792439 0.866675
v -0.954438 -0.818556 0.843619
v -0.951426 -0.555667 1.000000
v -0.944392 -0.584067 0.988997
v -0.939971 -0.613244 0.977757
v -0.937921 -0.642766 0.965955
v -0.937274 -0.672127 0.953431
v -0.937718 -0.700940 0.939804
v -0.938641 -0.728936 0.924958
v -0.939801 -0.755844 0.908669
v -0.940973 -0.781634 0.891026
v -0.941959 -0.806120 0.871915
v -0.942554 -0.829238 0.851371
v -0.930586 -0.603673 1.000000
v -0.925158 -0.627818 0.988704
v -0.922185 -0.652887 0.977236
v -0.921330 -0.678370 0.965362
v -0.921661 -0.703709 0.952965
v -0.922922 -0.728562 0.939772
v -0.924593 -0.752694 0.925697
v -0.926423 -0.775896 0.910576
v -0.928158 -0.798185 0.894467
v -0.929555 -0.819446 0.877285
v -0.930376 -0.839664 0.859050
v -0.906055 -0.649907 1.000000
v -0.902880 -0.670097 0.988605
v -0.901915 -0.691287 0.977087
v -0.902721 -0.712886 0.965277
v -0.904445 -0.734332 0.953092
v -0.906877 -0.755338 0.940334
v -0.909603 -0.775717 0.926944
v -0.912363 -0.795317 0.912822
v -0.914881 -0.814178 0.898035
v -0.916864 -0.832249 0.882551
v -0.918015 -0.849607 0.866416
v -0.878260 -0.694250 1.000000
v -0.877903 -0.710811 0.988622
v -0.879383 -0.728330 0.977155
v -0.882197 -0.746174 0.965477
v -0.885662 -0.763867 0.953527
v -0.889600 -0.781182 0.941162
v -0.893694 -0.797974 0.928343
v -0.897670 -0.814108 0.915043
v -0.901244 -0.829606 0.901373
v -0.904066 -0.844451 0.887385
v -0.905710 -0.858891 0.873196
v -0.847147 -0.736336 1.000000
v -0.850149 -0.749652 0.988699
v -0.854437 -0.763697 0.977330
v -0.859568 -0.777924 0.965798
v -0.865122 -0.792046 0.954058
v -0.870933 -0.805885 0.941998
v -0.876752 -0.819326 0.929593
v -0.882300 -0.832199 0.916898
v -0.887296 -0.844439 0.904093
v -0.891339 -0.855998 0.891358
v -0.893804 -0.867290 0.878993
v -0.813025 -0.776016 1.000000
v -0.819770 -0.786427 0.988769
v -0.827051 -0.797107 0.977478
v -0.834809 -0.807922 0.966048
v -0.842796 -0.818708 0.954438
v -0.850848 -0.829339 0.942554
v -0.858767 -0.839719 0.930376
v -0.866282 -0.849632 0.918015
v -0.873148 -0.858901 0.905710
v -0.878983 -0.867292 0.893804
v -0.883110 -0.874812 0.883110
v -0.997833 -1.000000 0.352295
v -0.992144 -1.000000 0.404323
v -0.982248 -1.000000 0.455719
v -0.968832 -1.000000 0.506306
v -0.951426 -1.000000 0.555667
v -0.930586 -1.000000 0.603673
v -0.906055 -1.000000 0.649907
v -0.878260 -1.000000 0.694250
v -0.847147 -1.000000 0.736336
v -0.813025 -1.000000 0.776016
v -1.000000 -0.997833 0.352296
v -0.994512 -0.993179 0.399625
v -0.987405 -0.990551 0.446920
v -0.977327 -0.989268 0.493825
v -0.964375 -0.988606 0.540095
v -0.948054 -0.988407 0.585303
v -0.928718 -0.988384 0.629266
v -0.906098 -0.988454 0.671576
v -0.880554 -0.988569 0.712112
v -0.852000 -0.988688 0.750505
v -0.820638 -0.988769 0.786530
v -1.000000 -0.992144 0.404323
v -0.992047 -0.984989 0.446715
v -0.983324 -0.980470 0.489298
v -0.972774 -0.978134 0.531724
v -0.960104 -0.976947 0.573678
v -0.944759 -0.976616 0.614728
v -0.926847 -0.976617 0.654642
v -0.906075 -0.976795 0.693028
v -0.882734 -0.977052 0.729768
v -0.856720 -0.977308 0.764513
v -0.828183 -0.977478 0.797049
v -1.000000 -0.982248 0.455719
v -0.990538 -0.974203 0.493284
v -0.980577 -0.968891 0.531255
v -0.969434 -0.966051 0.569274
v -0.956847 -0.964658 0.606961
v -0.942244 -0.964358 0.643885
v -0.925546 -0.964495 0.679783
v -0.906452 -0.964868 0.714289
v -0.885178 -0.965332 0.747302
v -0.861613 -0.965768 0.778516
v -0.835870 -0.966048 0.807772
v -1.000000 -0.968832 0.506306
v -0.989545 -0.960835 0.539185
v -0.978760 -0.955559 0.572667
v -0.967192 -0.952803 0.606371
v -0.954628 -0.951568 0.639851
v -0.940570 -0.951497 0.672690
v -0.924879 -0.951917 0.704610
v -0.907280 -0.952597 0.735285
v -0.887918 -0.953351 0.764645
v -0.866675 -0.954021 0.792439
v -0.843619 -0.954438 0.818556
v -1.000000 -0.951426 0.555667
v -0.988997 -0.944392 0.584067
v -0.977757 -0.939971 0.613244
v -0.965955 -0.937921 0.642766
v -0.953431 -0.937274 0.672127
v -0.939804 -0.937718 0.700940
v -0.924958 -0.938641 0.728936
v -0.908669 -0.939801 0.755844
v -0.891026 -0.940973 0.781634
v -0.871915 -0.941959 0.806120
v -0.851371 -0.942554 0.829238
v -1.000000 -0.930586 0.603673
v -0.988704 -0.925158 0.627818
v -0.977236 -0.922185 0.652887
v -0.965362 -0.921330 0.678370
v -0.952965 -0.921661 0.703709
v -0.939772 -0.922922 0.728562
v -0.925697 -0.924593 0.752694
v -0.910576 -0.926423 0.775896
v -0.894467 -0.928158 0.798185
v -0.877285 -0.929555 0.819446
v -0.859050 -0.930376 0.839664
v -1.000000 -0.906055 0.649907
v -0.988605 -0.902880 0.670097
v -0.977087 -0.901915 0.691287
v -0.965277 -0.902721 0.712886
v -0.953092 -0.904445 0.734332
v -0.940334 -0.906877 0.755338
v -0.926944 -0.909603 0.775717
v -0.912822 -0.912363 0.795317
v -0.898035 -0.914881 0.814178
v -0.882551 -0.916864 0.832249
v -0.866416 -0.918015 0.849607
v -1.000000 -0.878260 0.694250
v -0.988622 -0.877903 0.710811
v -0.977155 -0.879383 0.728330
v -0.965477 -0.882197 0.746174
v -0.953527 -0.885662 0.763867
v -0.941162 -0.889600 0.781182
v -0.928343 -0.893694 0.797974
v -0.915043 -0.897670 0.814108
v -0.901373 -0.901244 0.829606
v -0.887385 -0.904066 0.844451
v -0.873196 -0.905710 0.858891
v -1.000000 -0.847147 0.736336
v -0.988699 -0.850149 0.749652
v -0.977330 -0.854437 0.763697
v -0.965798 -0.859568 0.777924
v -0.954058 -0.865122 0.792046
v -0.941998 -0.870933 0.805885
v -0.929593 -0.876752 0.819326
v -0.916898 -0.882300 0.832199
v -0.904093 -0.887296 0.844439
v -0.891358 -0.891339 0.855998
v -0.878993 -0.893804 0.867290
v -1.000000 -0.813025 0.776016
v -0.988769 -0.819770 0.786427
v -0.977478 -0.827051 0.797107
v -0.966048 -0.834809 0.807922
v -0.954438 -0.842796 0.818708
v -0.942554 -0.850848 0.829339
v -0.930376 -0.858767 0.839719
v -0.918015 -0.866282 0.849632
v -0.905710 -0.873148 0.858901
v -0.893804 -0.878983 0.867292
v -0.883110 -0.883110 0.874812
vn -0.0000 -1.0000 -0.0000
vn -1.0000 -0.0000 -0.0000
vn -0.0000 -0.0000 1.0000
vn -0.0000 1.0000 -0.0000
vn 1.0000 -0.0000 -0.0000
vn 0.0870 0.7044 -0.7044
vn 0.1303 0.2439 -0.9610
vn 0.1923 0.3260 -0.9256
vn 0.2418 0.4136 -0.8778
vn 0.2878 0.5204 -0.8040
vn 0.3210 0.5980 -0.7344
vn 0.3510 0.6642 -0.6601
vn 0.3756 0.7071 -0.5992
vn 0.4019 0.7369 -0.5436
vn 0.4322 0.7501 -0.5006
vn 0.4764 0.7431 -0.4699
vn 0.1400 0.9879 -0.0666
vn 0.1833 0.6259 -0.7580
vn 0.2165 0.4714 -0.8550
vn 0.2549 0.4728 -0.8435
vn 0.2941 0.5346 -0.7922
vn 0.3257 0.5970 -0.7332
vn 0.3555 0.6569 -0.6649
vn 0.3803 0.6982 -0.6065
vn 0.4070 0.7288 -0.5506
vn 0.4371 0.7453 -0.5034
vn 0.4765 0.7482 -0.4616
vn 0.2070 0.9731 -0.1010
vn 0.2277 0.7939 -0.5638
vn 0.2414 0.6188 -0.7475
vn 0.2664 0.5625 -0.7827
vn 0.2970 0.5765 -0.7612
vn 0.3266 0.6149 -0.7178
vn 0.3560 0.6615 -0.6600
vn 0.3810 0.6975 -0.6069
vn 0.4077 0.7270 -0.5525
vn 0.4367 0.7457 -0.5033
vn 0.4733 0.7528 -0.4574
vn 0.2651 0.9485 -0.1736
vn 0.2676 0.8223 -0.5021
vn 0.2675 0.6870 -0.6756
vn 0.2810 0.6231 -0.7300
vn 0.3034 0.6117 -0.7306
vn 0.3300 0.6312 -0.7019
vn 0.3582 0.6649 -0.6555
vn 0.3829 0.6950 -0.6086
vn 0.4094 0.7226 -0.5570
vn 0.4381 0.7419 -0.5077
vn 0.4742 0.7506 -0.4601
vn 0.3243 0.8981 -0.2970
vn 0.3072 0.7942 -0.5243
vn 0.2948 0.6965 -0.6542
vn 0.2995 0.6464 -0.7017
vn 0.3151 0.6296 -0.7101
vn 0.3379 0.6390 -0.6910
vn 0.3638 0.6631 -0.6542
vn 0.3877 0.6879 -0.6136
vn 0.4142 0.7130 -0.5658
vn 0.4433 0.7318 -0.5176
vn 0.4802 0.7412 -0.4690
vn 0.3682 0.8402 -0.3981
vn 0.3392 0.7517 -0.5656
vn 0.3201 0.6793 -0.6604
vn 0.3200 0.6447 -0.6942
vn 0.3304 0.6318 -0.7012
vn 0.3489 0.6383 -0.6862
vn 0.3718 0.6571 -0.6557
vn 0.3945 0.6779 -0.6203
vn 0.4210 0.7002 -0.5766
vn 0.4513 0.7176 -0.5305
vn 0.4898 0.7264 -0.4821
vn 0.4049 0.7647 -0.5013
vn 0.3673 0.6929 -0.6205
vn 0.3448 0.6426 -0.6842
vn 0.3422 0.6230 -0.7034
vn 0.3492 0.6173 -0.7050
vn 0.3643 0.6249 -0.6905
vn 0.3846 0.6417 -0.6636
vn 0.4061 0.6604 -0.6317
vn 0.4325 0.6807 -0.5912
vn 0.4638 0.6969 -0.5470
vn 0.5040 0.7048 -0.4993
vn 0.4280 0.6900 -0.5837
vn 0.3878 0.6359 -0.6673
vn 0.3665 0.6031 -0.7085
vn 0.3640 0.5934 -0.7179
vn 0.3700 0.5933 -0.7149
vn 0.3832 0.6024 -0.7002
vn 0.4016 0.6186 -0.6753
vn 0.4220 0.6364 -0.6457
vn 0.4480 0.6560 -0.6074
vn 0.4795 0.6717 -0.5647
vn 0.5203 0.6791 -0.5178
vn 0.4437 0.6108 -0.6558
vn 0.4071 0.5766 -0.7083
vn 0.3908 0.5590 -0.7313
vn 0.3896 0.5554 -0.7347
vn 0.3959 0.5594 -0.7283
vn 0.4082 0.5698 -0.7132
vn 0.4257 0.5859 -0.6896
vn 0.4452 0.6032 -0.6617
vn 0.4709 0.6225 -0.6251
vn 0.5014 0.6378 -0.5846
vn 0.5408 0.6450 -0.5399
vn 0.4535 0.5383 -0.7104
vn 0.4290 0.5241 -0.7357
vn 0.4195 0.5158 -0.7470
vn 0.4200 0.5154 -0.7469
vn 0.4274 0.5213 -0.7386
vn 0.4399 0.5320 -0.7235
vn 0.4570 0.5475 -0.7010
vn 0.4760 0.5644 -0.6744
vn 0.5002 0.5841 -0.6392
vn 0.5265 0.6010 -0.6013
vn 0.5604 0.6100 -0.5602
vn 0.7044 0.7044 -0.0870
vn 0.2439 0.9610 -0.1303
vn 0.3260 0.9256 -0.1923
vn 0.4136 0.8778 -0.2418
vn 0.5204 0.8040 -0.2878
vn 0.5980 0.7344 -0.3210
vn 0.6642 0.6601 -0.3510
vn 0.7071 0.5992 -0.3756
vn 0.7369 0.5436 -0.4019
vn 0.7501 0.5006 -0.4322
vn 0.7431 0.4699 -0.4764
vn 0.9879 0.0666 -0.1400
vn 0.6259 0.7580 -0.1833
vn 0.4714 0.8550 -0.2165
vn 0.4728 0.8435 -0.2549
vn 0.5346 0.7922 -0.2941
vn 0.5970 0.7332 -0.3257
vn 0.6569 0.6649 -0.3555
vn 0.6982 0.6065 -0.3803
vn 0.7288 0.5506 -0.4070
vn 0.7453 0.5034 -0.4371
vn 0.7482 0.4616 -0.4765
vn 0.9731 0.1010 -0.2070
vn 0.7939 0.5638 -0.2277
vn 0.6188 0.7475 -0.2414
vn 0.5625 0.7827 -0.2664
vn 0.5765 0.7612 -0.2970
vn 0.6149 0.7178 -0.3266
vn 0.6615 0.6600 -0.3560
vn 0.6975 0.6069 -0.3810
vn 0.7270 0.5525 -0.4077
vn 0.7457 0.5033 -0.4367
vn 0.7528 0.4574 -0.4733
vn 0.9485 0.1736 -0.2651
vn 0.8223 0.5021 -0.2676
vn 0.6870 0.6756 -0.2675
vn 0.6231 0.7300 -0.2810
vn 0.6117 0.7306 -0.3034
vn 0.6312 0.7019 -0.3300
vn 0.6649 0.6555 -0.3582
vn 0.6950 0.6086 -0.3829
vn 0.7226 0.5570 -0.4094
vn 0.7419 0.5077 -0.4381
vn 0.7506 0.4601 -0.4742
vn 0.8981 0.2970 -0.3243
vn 0.7942 0.5243 -0.3072
vn 0.6965 0.6542 -0.2948
vn 0.6464 0.7017 -0.2995
vn 0.6296 0.7101 -0.3151
vn 0.6390 0.6910 -0.3379
vn 0.6631 0.6542 -0.3638
vn 0.6879 0.6136 -0.3877
vn 0.7130 0.5658 -0.4142
vn 0.7318 0.5176 -0.4433
vn 0.7412 0.4690 -0.4802
vn 0.8402 0.3981 -0.3682
vn 0.7517 0.5656 -0.3392
vn 0.6793 0.6604 -0.3201
vn 0.6447 0.6942 -0.3200
vn 0.6318 0.7012 -0.3304
vn 0.6383 0.6861 -0.3489
vn 0.6571 0.6557 -0.3718
vn 0.6779 0.6203 -0.3945
vn 0.7002 0.5766 -0.4210
vn 0.7176 0.5305 -0.4513
vn 0.7264 0.4821 -0.4898
vn 0.7647 0.5013 -0.4049
vn 0.6929 0.6205 -0.3673
vn 0.6426 0.6842 -0.3448
vn 0.6230 0.7034 -0.3422
vn 0.6173 0.7050 -0.3492
vn 0.6249 0.6905 -0.3643
vn 0.6417 0.6636 -0.3846
vn 0.6604 0.6317 -0.4061
vn 0.6807 0.5912 -0.4325
vn 0.6969 0.5470 -0.4638
vn 0.7048 0.4993 -0.5040
vn 0.6900 0.5837 -0.4280
vn 0.6359 0.6673 -0.3878
vn 0.6031 0.7085 -0.3665
vn 0.5934 0.7179 -0.3640
vn 0.5933 0.7149 -0.3700
vn 0.6024 0.7002 -0.3832
vn 0.6186 0.6753 -0.4016
vn 0.6364 0.6457 -0.4220
vn 0.6560 0.6074 -0.4480
vn 0.6717 0.5647 -0.4795
vn 0.6791 0.5178 -0.5203
vn 0.6108 0.6558 -0.4437
vn 0.5766 0.7083 -0.4071
vn 0.5590 0.7313 -0.3908
vn 0.5554 0.7347 -0.3896
vn 0.5594 0.7283 -0.3959
vn 0.5698 0.7132 -0.4082
vn 0.5859 0.6896 -0.4257
vn 0.6032 0.6617 -0.4452
vn 0.6225 0.6251 -0.4709
vn 0.6378 0.5846 -0.5014
vn 0.6450 0.5399 -0.5408
vn 0.5383 0.7104 -0.4535
vn 0.5241 0.7357 -0.4290
vn 0.5158 0.7470 -0.4195
vn 0.5154 0.7469 -0.4200
vn 0.5213 0.7386 -0.4274
vn 0.5320 0.7235 -0.4399
vn 0.5475 0.7010 -0.4570
vn 0.5644 0.6744 -0.4760
vn 0.5841 0.6392 -0.5002
vn 0.6010 0.6013 -0.5265
vn 0.6100 0.5602 -0.5604
vn 0.7044 0.0870 -0.7044
vn 0.9610 0.1303 -0.2439
vn 0.9256 0.1923 -0.3260
vn 0.8778 0.2418 -0.4136
vn 0.8040 0.2878 -0.5204
vn 0.7344 0.3210 -0.5980
vn 0.6601 0.3510 -0.6642
vn 0.5992 0.3756 -0.7071
vn 0.5436 0.4019 -0.7369
vn 0.5006 0.4322 -0.7501
vn 0.4699 0.4764 -0.7431
vn 0.0666 0.1400 -0.9879
vn 0.7580 0.1833 -0.6259
vn 0.8550 0.2165 -0.4714
vn 0.8435 0.2549 -0.4728
vn 0.7922 0.2941 -0.5346
vn 0.7332 0.3257 -0.5970
vn 0.6649 0.3555 -0.6569
vn 0.6065 0.3803 -0.6982
vn 0.5506 0.4070 -0.7288
vn 0.5034 0.4371 -0.7453
vn 0.4616 0.4765 -0.7482
vn 0.1010 0.2070 -0.9731
vn 0.5638 0.2277 -0.7939
vn 0.7475 0.2414 -0.6188
vn 0.7827 0.2664 -0.5625
vn 0.7612 0.2970 -0.5765
vn 0.7178 0.3266 -0.6149
vn 0.6600 0.3560 -0.6615
vn 0.6069 0.3810 -0.6975
vn 0.5525 0.4077 -0.7270
vn 0.5033 0.4367 -0.7457
vn 0.4574 0.4733 -0.7528
vn 0.1736 0.2651 -0.9485
vn 0.5021 0.2676 -0.8223
vn 0.6756 0.2675 -0.6870
vn 0.7300 0.2810 -0.6231
vn 0.7306 0.3034 -0.6117
vn 0.7019 0.3300 -0.6312
vn 0.6555 0.3582 -0.6649
vn 0.6086 0.3829 -0.6950
vn 0.5570 0.4094 -0.7226
vn 0.5077 0.4381 -0.7419
vn 0.4601 0.4742 -0.7506
vn 0.2970 0.3243 -0.8981
vn 0.5243 0.3072 -0.7942
vn 0.6542 0.2948 -0.6965
vn 0.7017 0.2995 -0.6464
vn 0.7101 0.3151 -0.6296
vn 0.6910 0.3379 -0.6390
vn 0.6542 0.3638 -0.6631
vn 0.6136 0.3877 -0.6879
vn 0.5658 0.4142 -0.7130
vn 0.5176 0.4433 -0.7318
vn 0.4690 0.4802 -0.7412
vn 0.3981 0.3682 -0.8402
vn 0.5656 0.3392 -0.7517
vn 0.6604 0.3201 -0.6793
vn 0.6942 0.3200 -0.6447
vn 0.7012 0.3304 -0.6318
vn 0.6861 0.3489 -0.6383
vn 0.6557 0.3718 -0.6571
vn 0.6203 0.3945 -0.6779
vn 0.5766 0.4210 -0.7002
vn 0.5305 0.4513 -0.7176
vn 0.4821 0.4898 -0.7264
vn 0.5013 0.4049 -0.7647
vn 0.6205 0.3673 -0.6929
vn 0.6842 0.3448 -0.6426
vn 0.7034 0.3422 -0.6230
vn 0.7050 0.3492 -0.6173
vn 0.6905 0.3643 -0.6249
vn 0.6636 0.3846 -0.6417
vn 0.6317 0.4061 -0.6604
vn 0.5912 0.4325 -0.6807
vn 0.5470 0.4638 -0.6969
vn 0.4993 0.5040 -0.7048
vn 0.5837 0.4280 -0.6900
vn 0.6673 0.3878 -0.6359
vn 0.7085 0.3665 -0.6031
vn 0.7179 0.3640 -0.5934
vn 0.7149 0.3700 -0.5933
vn 0.7002 0.3832 -0.6024
vn 0.6753 0.4016 -0.6186
vn 0.6457 0.4220 -0.6364
vn 0.6074 0.4480 -0.6560
vn 0.5647 0.4795 -0.6717
vn 0.5178 0.5203 -0.6791
vn 0.6558 0.4437 -0.6108
vn 0.7083 0.4071 -0.5766
vn 0.7313 0.3908 -0.5590
vn 0.7347 0.3896 -0.5554
vn 0.7283 0.3959 -0.5594
vn 0.7132 0.4082 -0.5698
vn 0.6896 0.4257 -0.5859
vn 0.6617 0.4452 -0.6032
vn 0.6251 0.4709 -0.6225
vn 0.5846 0.5014 -0.6378
vn 0.5399 0.5408 -0.6450
vn 0.7104 0.4535 -0.5383
vn 0.7357 0.4290 -0.5241
vn 0.7470 0.4195 -0.5158
vn 0.7469 0.4200 -0.5154
vn 0.7386 0.4274 -0.5213
vn 0.7235 0.4399 -0.5320
vn 0.7010 0.4570 -0.5475
vn 0.6744 0.4760 -0.5644
vn 0.6392 0.5002 -0.5841
vn 0.6013 0.5265 -0.6010
vn 0.5602 0.5604 -0.6100
vn 0.5774 0.5774 -0.5774
vn 0.0870 -0.7045 -0.7044
vn 0.1303 -0.9610 -0.2439
vn 0.1923 -0.9256 -0.3260
vn 0.2418 -0.8778 -0.4136
vn 0.2878 -0.8040 -0.5204
vn 0.3210 -0.7344 -0.5980
vn 0.3510 -0.6601 -0.6642
vn 0.3756 -0.5992 -0.7071
vn 0.4019 -0.5436 -0.7369
vn 0.4322 -0.5006 -0.7501
vn 0.4764 -0.4699 -0.7431
vn 0.1400 -0.0666 -0.9879
vn 0.1833 -0.7580 -0.6259
vn 0.2165 -0.8550 -0.4714
vn 0.2549 -0.8435 -0.4728
vn 0.2941 -0.7922 -0.5346
vn 0.3257 -0.7332 -0.5970
vn 0.3555 -0.6649 -0.6569
vn 0.3803 -0.6065 -0.6982
vn 0.4070 -0.5506 -0.7288
vn 0.4371 -0.5034 -0.7453
vn 0.4765 -0.4616 -0.7482
vn 0.2070 -0.1010 -0.9731
vn 0.2277 -0.5638 -0.7939
vn 0.2414 -0.7475 -0.6188
vn 0.2664 -0.7827 -0.5625
vn 0.2970 -0.7612 -0.5765
vn 0.3266 -0.7178 -0.6149
vn 0.3560 -0.6600 -0.6615
vn 0.3810 -0.6069 -0.6975
vn 0.4077 -0.5525 -0.7270
vn 0.4367 -0.5033 -0.7457
vn 0.4733 -0.4574 -0.7528
vn 0.2651 -0.1736 -0.9485
vn 0.2676 -0.5021 -0.8223
vn 0.2675 -0.6756 -0.6870
vn 0.2810 -0.7300 -0.6231
vn 0.3034 -0.7306 -0.6117
vn 0.3300 -0.7019 -0.6312
vn 0.3582 -0.6555 -0.6649
vn 0.3829 -0.6086 -0.6950
vn 0.4094 -0.5570 -0.7226
vn 0.4381 -0.5077 -0.7419
vn 0.4742 -0.4601 -0.7506
vn 0.3243 -0.2970 -0.8981
vn 0.3072 -0.5243 -0.7942
vn 0.2948 -0.6542 -0.6965
vn 0.2995 -0.7017 -0.6464
vn 0.3151 -0.7101 -0.6296
vn 0.3379 -0.6910 -0.6390
vn 0.3638 -0.6542 -0.6631
vn 0.3877 -0.6136 -0.6879
vn 0.4142 -0.5658 -0.7130
vn 0.4433 -0.5176 -0.7318
vn 0.4802 -0.4690 -0.7412
vn 0.3682 -0.3981 -0.8402
vn 0.3392 -0.5656 -0.7517
vn 0.3201 -0.6604 -0.6793
vn 0.3200 -0.6942 -0.6447
vn 0.3304 -0.7012 -0.6318
vn 0.3489 -0.6862 -0.6383
vn 0.3718 -0.6557 -0.6571
vn 0.3945 -0.6203 -0.6779
vn 0.4210 -0.5766 -0.7002
vn 0.4513 -0.5305 -0.7176
vn 0.4898 -0.4821 -0.7264
vn 0.4049 -0.5013 -0.7647
vn 0.3673 -0.6205 -0.6929
vn 0.3448 -0.6842 -0.6426
vn 0.3422 -0.7034 -0.6230
vn 0.3492 -0.7050 -0.6173
vn 0.3643 -0.6905 -0.6249
vn 0.3846 -0.6636 -0.6417
vn 0.4060 -0.6317 -0.6604
vn 0.4325 -0.5912 -0.6807
vn 0.4638 -0.5470 -0.6969
vn 0.5040 -0.4993 -0.7048
vn 0.4280 -0.5837 -0.6900
vn 0.3878 -0.6673 -0.6359
vn 0.3665 -0.7085 -0.6031
vn 0.3640 -0.7179 -0.5934
vn 0.3700 -0.7149 -0.5933
vn 0.3832 -0.7002 -0.6024
vn 0.4016 -0.6753 -0.6186
vn 0.4220 -0.6457 -0.6364
vn 0.4480 -0.6074 -0.6560
vn 0.4795 -0.5647 -0.6717
vn 0.5203 -0.5178 -0.6791
vn 0.4437 -0.6558 -0.6108
vn 0.4071 -0.7083 -0.5766
vn 0.3908 -0.7313 -0.5590
vn 0.3896 -0.7347 -0.5554
vn 0.3959 -0.7283 -0.5594
vn 0.4082 -0.7132 -0.5698
vn 0.4257 -0.6896 -0.5859
vn 0.4452 -0.6617 -0.6032
vn 0.4709 -0.6251 -0.6225
vn 0.5014 -0.5846 -0.6378
vn 0.5408 -0.5399 -0.6450
vn 0.4535 -0.7104 -0.5383
vn 0.4290 -0.7357 -0.5241
vn 0.4195 -0.7470 -0.5158
vn 0.4200 -0.7469 -0.5154
vn 0.4274 -0.7386 -0.5213
vn 0.4399 -0.7235 -0.5320
vn 0.4570 -0.7010 -0.5475
vn 0.4760 -0.6744 -0.5644
vn 0.5002 -0.6392 -0.5841
vn 0.5265 -0.6013 -0.6010
vn 0.5604 -0.5602 -0.6100
vn 0.7044 -0.0870 -0.7045
vn 0.2439 -0.1303 -0.9610
vn 0.3260 -0.1923 -0.9256
vn 0.4136 -0.2418 -0.8778
vn 0.5204 -0.2878 -0.8040
vn 0.5980 -0.3210 -0.7344
vn 0.6642 -0.3510 -0.6601
vn 0.7071 -0.3756 -0.5992
vn 0.7369 -0.4019 -0.5436
vn 0.7501 -0.4322 -0.5006
vn 0.7431 -0.4764 -0.4699
vn 0.9879 -0.1400 -0.0666
vn 0.6259 -0.1833 -0.7580
vn 0.4714 -0.2165 -0.8550
vn 0.4728 -0.2549 -0.8435
vn 0.5346 -0.2941 -0.7922
vn 0.5970 -0.3257 -0.7332
vn 0.6569 -0.3555 -0.6649
vn 0.6982 -0.3803 -0.6065
vn 0.7288 -0.4070 -0.5506
vn 0.7453 -0.4371 -0.5034
vn 0.7482 -0.4765 -0.4616
vn 0.9731 -0.2070 -0.1010
vn 0.7939 -0.2277 -0.5638
vn 0.6188 -0.2414 -0.7475
vn 0.5625 -0.2664 -0.7827
vn 0.5765 -0.2970 -0.7612
vn 0.6149 -0.3266 -0.7178
vn 0.6615 -0.3560 -0.6600
vn 0.6975 -0.3810 -0.6069
vn 0.7270 -0.4077 -0.5525
vn 0.7457 -0.4367 -0.5033
vn 0.7528 -0.4733 -0.4574
vn 0.9485 -0.2651 -0.1736
vn 0.8223 -0.2676 -0.5021
vn 0.6870 -0.2675 -0.6756
vn 0.6231 -0.2810 -0.7300
vn 0.6117 -0.3034 -0.7306
vn 0.6312 -0.3300 -0.7019
vn 0.6649 -0.3582 -0.6555
vn 0.6950 -0.3829 -0.6086
vn 0.7226 -0.4094 -0.5570
vn 0.7419 -0.4381 -0.5077
vn 0.7506 -0.4742 -0.4601
vn 0.8981 -0.3243 -0.2970
vn 0.7942 -0.3072 -0.5243
vn 0.6965 -0.2948 -0.6542
vn 0.6464 -0.2995 -0.7017
vn 0.6296 -0.3151 -0.7101
vn 0.6390 -0.3379 -0.6910
vn 0.6631 -0.3638 -0.6542
vn 0.6879 -0.3877 -0.6136
vn 0.7130 -0.4142 -0.5658
vn 0.7318 -0.4433 -0.5176
vn 0.7412 -0.4802 -0.4690
vn 0.8402 -0.3682 -0.3981
vn 0.7517 -0.3392 -0.5656
vn 0.6793 -0.3201 -0.6604
vn 0.6447 -0.3200 -0.6942
vn 0.6318 -0.3304 -0.7012
vn 0.6383 -0.3489 -0.6862
vn 0.6571 -0.3718 -0.6557
vn 0.6779 -0.3945 -0.6203
vn 0.7002 -0.4210 -0.5766
vn 0.7176 -0.4513 -0.5305
vn 0.7264 -0.4898 -0.4821
vn 0.7647 -0.4049 -0.5013
vn 0.6929 -0.3673 -0.6205
vn 0.6426 -0.3448 -0.6842
vn 0.6230 -0.3422 -0.7034
vn 0.6173 -0.3492 -0.7050
vn 0.6249 -0.3643 -0.6905
vn 0.6417 -0.3846 -0.6636
vn 0.6604 -0.4060 -0.6317
vn 0.6807 -0.4325 -0.5912
vn 0.6969 -0.4638 -0.5470
vn 0.7048 -0.5040 -0.4993
vn 0.6900 -0.4280 -0.5837
vn 0.6359 -0.3878 -0.6673
vn 0.6031 -0.3665 -0.7085
vn 0.5934 -0.3640 -0.7179
vn 0.5933 -0.3700 -0.7149
vn 0.6024 -0.3832 -0.7002
vn 0.6186 -0.4016 -0.6753
vn 0.6364 -0.4220 -0.6457
vn 0.6560 -0.4480 -0.6074
vn 0.6717 -0.4795 -0.5647
vn 0.6791 -0.5203 -0.5178
vn 0.6108 -0.4437 -0.6558
vn 0.5766 -0.4071 -0.7083
vn 0.5590 -0.3908 -0.7313
vn 0.5554 -0.3896 -0.7347
vn 0.5594 -0.3959 -0.7283
vn 0.5698 -0.4082 -0.7132
vn 0.5859 -0.4257 -0.6896
vn 0.6032 -0.4452 -0.6617
vn 0.6225 -0.4709 -0.6251
vn 0.6378 -0.5014 -0.5846
vn 0.6450 -0.5408 -0.5399
vn 0.5383 -0.4535 -0.7104
vn 0.5241 -0.4290 -0.7357
vn 0.5158 -0.4195 -0.7470
vn 0.5154 -0.4200 -0.7469
vn 0.5213 -0.4274 -0.7386
vn 0.5320 -0.4399 -0.7235
vn 0.5475 -0.4570 -0.7010
vn 0.5644 -0.4760 -0.6744
vn 0.5841 -0.5002 -0.6392
vn 0.6010 -0.5265 -0.6013
vn 0.6100 -0.5604 -0.5602
vn 0.7045 -0.7044 -0.0870
vn 0.9610 -0.2439 -0.1303
vn 0.9256 -0.3260 -0.1923
vn 0.8778 -0.4136 -0.2418
vn 0.8040 -0.5204 -0.2878
vn 0.7344 -0.5980 -0.3210
vn 0.6601 -0.6642 -0.3510
vn 0.5992 -0.7071 -0.3756
vn 0.5436 -0.7369 -0.4019
vn 0.5006 -0.7501 -0.4322
vn 0.4699 -0.7431 -0.4764
vn 0.0666 -0.9879 -0.1400
vn 0.7580 -0.6259 -0.1833
vn 0.8550 -0.4714 -0.2165
vn 0.8435 -0.4728 -0.2549
vn 0.7922 -0.5346 -0.2941
vn 0.7332 -0.5970 -0.3257
vn 0.6649 -0.6569 -0.3555
vn 0.6065 -0.6982 -0.3803
vn 0.5506 -0.7288 -0.4070
vn 0.5034 -0.7453 -0.4371
vn 0.4616 -0.7482 -0.4765
vn 0.1010 -0.9731 -0.2070
vn 0.5638 -0.7939 -0.2277
vn 0.7475 -0.6188 -0.2414
vn 0.7827 -0.5625 -0.2664
vn 0.7612 -0.5765 -0.2970
vn 0.7178 -0.6149 -0.3266
vn 0.6600 -0.6615 -0.3560
vn 0.6069 -0.6975 -0.3810
vn 0.5525 -0.7270 -0.4077
vn 0.5033 -0.7457 -0.4367
vn 0.4574 -0.7528 -0.4733
vn 0.1736 -0.9485 -0.2651
vn 0.5021 -0.8223 -0.2676
vn 0.6756 -0.6870 -0.2675
vn 0.7300 -0.6231 -0.2810
vn 0.7306 -0.6117 -0.3034
vn 0.7019 -0.6312 -0.3300
vn 0.6555 -0.6649 -0.3582
vn 0.6086 -0.6950 -0.3829
vn 0.5570 -0.7226 -0.4094
vn 0.5077 -0.7419 -0.4381
vn 0.4601 -0.7506 -0.4742
vn 0.2970 -0.8981 -0.3243
vn 0.5243 -0.7942 -0.3072
vn 0.6542 -0.6965 -0.2948
vn 0.7017 -0.6464 -0.2995
vn 0.7101 -0.6296 -0.3151
vn 0.6910 -0.6390 -0.3379
vn 0.6542 -0.6631 -0.3638
vn 0.6136 -0.6879 -0.3877
vn 0.5658 -0.7130 -0.4142
vn 0.5176 -0.7318 -0.4433
vn 0.4690 -0.7412 -0.4802
vn 0.3981 -0.8402 -0.3682
vn 0.5656 -0.7517 -0.3392
vn 0.6604 -0.6793 -0.3201
vn 0.6942 -0.6447 -0.3200
vn 0.7012 -0.6318 -0.3304
vn 0.6862 -0.6383 -0.3489
vn 0.6557 -0.6571 -0.3718
vn 0.6203 -0.6779 -0.3945
vn 0.5766 -0.7002 -0.4210
vn 0.5305 -0.7176 -0.4513
vn 0.4821 -0.7264 -0.4898
vn 0.5013 -0.7647 -0.4049
vn 0.6205 -0.6929 -0.3673
vn 0.6842 -0.6426 -0.3448
vn 0.7034 -0.6230 -0.3422
vn 0.7050 -0.6173 -0.3492
vn 0.6905 -0.6249 -0.3643
vn 0.6636 -0.6417 -0.3846
vn 0.6317 -0.6604 -0.4060
vn 0.5912 -0.6807 -0.4325
vn 0.5470 -0.6969 -0.4638
vn 0.4993 -0.7048 -0.5040
vn 0.5837 -0.6900 -0.4280
vn 0.6673 -0.6359 -0.3878
vn 0.7085 -0.6031 -0.3665
vn 0.7179 -0.5934 -0.3640
vn 0.7149 -0.5933 -0.3700
vn 0.7002 -0.6024 -0.3832
vn 0.6753 -0.6186 -0.4016
vn 0.6457 -0.6364 -0.4220
vn 0.6074 -0.6560 -0.4480
vn 0.5647 -0.6717 -0.4795
vn 0.5178 -0.6791 -0.5203
vn 0.6558 -0.6108 -0.4437
vn 0.7083 -0.5766 -0.4071
vn 0.7313 -0.5590 -0.3908
vn 0.7347 -0.5554 -0.3896
vn 0.7283 -0.5594 -0.3959
vn 0.7132 -0.5698 -0.4082
vn 0.6896 -0.5859 -0.4257
vn 0.6617 -0.6032 -0.4452
vn 0.6251 -0.6225 -0.4709
vn 0.5846 -0.6378 -0.5014
vn 0.5399 -0.6450 -0.5408
vn 0.7104 -0.5383 -0.4535
vn 0.7357 -0.5241 -0.4290
vn 0.7470 -0.5158 -0.4195
vn 0.7469 -0.5154 -0.4200
vn 0.7386 -0.5213 -0.4274
vn 0.7235 -0.5320 -0.4399
vn 0.7010 -0.5475 -0.4570
vn 0.6744 -0.5644 -0.4760
vn 0.6392 -0.5841 -0.5002
vn 0.6013 -0.6010 -0.5265
vn 0.5602 -0.6100 -0.5604
vn 0.5774 -0.5774 -0.5774
vn 0.7045 0.7044 0.0870
vn 0.9610 0.2439 0.1303
vn 0.9256 0.3260 0.1923
vn 0.8778 0.4136 0.2418
vn 0.8040 0.5204 0.2878
vn 0.7344 0.5980 0.3210
vn 0.6601 0.6642 0.3510
vn 0.5992 0.7071 0.3756
vn 0.5436 0.7369 0.4019
vn 0.5006 0.7501 0.4322
vn 0.4699 0.7431 0.4764
vn 0.0666 0.9879 0.1400
vn 0.7580 0.6259 0.1833
vn 0.8550 0.4714 0.2165
vn 0.8435 0.4728 0.2549
vn 0.7922 0.5346 0.2941
vn 0.7332 0.5970 0.3257
vn 0.6649 0.6569 0.3555
vn 0.6065 0.6982 0.3803
vn 0.5506 0.7288 0.4070
vn 0.5034 0.7453 0.4371
vn 0.4616 0.7482 0.4765
vn 0.1010 0.9731 0.2070
vn 0.5638 0.7939 0.2277
vn 0.7475 0.6188 0.2414
vn 0.7827 0.5625 0.2664
vn 0.7612 0.5765 0.2970
vn 0.7178 0.6149 0.3266
vn 0.6600 0.6615 0.3560
vn 0.6069 0.6975 0.3810
vn 0.5525 0.7270 0.4077
vn 0.5033 0.7457 0.4367
vn 0.4574 0.7528 0.4733
vn 0.1736 0.9485 0.2651
vn 0.5021 0.8223 0.2676
vn 0.6756 0.6870 0.2675
vn 0.7300 0.6231 0.2810
vn 0.7306 0.6117 0.3034
vn 0.7019 0.6312 0.3300
vn 0.6555 0.6649 0.3582
vn 0.6086 0.6950 0.3829
vn 0.5570 0.7226 0.4094
vn 0.5077 0.7419 0.4381
vn 0.4601 0.7506 0.4742
vn 0.2970 0.8981 0.3243
vn 0.5243 0.7942 0.3072
vn 0.6542 0.6965 0.2948
vn 0.7017 0.6464 0.2995
vn 0.7101 0.6296 0.3151
vn 0.6910 0.6390 0.3379
vn 0.6542 0.6631 0.3638
vn 0.6136 0.6879 0.3877
vn 0.5658 0.7130 0.4142
vn 0.5176 0.7318 0.4433
vn 0.4690 0.7412 0.4802
vn 0.3981 0.8402 0.3682
vn 0.5656 0.7517 0.3392
vn 0.6604 0.6793 0.3201
vn 0.6942 0.6447 0.3200
vn 0.7012 0.6318 0.3304
vn 0.6862 0.6383 0.3489
vn 0.6557 0.6571 0.3718
vn 0.6203 0.6779 0.3945
vn 0.5766 0.7002 0.4210
vn 0.5305 0.7176 0.4513
vn 0.4821 0.7264 0.4898
vn 0.5013 0.7647 0.4049
vn 0.6205 0.6929 0.3673
vn 0.6842 0.6426 0.3448
vn 0.7034 0.6230 0.3422
vn 0.7050 0.6173 0.3492
vn 0.6905 0.6249 0.3643
vn 0.6636 0.6417 0.3846
vn 0.6317 0.6604 0.4060
vn 0.5912 0.6807 0.4325
vn 0.5470 0.6969 0.4638
vn 0.4993 0.7048 0.5040
vn 0.5837 0.6900 0.4280
vn 0.6673 0.6359 0.3878
vn 0.7085 0.6031 0.3665
vn 0.7179 0.5934 0.3640
vn 0.7149 0.5933 0.3700
vn 0.7002 0.6024 0.3832
vn 0.6753 0.6186 0.4016
vn 0.6457 0.6364 0.4220
vn 0.6074 0.6560 0.4480
vn 0.5647 0.6717 0.4795
vn 0.5178 0.6791 0.5203
vn 0.6558 0.6108 0.4437
vn 0.7083 0.5766 0.4071
vn 0.7313 0.5590 0.3908
vn 0.7347 0.5554 0.3896
vn 0.7283 0.5594 0.3959
vn 0.7132 0.5698 0.4082
vn 0.6896 0.5859 0.4257
vn 0.6617 0.6032 0.4452
vn 0.6251 0.6225 0.4709
vn 0.5846 0.6378 0.5014
vn 0.5399 0.6450 0.5408
vn 0.7104 0.5383 0.4535
vn 0.7357 0.5241 0.4290
vn 0.7470 0.5158 0.4195
vn 0.7469 0.5154 0.4200
vn 0.7386 0.5213 0.4274
vn 0.7235 0.5320 0.4399
vn 0.7010 0.5475 0.4570
vn 0.6744 0.5644 0.4760
vn 0.6392 0.5841 0.5002
vn 0.6013 0.6010 0.5265
vn 0.5602 0.6100 0.5604
vn 0.0870 0.7045 0.7044
vn 0.1303 0.9610 0.2439
vn 0.1923 0.9256 0.3260
vn 0.2418 0.8778 0.4136
vn 0.2878 0.8040 0.5204
vn 0.3210 0.7344 0.5980
vn 0.3510 0.6601 0.6642
vn 0.3756 0.5992 0.7071
vn 0.4019 0.5436 0.7369
vn 0.4322 0.5006 0.7501
vn 0.4764 0.4699 0.7431
vn 0.1400 0.0666 0.9879
vn 0.1833 0.7580 0.6259
vn 0.2165 0.8550 0.4714
vn 0.2549 0.8435 0.4728
vn 0.2941 0.7922 0.5346
vn 0.3257 0.7332 0.5970
vn 0.3555 0.6649 0.6569
vn 0.3803 0.6065 0.6982
vn 0.4070 0.5506 0.7288
vn 0.4371 0.5034 0.7453
vn 0.4765 0.4616 0.7482
vn 0.2070 0.1010 0.9731
vn 0.2277 0.5638 0.7939
vn 0.2414 0.7475 0.6188
vn 0.2664 0.7827 0.5625
vn 0.2970 0.7612 0.5765
vn 0.3266 0.7178 0.6149
vn 0.3560 0.6600 0.6615
vn 0.3810 0.6069 0.6975
vn 0.4077 0.5525 0.7270
vn 0.4367 0.5033 0.7457
vn 0.4733 0.4574 0.7528
vn 0.2651 0.1736 0.9485
vn 0.2676 0.5021 0.8223
vn 0.2675 0.6756 0.6870
vn 0.2810 0.7300 0.6231
vn 0.3034 0.7306 0.6117
vn 0.3300 0.7019 0.6312
vn 0.3582 0.6555 0.6649
vn 0.3829 0.6086 0.6950
vn 0.4094 0.5570 0.7226
vn 0.4381 0.5077 0.7419
vn 0.4742 0.4601 0.7506
vn 0.3243 0.2970 0.8981
vn 0.3072 0.5243 0.7942
vn 0.2948 0.6542 0.6965
vn 0.2995 0.7017 0.6464
vn 0.3151 0.7101 0.6296
vn 0.3379 0.6910 0.6390
vn 0.3638 0.6542 0.6631
vn 0.3877 0.6136 0.6879
vn 0.4142 0.5658 0.7130
vn 0.4433 0.5176 0.7318
vn 0.4802 0.4690 0.7412
vn 0.3682 0.3981 0.8402
vn 0.3392 0.5656 0.7517
vn 0.3201 0.6604 0.6793
vn 0.3200 0.6942 0.6447
vn 0.3304 0.7012 0.6318
vn 0.3489 0.6862 0.6383
vn 0.3718 0.6557 0.6571
vn 0.3945 0.6203 0.6779
vn 0.4210 0.5766 0.7002
vn 0.4513 0.5305 0.7176
vn 0.4898 0.4821 0.7264
vn 0.4049 0.5013 0.7647
vn 0.3673 0.6205 0.6929
vn 0.3448 0.6842 0.6426
vn 0.3422 0.7034 0.6230
vn 0.3492 0.7050 0.6173
vn 0.3643 0.6905 0.6249
vn 0.3846 0.6636 0.6417
vn 0.4060 0.6317 0.6604
vn 0.4325 0.5912 0.6807
vn 0.4638 0.5470 0.6969
vn 0.5040 0.4993 0.7048
vn 0.4280 0.5837 0.6900
vn 0.3878 0.6673 0.6359
vn 0.3665 0.7085 0.6031
vn 0.3640 0.7179 0.5934
vn 0.3700 0.7149 0.5933
vn 0.3832 0.7002 0.6024
vn 0.4016 0.6753 0.6186
vn 0.4220 0.6457 0.6364
vn 0.4480 0.6074 0.6560
vn 0.4795 0.5647 0.6717
vn 0.5203 0.5178 0.6791
vn 0.4437 0.6558 0.6108
vn 0.4071 0.7083 0.5766
vn 0.3908 0.7313 0.5590
vn 0.3896 0.7347 0.5554
vn 0.3959 0.7283 0.5594
vn 0.4082 0.7132 0.5698
vn 0.4257 0.6896 0.5859
vn 0.4452 0.6617 0.6032
vn 0.4709 0.6251 0.6225
vn 0.5014 0.5846 0.6378
vn 0.5408 0.5399 0.6450
vn 0.4535 0.7104 0.5383
vn 0.4290 0.7357 0.5241
vn 0.4195 0.7470 0.5158
vn 0.4200 0.7469 0.5154
vn 0.4274 0.7386 0.5213
vn 0.4399 0.7235 0.5320
vn 0.4570 0.7010 0.5475
vn 0.4760 0.6744 0.5644
vn 0.5002 0.6392 0.5841
vn 0.5265 0.6013 0.6010
vn 0.5604 0.5602 0.6100
vn 0.7044 0.0870 0.7045
vn 0.2439 0.1303 0.9610
vn 0.3260 0.1923 0.9256
vn 0.4136 0.2418 0.8778
vn 0.5204 0.2878 0.8040
vn 0.5980 0.3210 0.7344
vn 0.6642 0.3510 0.6601
vn 0.7071 0.3756 0.5992
vn 0.7369 0.4019 0.5436
vn 0.7501 0.4322 0.5006
vn 0.7431 0.4764 0.4699
vn 0.9879 0.1400 0.0666
vn 0.6259 0.1833 0.7580
vn 0.4714 0.2165 0.8550
vn 0.4728 0.2549 0.8435
vn 0.5346 0.2941 0.7922
vn 0.5970 0.3257 0.7332
vn 0.6569 0.3555 0.6649
vn 0.6982 0.3803 0.6065
vn 0.7288 0.4070 0.5506
vn 0.7453 0.4371 0.5034
vn 0.7482 0.4765 0.4616
vn 0.9731 0.2070 0.1010
vn 0.7939 0.2277 0.5638
vn 0.6188 0.2414 0.7475
vn 0.5625 0.2664 0.7827
vn 0.5765 0.2970 0.7612
vn 0.6149 0.3266 0.7178
vn 0.6615 0.3560 0.6600
vn 0.6975 0.3810 0.6069
vn 0.7270 0.4077 0.5525
vn 0.7457 0.4367 0.5033
vn 0.7528 0.4733 0.4574
vn 0.9485 0.2651 0.1736
vn 0.8223 0.2676 0.5021
vn 0.6870 0.2675 0.6756
vn 0.6231 0.2810 0.7300
vn 0.6117 0.3034 0.7306
vn 0.6312 0.3300 0.7019
vn 0.6649 0.3582 0.6555
vn 0.6950 0.3829 0.6086
vn 0.7226 0.4094 0.5570
vn 0.7419 0.4381 0.5077
vn 0.7506 0.4742 0.4601
vn 0.8981 0.3243 0.2970
vn 0.7942 0.3072 0.5243
vn 0.6965 0.2948 0.6542
vn 0.6464 0.2995 0.7017
vn 0.6296 0.3151 0.7101
vn 0.6390 0.3379 0.6910
vn 0.6631 0.3638 0.6542
vn 0.6879 0.3877 0.6136
vn 0.7130 0.4142 0.5658
vn 0.7318 0.4433 0.5176
vn 0.7412 0.4802 0.4690
vn 0.8402 0.3682 0.3981
vn 0.7517 0.3392 0.5656
vn 0.6793 0.3201 0.6604
vn 0.6447 0.3200 0.6942
vn 0.6318 0.3304 0.7012
vn 0.6383 0.3489 0.6862
vn 0.6571 0.3718 0.6557
vn 0.6779 0.3945 0.6203
vn 0.7002 0.4210 0.5766
vn 0.7176 0.4513 0.5305
vn 0.7264 0.4898 0.4821
vn 0.7647 0.4049 0.5013
vn 0.6929 0.3673 0.6205
vn 0.6426 0.3448 0.6842
vn 0.6230 0.3422 0.7034
vn 0.6173 0.3492 0.7050
vn 0.6249 0.3643 0.6905
vn 0.6417 0.3846 0.6636
vn 0.6604 0.4060 0.6317
vn 0.6807 0.4325 0.5912
vn 0.6969 0.4638 0.5470
vn 0.7048 0.5040 0.4993
vn 0.6900 0.4280 0.5837
vn 0.6359 0.3878 0.6673
vn 0.6031 0.3665 0.7085
vn 0.5934 0.3640 0.7179
vn 0.5933 0.3700 0.7149
vn 0.6024 0.3832 0.7002
vn 0.6186 0.4016 0.6753
vn 0.6364 0.4220 0.6457
vn 0.6560 0.4480 0.6074
vn 0.6717 0.4795 0.5647
vn 0.6791 0.5203 0.5178
vn 0.6108 0.4437 0.6558
vn 0.5766 0.4071 0.7083
vn 0.5590 0.3908 0.7313
vn 0.5554 0.3896 0.7347
vn 0.5594 0.3959 0.7283
vn 0.5698 0.4082 0.7132
vn 0.5859 0.4257 0.6896
vn 0.6032 0.4452 0.6617
vn 0.6225 0.4709 0.6251
vn 0.6378 0.5014 0.5846
vn 0.6450 0.5408 0.5399
vn 0.5383 0.4535 0.7104
vn 0.5241 0.4290 0.7357
vn 0.5158 0.4195 0.7470
vn 0.5154 0.4200 0.7469
vn 0.5213 0.4274 0.7386
vn 0.5320 0.4399 0.7235
vn 0.5475 0.4570 0.7010
vn 0.5644 0.4760 0.6744
vn 0.5841 0.5002 0.6392
vn 0.6010 0.5265 0.6013
vn 0.6100 0.5604 0.5602
vn 0.5774 0.5774 0.5774
vn 0.7044 -0.0870 0.7044
vn 0.9610 -0.1303 0.2439
vn 0.9256 -0.1923 0.3260
vn 0.8778 -0.2418 0.4136
vn 0.8040 -0.2878 0.5204
vn 0.7344 -0.3210 0.5980
vn 0.6601 -0.3510 0.6642
vn 0.5992 -0.3756 0.7071
vn 0.5436 -0.4019 0.7369
vn 0.5006 -0.4322 0.7501
vn 0.4699 -0.4764 0.7431
vn 0.0666 -0.1400 0.9879
vn 0.7580 -0.1833 0.6259
vn 0.8550 -0.2165 0.4714
vn 0.8435 -0.2549 0.4728
vn 0.7922 -0.2941 0.5346
vn 0.7332 -0.3257 0.5970
vn 0.6649 -0.3555 0.6569
vn 0.6065 -0.3803 0.6982
vn 0.5506 -0.4070 0.7288
vn 0.5034 -0.4371 0.7453
vn 0.4616 -0.4765 0.7482
vn 0.1010 -0.2070 0.9731
vn 0.5638 -0.2277 0.7939
vn 0.7475 -0.2414 0.6188
vn 0.7827 -0.2664 0.5625
vn 0.7612 -0.2970 0.5765
vn 0.7178 -0.3266 0.6149
vn 0.6600 -0.3560 0.6615
vn 0.6069 -0.3810 0.6975
vn 0.5525 -0.4077 0.7270
vn 0.5033 -0.4367 0.7457
vn 0.4574 -0.4733 0.7528
vn 0.1736 -0.2651 0.9485
vn 0.5021 -0.2676 0.8223
vn 0.6756 -0.2675 0.6870
vn 0.7300 -0.2810 0.6231
vn 0.7306 -0.3034 0.6117
vn 0.7019 -0.3300 0.6312
vn 0.6555 -0.3582 0.6649
vn 0.6086 -0.3829 0.6950
vn 0.5570 -0.4094 0.7226
vn 0.5077 -0.4381 0.7419
vn 0.4601 -0.4742 0.7506
vn 0.2970 -0.3243 0.8981
vn 0.5243 -0.3072 0.7942
vn 0.6542 -0.2948 0.6965
vn 0.7017 -0.2995 0.6464
vn 0.7101 -0.3151 0.6296
vn 0.6910 -0.3379 0.6390
vn 0.6542 -0.3638 0.6631
vn 0.6136 -0.3877 0.6879
vn 0.5658 -0.4142 0.7130
vn 0.5176 -0.4433 0.7318
vn 0.4690 -0.4802 0.7412
vn 0.3981 -0.3682 0.8402
vn 0.5656 -0.3392 0.7517
vn 0.6604 -0.3201 0.6793
vn 0.6942 -0.3200 0.6447
vn 0.7012 -0.3304 0.6318
vn 0.6861 -0.3489 0.6383
vn 0.6557 -0.3718 0.6571
vn 0.6203 -0.3945 0.6779
vn 0.5766 -0.4210 0.7002
vn 0.5305 -0.4513 0.7176
vn 0.4821 -0.4898 0.7264
vn 0.5013 -0.4049 0.7647
vn 0.6205 -0.3673 0.6929
vn 0.6842 -0.3448 0.6426
vn 0.7034 -0.3422 0.6230
vn 0.7050 -0.3492 0.6173
vn 0.6905 -0.3643 0.6249
vn 0.6636 -0.3846 0.6417
vn 0.6317 -0.4061 0.6604
vn 0.5912 -0.4325 0.6807
vn 0.5470 -0.4638 0.6969
vn 0.4993 -0.5040 0.7048
vn 0.5837 -0.4280 0.6900
vn 0.6673 -0.3878 0.6359
vn 0.7085 -0.3665 0.6031
vn 0.7179 -0.3640 0.5934
vn 0.7149 -0.3700 0.5933
vn 0.7002 -0.3832 0.6024
vn 0.6753 -0.4016 0.6186
vn 0.6457 -0.4220 0.6364
vn 0.6074 -0.4480 0.6560
vn 0.5647 -0.4795 0.6717
vn 0.5178 -0.5203 0.6791
vn 0.6558 -0.4437 0.6108
vn 0.7083 -0.4071 0.5766
vn 0.7313 -0.3908 0.5590
vn 0.7347 -0.3896 0.5554
vn 0.7283 -0.3959 0.5594
vn 0.7132 -0.4082 0.5698
vn 0.6896 -0.4257 0.5859
vn 0.6617 -0.4452 0.6032
vn 0.6251 -0.4709 0.6225
vn 0.5846 -0.5014 0.6378
vn 0.5399 -0.5408 0.6450
vn 0.7104 -0.4535 0.5383
vn 0.7357 -0.4290 0.5241
vn 0.7470 -0.4195 0.5158
vn 0.7469 -0.4200 0.5154
vn 0.7386 -0.4274 0.5213
vn 0.7235 -0.4399 0.5320
vn 0.7010 -0.4570 0.5475
vn 0.6744 -0.4760 0.5644
vn 0.6392 -0.5002 0.5841
vn 0.6013 -0.5265 0.6010
vn 0.5602 -0.5604 0.6100
vn 0.0870 -0.7044 0.7044
vn 0.1303 -0.2439 0.9610
vn 0.1923 -0.3260 0.9256
vn 0.2418 -0.4136 0.8778
vn 0.2878 -0.5204 0.8040
vn 0.3210 -0.5980 0.7344
vn 0.3510 -0.6642 0.6601
vn 0.3756 -0.7071 0.5992
vn 0.4019 -0.7369 0.5436
vn 0.4322 -0.7501 0.5006
vn 0.4764 -0.7431 0.4699
vn 0.1400 -0.9879 0.0666
vn 0.1833 -0.6259 0.7580
vn 0.2165 -0.4714 0.8550
vn 0.2549 -0.4728 0.8435
vn 0.2941 -0.5346 0.7922
vn 0.3257 -0.5970 0.7332
vn 0.3555 -0.6569 0.6649
vn 0.3803 -0.6982 0.6065
vn 0.4070 -0.7288 0.5506
vn 0.4371 -0.7453 0.5034
vn 0.4765 -0.7482 0.4616
vn 0.2070 -0.9731 0.1010
vn 0.2277 -0.7939 0.5638
vn 0.2414 -0.6188 0.7475
vn 0.2664 -0.5625 0.7827
vn 0.2970 -0.5765 0.7612
vn 0.3266 -0.6149 0.7178
vn 0.3560 -0.6615 0.6600
vn 0.3810 -0.6975 0.6069
vn 0.4077 -0.7270 0.5525
vn 0.4367 -0.7457 0.5033
vn 0.4733 -0.7528 0.4574
vn 0.2651 -0.9485 0.1736
vn 0.2676 -0.8223 0.5021
vn 0.2675 -0.6870 0.6756
vn 0.2810 -0.6231 0.7300
vn 0.3034 -0.6117 0.7306
vn 0.3300 -0.6312 0.7019
vn 0.3582 -0.6649 0.6555
vn 0.3829 -0.6950 0.6086
vn 0.4094 -0.7226 0.5570
vn 0.4381 -0.7419 0.5077
vn 0.4742 -0.7506 0.4601
vn 0.3243 -0.8981 0.2970
vn 0.3072 -0.7942 0.5243
vn 0.2948 -0.6965 0.6542
vn 0.2995 -0.6464 0.7017
vn 0.3151 -0.6296 0.7101
vn 0.3379 -0.6390 0.6910
vn 0.3638 -0.6631 0.6542
vn 0.3877 -0.6879 0.6136
vn 0.4142 -0.7130 0.5658
vn 0.4433 -0.7318 0.5176
vn 0.4802 -0.7412 0.4690
vn 0.3682 -0.8402 0.3981
vn 0.3392 -0.7517 0.5656
vn 0.3201 -0.6793 0.6604
vn 0.3200 -0.6447 0.6942
vn 0.3304 -0.6318 0.7012
vn 0.3489 -0.6383 0.6861
vn 0.3718 -0.6571 0.6557
vn 0.3945 -0.6779 0.6203
vn 0.4210 -0.7002 0.5766
vn 0.4513 -0.7176 0.5305
vn 0.4898 -0.7264 0.4821
vn 0.4049 -0.7647 0.5013
vn 0.3673 -0.6929 0.6205
vn 0.3448 -0.6426 0.6842
vn 0.3422 -0.6230 0.7034
vn 0.3492 -0.6173 0.7050
vn 0.3643 -0.6249 0.6905
vn 0.3846 -0.6417 0.6636
vn 0.4061 -0.6604 0.6317
vn 0.4325 -0.6807 0.5912
vn 0.4638 -0.6969 0.5470
vn 0.5040 -0.7048 0.4993
vn 0.4280 -0.6900 0.5837
vn 0.3878 -0.6359 0.6673
vn 0.3665 -0.6031 0.7085
vn 0.3640 -0.5934 0.7179
vn 0.3700 -0.5933 0.7149
vn 0.3832 -0.6024 0.7002
vn 0.4016 -0.6186 0.6753
vn 0.4220 -0.6364 0.6457
vn 0.4480 -0.6560 0.6074
vn 0.4795 -0.6717 0.5647
vn 0.5203 -0.6791 0.5178
vn 0.4437 -0.6108 0.6558
vn 0.4071 -0.5766 0.7083
vn 0.3908 -0.5590 0.7313
vn 0.3896 -0.5554 0.7347
vn 0.3959 -0.5594 0.7283
vn 0.4082 -0.5698 0.7132
vn 0.4257 -0.5859 0.6896
vn 0.4452 -0.6032 0.6617
vn 0.4709 -0.6225 0.6251
vn 0.5014 -0.6378 0.5846
vn 0.5408 -0.6450 0.5399
vn 0.4535 -0.5383 0.7104
vn 0.4290 -0.5241 0.7357
vn 0.4195 -0.5158 0.7470
vn 0.4200 -0.5154 0.7469
vn 0.4274 -0.5213 0.7386
vn 0.4399 -0.5320 0.7235
vn 0.4570 -0.5475 0.7010
vn 0.4760 -0.5644 0.6744
vn 0.5002 -0.5841 0.6392
vn 0.5265 -0.6010 0.6013
vn 0.5604 -0.6100 0.5602
vn 0.7044 -0.7044 0.0870
vn 0.2439 -0.9610 0.1303
vn 0.3260 -0.9256 0.1923
vn 0.4136 -0.8778 0.2418
vn 0.5204 -0.8040 0.2878
vn 0.5980 -0.7344 0.3210
vn 0.6642 -0.6601 0.3510
vn 0.7071 -0.5992 0.3756
vn 0.7369 -0.5436 0.4019
vn 0.7501 -0.5006 0.4322
vn 0.7431 -0.4699 0.4764
vn 0.9879 -0.0666 0.1400
vn 0.6259 -0.7580 0.1833
vn 0.4714 -0.8550 0.2165
vn 0.4728 -0.8435 0.2549
vn 0.5346 -0.7922 0.2941
vn 0.5970 -0.7332 0.3257
vn 0.6569 -0.6649 0.3555
vn 0.6982 -0.6065 0.3803
vn 0.7288 -0.5506 0.4070
vn 0.7453 -0.5034 0.4371
vn 0.7482 -0.4616 0.4765
vn 0.9731 -0.1010 0.2070
vn 0.7939 -0.5638 0.2277
vn 0.6188 -0.7475 0.2414
vn 0.5625 -0.7827 0.2664
vn 0.5765 -0.7612 0.2970
vn 0.6149 -0.7178 0.3266
vn 0.6615 -0.6600 0.3560
vn 0.6975 -0.6069 0.3810
vn 0.7270 -0.5525 0.4077
vn 0.7457 -0.5033 0.4367
vn 0.7528 -0.4574 0.4733
vn 0.9485 -0.1736 0.2651
vn 0.8223 -0.5021 0.2676
vn 0.6870 -0.6756 0.2675
vn 0.6231 -0.7300 0.2810
vn 0.6117 -0.7306 0.3034
vn 0.6312 -0.7019 0.3300
vn 0.6649 -0.6555 0.3582
vn 0.6950 -0.6086 0.3829
vn 0.7226 -0.5570 0.4094
vn 0.7419 -0.5077 0.4381
vn 0.7506 -0.4601 0.4742
vn 0.8981 -0.2970 0.3243
vn 0.7942 -0.5243 0.3072
vn 0.6965 -0.6542 0.2948
vn 0.6464 -0.7017 0.2995
vn 0.6296 -0.7101 0.3151
vn 0.6390 -0.6910 0.3379
vn 0.6631 -0.6542 0.3638
vn 0.6879 -0.6136 0.3877
vn 0.7130 -0.5658 0.4142
vn 0.7318 -0.5176 0.4433
vn 0.7412 -0.4690 0.4802
vn 0.8402 -0.3981 0.3682
vn 0.7517 -0.5656 0.3392
vn 0.6793 -0.6604 0.3201
vn 0.6447 -0.6942 0.3200
vn 0.6318 -0.7012 0.3304
vn 0.6383 -0.6862 0.3489
vn 0.6571 -0.6557 0.3718
vn 0.6779 -0.6203 0.3945
vn 0.7002 -0.5766 0.4210
vn 0.7176 -0.5305 0.4513
vn 0.7264 -0.4821 0.4898
vn 0.7647 -0.5013 0.4049
vn 0.6929 -0.6205 0.3673
vn 0.6426 -0.6842 0.3448
vn 0.6230 -0.7034 0.3422
vn 0.6173 -0.7050 0.3492
vn 0.6249 -0.6905 0.3643
vn 0.6417 -0.6636 0.3846
vn 0.6604 -0.6317 0.4061
vn 0.6807 -0.5912 0.4325
vn 0.6969 -0.5470 0.4638
vn 0.7048 -0.4993 0.5040
vn 0.6900 -0.5837 0.4280
vn 0.6359 -0.6673 0.3878
vn 0.6031 -0.7085 0.3665
vn 0.5934 -0.7179 0.3640
vn 0.5933 -0.7149 0.3700
vn 0.6024 -0.7002 0.3832
vn 0.6186 -0.6753 0.4016
vn 0.6364 -0.6457 0.4220
vn 0.6560 -0.6074 0.4480
vn 0.6717 -0.5647 0.4795
vn 0.6791 -0.5178 0.5203
vn 0.6108 -0.6558 0.4437
vn 0.5766 -0.7083 0.4071
vn 0.5590 -0.7313 0.3908
vn 0.5554 -0.7347 0.3896
vn 0.5594 -0.7283 0.3959
vn 0.5698 -0.7132 0.4082
vn 0.5859 -0.6896 0.4257
vn 0.6032 -0.6617 0.4452
vn 0.6225 -0.6251 0.4709
vn 0.6378 -0.5846 0.5014
vn 0.6450 -0.5399 0.5408
vn 0.5383 -0.7104 0.4535
vn 0.5241 -0.7357 0.4290
vn 0.5158 -0.7470 0.4195
vn 0.5154 -0.7469 0.4200
vn 0.5213 -0.7386 0.4274
vn 0.5320 -0.7235 0.4399
vn 0.5475 -0.7010 0.4570
vn 0.5644 -0.6744 0.4760
vn 0.5841 -0.6392 0.5002
vn 0.6010 -0.6013 0.5265
vn 0.6100 -0.5602 0.5604
vn 0.5774 -0.5774 0.5774
vn -0.7044 0.0870 -0.7045
vn -0.2439 0.1303 -0.9610
vn -0.3260 0.1923 -0.9256
vn -0.4136 0.2418 -0.8778
vn -0.5204 0.2878 -0.8040
vn -0.5980 0.3210 -0.7344
vn -0.6642 0.3510 -0.6601
vn -0.7071 0.3756 -0.5992
vn -0.7369 0.4019 -0.5436
vn -0.7501 0.4322 -0.5006
vn -0.7431 0.4764 -0.4699
vn -0.9879 0.1400 -0.0666
vn -0.6259 0.1833 -0.7580
vn -0.4714 0.2165 -0.8550
vn -0.4728 0.2549 -0.8435
vn -0.5346 0.2941 -0.7922
vn -0.5970 0.3257 -0.7332
vn -0.6569 0.3555 -0.6649
vn -0.6982 0.3803 -0.6065
vn -0.7288 0.4070 -0.5506
vn -0.7453 0.4371 -0.5034
vn -0.7482 0.4765 -0.4616
vn -0.9731 0.2070 -0.1010
vn -0.7939 0.2277 -0.5638
vn -0.6188 0.2414 -0.7475
vn -0.5625 0.2664 -0.7827
vn -0.5765 0.2970 -0.7612
vn -0.6149 0.3266 -0.7178
vn -0.6615 0.3560 -0.6600
vn -0.6975 0.3810 -0.6069
vn -0.7270 0.4077 -0.5525
vn -0.7457 0.4367 -0.5033
vn -0.7528 0.4733 -0.4574
vn -0.9485 0.2651 -0.1736
vn -0.8223 0.2676 -0.5021
vn -0.6870 0.2675 -0.6756
vn -0.6231 0.2810 -0.7300
vn -0.6117 0.3034 -0.7306
vn -0.6312 0.3300 -0.7019
vn -0.6649 0.3582 -0.6555
vn -0.6950 0.3829 -0.6086
vn -0.7226 0.4094 -0.5570
vn -0.7419 0.4381 -0.5077
vn -0.7506 0.4742 -0.4601
vn -0.8981 0.3243 -0.2970
vn -0.7942 0.3072 -0.5243
vn -0.6965 0.2948 -0.6542
vn -0.6464 0.2995 -0.7017
vn -0.6296 0.3151 -0.7101
vn -0.6390 0.3379 -0.6910
vn -0.6631 0.3638 -0.6542
vn -0.6879 0.3877 -0.6136
vn -0.7130 0.4142 -0.5658
vn -0.7318 0.4433 -0.5176
vn -0.7412 0.4802 -0.4690
vn -0.8402 0.3682 -0.3981
vn -0.7517 0.3392 -0.5656
vn -0.6793 0.3201 -0.6604
vn -0.6447 0.3200 -0.6942
vn -0.6318 0.3304 -0.7012
vn -0.6383 0.3489 -0.6862
vn -0.6571 0.3718 -0.6557
vn -0.6779 0.3945 -0.6203
vn -0.7002 0.4210 -0.5766
vn -0.7176 0.4513 -0.5305
vn -0.7264 0.4898 -0.4821
vn -0.7647 0.4049 -0.5013
vn -0.6929 0.3673 -0.6205
vn -0.6426 0.3448 -0.6842
vn -0.6230 0.3422 -0.7034
vn -0.6173 0.3492 -0.7050
vn -0.6249 0.3643 -0.6905
vn -0.6417 0.3846 -0.6636
vn -0.6604 0.4060 -0.6317
vn -0.6807 0.4325 -0.5912
vn -0.6969 0.4638 -0.5470
vn -0.7048 0.5040 -0.4993
vn -0.6900 0.4280 -0.5837
vn -0.6359 0.3878 -0.6673
vn -0.6031 0.3665 -0.7085
vn -0.5934 0.3640 -0.7179
vn -0.5933 0.3700 -0.7149
vn -0.6024 0.3832 -0.7002
vn -0.6186 0.4016 -0.6753
vn -0.6364 0.4220 -0.6457
vn -0.6560 0.4480 -0.6074
vn -0.6717 0.4795 -0.5647
vn -0.6791 0.5203 -0.5178
vn -0.6108 0.4437 -0.6558
vn -0.5766 0.4071 -0.7083
vn -0.5590 0.3908 -0.7313
vn -0.5554 0.3896 -0.7347
vn -0.5594 0.3959 -0.7283
vn -0.5698 0.4082 -0.7132
vn -0.5859 0.4257 -0.6896
vn -0.6032 0.4452 -0.6617
vn -0.6225 0.4709 -0.6251
vn -0.6378 0.5014 -0.5846
vn -0.6450 0.5408 -0.5399
vn -0.5383 0.4535 -0.7104
vn -0.5241 0.4290 -0.7357
vn -0.5158 0.4195 -0.7470
vn -0.5154 0.4200 -0.7469
vn -0.5213 0.4274 -0.7386
vn -0.5320 0.4399 -0.7235
vn -0.5475 0.4570 -0.7010
vn -0.5644 0.4760 -0.6744
vn -0.5841 0.5002 -0.6392
vn -0.6010 0.5265 -0.6013
vn -0.6100 0.5604 -0.5602
vn -0.7045 0.7044 -0.0870
vn -0.9610 0.2439 -0.1303
vn -0.9256 0.3260 -0.1923
vn -0.8778 0.4136 -0.2418
vn -0.8040 0.5204 -0.2878
vn -0.7344 0.5980 -0.3210
vn -0.6601 0.6642 -0.3510
vn -0.5992 0.7071 -0.3756
vn -0.5436 0.7369 -0.4019
vn -0.5006 0.7501 -0.4322
vn -0.4699 0.7431 -0.4764
vn -0.0666 0.9879 -0.1400
vn -0.7580 0.6259 -0.1833
vn -0.8550 0.4714 -0.2165
vn -0.8435 0.4728 -0.2549
vn -0.7922 0.5346 -0.2941
vn -0.7332 0.5970 -0.3257
vn -0.6649 0.6569 -0.3555
vn -0.6065 0.6982 -0.3803
vn -0.5506 0.7288 -0.4070
vn -0.5034 0.7453 -0.4371
vn -0.4616 0.7482 -0.4765
vn -0.1010 0.9731 -0.2070
vn -0.5638 0.7939 -0.2277
vn -0.7475 0.6188 -0.2414
vn -0.7827 0.5625 -0.2664
vn -0.7612 0.5765 -0.2970
vn -0.7178 0.6149 -0.3266
vn -0.6600 0.6615 -0.3560
vn -0.6069 0.6975 -0.3810
vn -0.5525 0.7270 -0.4077
vn -0.5033 0.7457 -0.4367
vn -0.4574 0.7528 -0.4733
vn -0.1736 0.9485 -0.2651
vn -0.5021 0.8223 -0.2676
vn -0.6756 0.6870 -0.2675
vn -0.7300 0.6231 -0.2810
vn -0.7306 0.6117 -0.3034
vn -0.7019 0.6312 -0.3300
vn -0.6555 0.6649 -0.3582
vn -0.6086 0.6950 -0.3829
vn -0.5570 0.7226 -0.4094
vn -0.5077 0.7419 -0.4381
vn -0.4601 0.7506 -0.4742
vn -0.2970 0.8981 -0.3243
vn -0.5243 0.7942 -0.3072
vn -0.6542 0.6965 -0.2948
vn -0.7017 0.6464 -0.2995
vn -0.7101 0.6296 -0.3151
vn -0.6910 0.6390 -0.3379
vn -0.6542 0.6631 -0.3638
vn -0.6136 0.6879 -0.3877
vn -0.5658 0.7130 -0.4142
vn -0.5176 0.7318 -0.4433
vn -0.4690 0.7412 -0.4802
vn -0.3981 0.8402 -0.3682
vn -0.5656 0.7517 -0.3392
vn -0.6604 0.6793 -0.3201
vn -0.6942 0.6447 -0.3200
vn -0.7012 0.6318 -0.3304
vn -0.6862 0.6383 -0.3489
vn -0.6557 0.6571 -0.3718
vn -0.6203 0.6779 -0.3945
vn -0.5766 0.7002 -0.4210
vn -0.5305 0.7176 -0.4513
vn -0.4821 0.7264 -0.4898
vn -0.5013 0.7647 -0.4049
vn -0.6205 0.6929 -0.3673
vn -0.6842 0.6426 -0.3448
vn -0.7034 0.6230 -0.3422
vn -0.7050 0.6173 -0.3492
vn -0.6905 0.6249 -0.3643
vn -0.6636 0.6417 -0.3846
vn -0.6317 0.6604 -0.4060
vn -0.5912 0.6807 -0.4325
vn -0.5470 0.6969 -0.4638
vn -0.4993 0.7048 -0.5040
vn -0.5837 0.6900 -0.4280
vn -0.6673 0.6359 -0.3878
vn -0.7085 0.6031 -0.3665
vn -0.7179 0.5934 -0.3640
vn -0.7149 0.5933 -0.3700
vn -0.7002 0.6024 -0.3832
vn -0.6753 0.6186 -0.4016
vn -0.6457 0.6364 -0.4220
vn -0.6074 0.6560 -0.4480
vn -0.5647 0.6717 -0.4795
vn -0.5178 0.6791 -0.5203
vn -0.6558 0.6108 -0.4437
vn -0.7083 0.5766 -0.4071
vn -0.7313 0.5590 -0.3908
vn -0.7347 0.5554 -0.3896
vn -0.7283 0.5594 -0.3959
vn -0.7132 0.5698 -0.4082
vn -0.6896 0.5859 -0.4257
vn -0.6617 0.6032 -0.4452
vn -0.6251 0.6225 -0.4709
vn -0.5846 0.6378 -0.5014
vn -0.5399 0.6450 -0.5408
vn -0.7104 0.5383 -0.4535
vn -0.7357 0.5241 -0.4290
vn -0.7470 0.5158 -0.4195
vn -0.7469 0.5154 -0.4200
vn -0.7386 0.5213 -0.4274
vn -0.7235 0.5320 -0.4399
vn -0.7010 0.5475 -0.4570
vn -0.6744 0.5644 -0.4760
vn -0.6392 0.5841 -0.5002
vn -0.6013 0.6010 -0.5265
vn -0.5602 0.6100 -0.5604
vn -0.0870 0.7045 -0.7044
vn -0.1303 0.9610 -0.2439
vn -0.1923 0.9256 -0.3260
vn -0.2418 0.8778 -0.4136
vn -0.2878 0.8040 -0.5204
vn -0.3210 0.7344 -0.5980
vn -0.3510 0.6601 -0.6642
vn -0.3756 0.5992 -0.7071
vn -0.4019 0.5436 -0.7369
vn -0.4322 0.5006 -0.7501
vn -0.4764 0.4699 -0.7431
vn -0.1400 0.0666 -0.9879
vn -0.1833 0.7580 -0.6259
vn -0.2165 0.8550 -0.4714
vn -0.2549 0.8435 -0.4728
vn -0.2941 0.7922 -0.5346
vn -0.3257 0.7332 -0.5970
vn -0.3555 0.6649 -0.6569
vn -0.3803 0.6065 -0.6982
vn -0.4070 0.5506 -0.7288
vn -0.4371 0.5034 -0.7453
vn -0.4765 0.4616 -0.7482
vn -0.2070 0.1010 -0.9731
vn -0.2277 0.5638 -0.7939
vn -0.2414 0.7475 -0.6188
vn -0.2664 0.7827 -0.5625
vn -0.2970 0.7612 -0.5765
vn -0.3266 0.7178 -0.6149
vn -0.3560 0.6600 -0.6615
vn -0.3810 0.6069 -0.6975
vn -0.4077 0.5525 -0.7270
vn -0.4367 0.5033 -0.7457
vn -0.4733 0.4574 -0.7528
vn -0.2651 0.1736 -0.9485
vn -0.2676 0.5021 -0.8223
vn -0.2675 0.6756 -0.6870
vn -0.2810 0.7300 -0.6231
vn -0.3034 0.7306 -0.6117
vn -0.3300 0.7019 -0.6312
vn -0.3582 0.6555 -0.6649
vn -0.3829 0.6086 -0.6950
vn -0.4094 0.5570 -0.7226
vn -0.4381 0.5077 -0.7419
vn -0.4742 0.4601 -0.7506
vn -0.3243 0.2970 -0.8981
vn -0.3072 0.5243 -0.7942
vn -0.2948 0.6542 -0.6965
vn -0.2995 0.7017 -0.6464
vn -0.3151 0.7101 -0.6296
vn -0.3379 0.6910 -0.6390
vn -0.3638 0.6542 -0.6631
vn -0.3877 0.6136 -0.6879
vn -0.4142 0.5658 -0.7130
vn -0.4433 0.5176 -0.7318
vn -0.4802 0.4690 -0.7412
vn -0.3682 0.3981 -0.8402
vn -0.3392 0.5656 -0.7517
vn -0.3201 0.6604 -0.6793
vn -0.3200 0.6942 -0.6447
vn -0.3304 0.7012 -0.6318
vn -0.3489 0.6862 -0.6383
vn -0.3718 0.6557 -0.6571
vn -0.3945 0.6203 -0.6779
vn -0.4210 0.5766 -0.7002
vn -0.4513 0.5305 -0.7176
vn -0.4898 0.4821 -0.7264
vn -0.4049 0.5013 -0.7647
vn -0.3673 0.6205 -0.6929
vn -0.3448 0.6842 -0.6426
vn -0.3422 0.7034 -0.6230
vn -0.3492 0.7050 -0.6173
vn -0.3643 0.6905 -0.6249
vn -0.3846 0.6636 -0.6417
vn -0.4060 0.6317 -0.6604
vn -0.4325 0.5912 -0.6807
vn -0.4638 0.5470 -0.6969
vn -0.5040 0.4993 -0.7048
vn -0.4280 0.5837 -0.6900
vn -0.3878 0.6673 -0.6359
vn -0.3665 0.7085 -0.6031
vn -0.3640 0.7179 -0.5934
vn -0.3700 0.7149 -0.5933
vn -0.3832 0.7002 -0.6024
vn -0.4016 0.6753 -0.6186
vn -0.4220 0.6457 -0.6364
vn -0.4480 0.6074 -0.6560
vn -0.4795 0.5647 -0.6717
vn -0.5203 0.5178 -0.6791
vn -0.4437 0.6558 -0.6108
vn -0.4071 0.7083 -0.5766
vn -0.3908 0.7313 -0.5590
vn -0.3896 0.7347 -0.5554
vn -0.3959 0.7283 -0.5594
vn -0.4082 0.7132 -0.5698
vn -0.4257 0.6896 -0.5859
vn -0.4452 0.6617 -0.6032
vn -0.4709 0.6251 -0.6225
vn -0.5014 0.5846 -0.6378
vn -0.5408 0.5399 -0.6450
vn -0.4535 0.7104 -0.5383
vn -0.4290 0.7357 -0.5241
vn -0.4195 0.7470 -0.5158
vn -0.4200 0.7469 -0.5154
vn -0.4274 0.7386 -0.5213
vn -0.4399 0.7235 -0.5320
vn -0.4570 0.7010 -0.5475
vn -0.4760 0.6744 -0.5644
vn -0.5002 0.6392 -0.5841
vn -0.5265 0.6013 -0.6010
vn -0.5604 0.5602 -0.6100
vn -0.5774 0.5774 -0.5774
vn -0.7044 -0.0870 -0.7044
vn -0.9610 -0.1303 -0.2439
vn -0.9256 -0.1923 -0.3260
vn -0.8778 -0.2418 -0.4136
vn -0.8040 -0.2878 -0.5204
vn -0.7344 -0.3210 -0.5980
vn -0.6601 -0.3510 -0.6642
vn -0.5992 -0.3756 -0.7071
vn -0.5436 -0.4019 -0.7369
vn -0.5006 -0.4322 -0.7501
vn -0.4699 -0.4764 -0.7431
vn -0.0666 -0.1400 -0.9879
vn -0.7580 -0.1833 -0.6259
vn -0.8550 -0.2165 -0.4714
vn -0.8435 -0.2549 -0.4728
vn -0.7922 -0.2941 -0.5346
vn -0.7332 -0.3257 -0.5970
vn -0.6649 -0.3555 -0.6569
vn -0.6065 -0.3803 -0.6982
vn -0.5506 -0.4070 -0.7288
vn -0.5034 -0.4371 -0.7453
vn -0.4616 -0.4765 -0.7482
vn -0.1010 -0.2070 -0.9731
vn -0.5638 -0.2277 -0.7939
vn -0.7475 -0.2414 -0.6188
vn -0.7827 -0.2664 -0.5625
vn -0.7612 -0.2970 -0.5765
vn -0.7178 -0.3266 -0.6149
vn -0.6600 -0.3560 -0.6615
vn -0.6069 -0.3810 -0.6975
vn -0.5525 -0.4077 -0.7270
vn -0.5033 -0.4367 -0.7457
vn -0.4574 -0.4733 -0.7528
vn -0.1736 -0.2651 -0.9485
vn -0.5021 -0.2676 -0.8223
vn -0.6756 -0.2675 -0.6870
vn -0.7300 -0.2810 -0.6231
vn -0.7306 -0.3034 -0.6117
vn -0.7019 -0.3300 -0.6312
vn -0.6555 -0.3582 -0.6649
vn -0.6086 -0.3829 -0.6950
vn -0.5570 -0.4094 -0.7226
vn -0.5077 -0.4381 -0.7419
vn -0.4601 -0.4742 -0.7506
vn -0.2970 -0.3243 -0.8981
vn -0.5243 -0.3072 -0.7942
vn -0.6542 -0.2948 -0.6965
vn -0.7017 -0.2995 -0.6464
vn -0.7101 -0.3151 -0.6296
vn -0.6910 -0.3379 -0.6390
vn -0.6542 -0.3638 -0.6631
vn -0.6136 -0.3877 -0.6879
vn -0.5658 -0.4142 -0.7130
vn -0.5176 -0.4433 -0.7318
vn -0.4690 -0.4802 -0.7412
vn -0.3981 -0.3682 -0.8402
vn -0.5656 -0.3392 -0.7517
vn -0.6604 -0.3201 -0.6793
vn -0.6942 -0.3200 -0.6447
vn -0.7012 -0.3304 -0.6318
vn -0.6862 -0.3489 -0.6383
vn -0.6557 -0.3718 -0.6571
vn -0.6203 -0.3945 -0.6779
vn -0.5766 -0.4210 -0.7002
vn -0.5305 -0.4513 -0.7176
vn -0.4821 -0.4898 -0.7264
vn -0.5013 -0.4049 -0.7647
vn -0.6205 -0.3673 -0.6929
vn -0.6842 -0.3448 -0.6426
vn -0.7034 -0.3422 -0.6230
vn -0.7050 -0.3492 -0.6173
vn -0.6905 -0.3643 -0.6249
vn -0.6636 -0.3846 -0.6417
vn -0.6317 -0.4061 -0.6604
vn -0.5912 -0.4325 -0.6807
vn -0.5470 -0.4638 -0.6969
vn -0.4993 -0.5040 -0.7048
vn -0.5837 -0.4280 -0.6900
vn -0.6673 -0.3878 -0.6359
vn -0.7085 -0.3665 -0.6031
vn -0.7179 -0.3640 -0.5934
vn -0.7149 -0.3700 -0.5933
vn -0.7002 -0.3832 -0.6024
vn -0.6753 -0.4016 -0.6186
vn -0.6457 -0.4220 -0.6364
vn -0.6074 -0.4480 -0.6560
vn -0.5647 -0.4795 -0.6717
vn -0.5178 -0.5203 -0.6791
vn -0.6558 -0.4437 -0.6108
vn -0.7083 -0.4071 -0.5766
vn -0.7313 -0.3908 -0.5590
vn -0.7347 -0.3896 -0.5554
vn -0.7283 -0.3959 -0.5594
vn -0.7132 -0.4082 -0.5698
vn -0.6896 -0.4257 -0.5859
vn -0.6617 -0.4452 -0.6032
vn -0.6251 -0.4709 -0.6225
vn -0.5846 -0.5014 -0.6378
vn -0.5399 -0.5408 -0.6450
vn -0.7104 -0.4535 -0.5383
vn -0.7357 -0.4290 -0.5241
vn -0.7470 -0.4195 -0.5158
vn -0.7469 -0.4200 -0.5154
vn -0.7386 -0.4274 -0.5213
vn -0.7235 -0.4399 -0.5320
vn -0.7010 -0.4570 -0.5475
vn -0.6744 -0.4760 -0.5644
vn -0.6392 -0.5002 -0.5841
vn -0.6013 -0.5265 -0.6010
vn -0.5602 -0.5604 -0.6100
vn -0.0870 -0.7044 -0.7044
vn -0.1303 -0.2439 -0.9610
vn -0.1923 -0.3260 -0.9256
vn -0.2418 -0.4136 -0.8778
vn -0.2878 -0.5204 -0.8040
vn -0.3210 -0.5980 -0.7344
vn -0.3510 -0.6642 -0.6601
vn -0.3756 -0.7071 -0.5992
vn -0.4019 -0.7369 -0.5436
vn -0.4322 -0.7501 -0.5006
vn -0.4764 -0.7431 -0.4699
vn -0.1400 -0.9879 -0.0666
vn -0.1833 -0.6259 -0.7580
vn -0.2165 -0.4714 -0.8550
vn -0.2549 -0.4728 -0.8435
vn -0.2941 -0.5346 -0.7922
vn -0.3257 -0.5970 -0.7332
vn -0.3555 -0.6569 -0.6649
vn -0.3803 -0.6982 -0.6065
vn -0.4070 -0.7288 -0.5506
vn -0.4371 -0.7453 -0.5034
vn -0.4765 -0.7482 -0.4616
vn -0.2070 -0.9731 -0.1010
vn -0.2277 -0.7939 -0.5638
vn -0.2414 -0.6188 -0.7475
vn -0.2664 -0.5625 -0.7827
vn -0.2970 -0.5765 -0.7612
vn -0.3266 -0.6149 -0.7178
vn -0.3560 -0.6615 -0.6600
vn -0.3810 -0.6975 -0.6069
vn -0.4077 -0.7270 -0.5525
vn -0.4367 -0.7457 -0.5033
vn -0.4733 -0.7528 -0.4574
vn -0.2651 -0.9485 -0.1736
vn -0.2676 -0.8223 -0.5021
vn -0.2675 -0.6870 -0.6756
vn -0.2810 -0.6231 -0.7300
vn -0.3034 -0.6117 -0.7306
vn -0.3300 -0.6312 -0.7019
vn -0.3582 -0.6649 -0.6555
vn -0.3829 -0.6950 -0.6086
vn -0.4094 -0.7226 -0.5570
vn -0.4381 -0.7419 -0.5077
vn -0.4742 -0.7506 -0.4601
vn -0.3243 -0.8981 -0.2970
vn -0.3072 -0.7942 -0.5243
vn -0.2948 -0.6965 -0.6542
vn -0.2995 -0.6464 -0.7017
vn -0.3151 -0.6296 -0.7101
vn -0.3379 -0.6390 -0.6910
vn -0.3638 -0.6631 -0.6542
vn -0.3877 -0.6879 -0.6136
vn -0.4142 -0.7130 -0.5658
vn -0.4433 -0.7318 -0.5176
vn -0.4802 -0.7412 -0.4690
vn -0.3682 -0.8402 -0.3981
vn -0.3392 -0.7517 -0.5656
vn -0.3201 -0.6793 -0.6604
vn -0.3200 -0.6447 -0.6942
vn -0.3304 -0.6318 -0.7012
vn -0.3489 -0.6383 -0.6862
vn -0.3718 -0.6571 -0.6557
vn -0.3945 -0.6779 -0.6203
vn -0.4210 -0.7002 -0.5766
vn -0.4513 -0.7176 -0.5305
vn -0.4898 -0.7264 -0.4821
vn -0.4049 -0.7647 -0.5013
vn -0.3673 -0.6929 -0.6205
vn -0.3448 -0.6426 -0.6842
vn -0.3422 -0.6230 -0.7034
vn -0.3492 -0.6173 -0.7050
vn -0.3643 -0.6249 -0.6905
vn -0.3846 -0.6417 -0.6636
vn -0.4061 -0.6604 -0.6317
vn -0.4325 -0.6807 -0.5912
vn -0.4638 -0.6969 -0.5470
vn -0.5040 -0.7048 -0.4993
vn -0.4280 -0.6900 -0.5837
vn -0.3878 -0.6359 -0.6673
vn -0.3665 -0.6031 -0.7085
vn -0.3640 -0.5934 -0.7179
vn -0.3700 -0.5933 -0.7149
vn -0.3832 -0.6024 -0.7002
vn -0.4016 -0.6186 -0.6753
vn -0.4220 -0.6364 -0.6457
vn -0.4480 -0.6560 -0.6074
vn -0.4795 -0.6717 -0.5647
vn -0.5203 -0.6791 -0.5178
vn -0.4437 -0.6108 -0.6558
vn -0.4071 -0.5766 -0.7083
vn -0.3908 -0.5590 -0.7313
vn -0.3896 -0.5554 -0.7347
vn -0.3959 -0.5594 -0.7283
vn -0.4082 -0.5698 -0.7132
vn -0.4257 -0.5859 -0.6896
vn -0.4452 -0.6032 -0.6617
vn -0.4709 -0.6225 -0.6251
vn -0.5014 -0.6378 -0.5846
vn -0.5408 -0.6450 -0.5399
vn -0.4535 -0.5383 -0.7104
vn -0.4290 -0.5241 -0.7357
vn -0.4195 -0.5158 -0.7470
vn -0.4200 -0.5154 -0.7469
vn -0.4274 -0.5213 -0.7386
vn -0.4399 -0.5320 -0.7235
vn -0.4570 -0.5475 -0.7010
vn -0.4760 -0.5644 -0.6744
vn -0.5002 -0.5841 -0.6392
vn -0.5265 -0.6010 -0.6013
vn -0.5604 -0.6100 -0.5602
vn -0.7044 -0.7044 -0.0870
vn -0.2439 -0.9610 -0.1303
vn -0.3260 -0.9256 -0.1923
vn -0.4136 -0.8778 -0.2418
vn -0.5204 -0.8040 -0.2878
vn -0.5980 -0.7344 -0.3210
vn -0.6642 -0.6601 -0.3510
vn -0.7071 -0.5992 -0.3756
vn -0.7369 -0.5436 -0.4019
vn -0.7501 -0.5006 -0.4322
vn -0.7431 -0.4699 -0.4764
vn -0.9879 -0.0666 -0.1400
vn -0.6259 -0.7580 -0.1833
vn -0.4714 -0.8550 -0.2165
vn -0.4728 -0.8435 -0.2549
vn -0.5346 -0.7922 -0.2941
vn -0.5970 -0.7332 -0.3257
vn -0.6569 -0.6649 -0.3555
vn -0.6982 -0.6065 -0.3803
vn -0.7288 -0.5506 -0.4070
vn -0.7453 -0.5034 -0.4371
vn -0.7482 -0.4616 -0.4765
vn -0.9731 -0.1010 -0.2070
vn -0.7939 -0.5638 -0.2277
vn -0.6188 -0.7475 -0.2414
vn -0.5625 -0.7827 -0.2664
vn -0.5765 -0.7612 -0.2970
vn -0.6149 -0.7178 -0.3266
vn -0.6615 -0.6600 -0.3560
vn -0.6975 -0.6069 -0.3810
vn -0.7270 -0.5525 -0.4077
vn -0.7457 -0.5033 -0.4367
vn -0.7528 -0.4574 -0.4733
vn -0.9485 -0.1736 -0.2651
vn -0.8223 -0.5021 -0.2676
vn -0.6870 -0.6756 -0.2675
vn -0.6231 -0.7300 -0.2810
vn -0.6117 -0.7306 -0.3034
vn -0.6312 -0.7019 -0.3300
vn -0.6649 -0.6555 -0.3582
vn -0.6950 -0.6086 -0.3829
vn -0.7226 -0.5570 -0.4094
vn -0.7419 -0.5077 -0.4381
vn -0.7506 -0.4601 -0.4742
vn -0.8981 -0.2970 -0.3243
vn -0.7942 -0.5243 -0.3072
vn -0.6965 -0.6542 -0.2948
vn -0.6464 -0.7017 -0.2995
vn -0.6296 -0.7101 -0.3151
vn -0.6390 -0.6910 -0.3379
vn -0.6631 -0.6542 -0.3638
vn -0.6879 -0.6136 -0.3877
vn -0.7130 -0.5658 -0.4142
vn -0.7318 -0.5176 -0.4433
vn -0.7412 -0.4690 -0.4802
vn -0.8402 -0.3981 -0.3682
vn -0.7517 -0.5656 -0.3392
vn -0.6793 -0.6604 -0.3201
vn -0.6447 -0.6942 -0.3200
vn -0.6318 -0.7012 -0.3304
vn -0.6383 -0.6862 -0.3489
vn -0.6571 -0.6557 -0.3718
vn -0.6779 -0.6203 -0.3945
vn -0.7002 -0.5766 -0.4210
vn -0.7176 -0.5305 -0.4513
vn -0.7264 -0.4821 -0.4898
vn -0.7647 -0.5013 -0.4049
vn -0.6929 -0.6205 -0.3673
vn -0.6426 -0.6842 -0.3448
vn -0.6230 -0.7034 -0.3422
vn -0.6173 -0.7050 -0.3492
vn -0.6249 -0.6905 -0.3643
vn -0.6417 -0.6636 -0.3846
vn -0.6604 -0.6317 -0.4061
vn -0.6807 -0.5912 -0.4325
vn -0.6969 -0.5470 -0.4638
vn -0.7048 -0.4993 -0.5040
vn -0.6900 -0.5837 -0.4280
vn -0.6359 -0.6673 -0.3878
vn -0.6031 -0.7085 -0.3665
vn -0.5934 -0.7179 -0.3640
vn -0.5933 -0.7149 -0.3700
vn -0.6024 -0.7002 -0.3832
vn -0.6186 -0.6753 -0.4016
vn -0.6364 -0.6457 -0.4220
vn -0.6560 -0.6074 -0.4480
vn -0.6717 -0.5647 -0.4795
vn -0.6791 -0.5178 -0.5203
vn -0.6108 -0.6558 -0.4437
vn -0.5766 -0.7083 -0.4071
vn -0.5590 -0.7313 -0.3908
vn -0.5554 -0.7347 -0.3896
vn -0.5594 -0.7283 -0.3959
vn -0.5698 -0.7132 -0.4082
vn -0.5859 -0.6896 -0.4257
vn -0.6032 -0.6617 -0.4452
vn -0.6225 -0.6251 -0.4709
vn -0.6378 -0.5846 -0.5014
vn -0.6450 -0.5399 -0.5408
vn -0.5383 -0.7104 -0.4535
vn -0.5241 -0.7357 -0.4290
vn -0.5158 -0.7470 -0.4195
vn -0.5154 -0.7469 -0.4200
vn -0.5213 -0.7386 -0.4274
vn -0.5320 -0.7235 -0.4399
vn -0.5475 -0.7010 -0.4570
vn -0.5644 -0.6744 -0.4760
vn -0.5841 -0.6392 -0.5002
vn -0.6010 -0.6013 -0.5265
vn -0.6100 -0.5602 -0.5604
vn -0.5774 -0.5774 -0.5774
vn -0.7044 0.0870 0.7044
vn -0.9610 0.1303 0.2439
vn -0.9256 0.1923 0.3260
vn -0.8778 0.2418 0.4136
vn -0.8040 0.2878 0.5204
vn -0.7344 0.3210 0.5980
vn -0.6601 0.3510 0.6642
vn -0.5992 0.3756 0.7071
vn -0.5436 0.4019 0.7369
vn -0.5006 0.4322 0.7501
vn -0.4699 0.4764 0.7431
vn -0.0666 0.1400 0.9879
vn -0.7580 0.1833 0.6259
vn -0.8550 0.2165 0.4714
vn -0.8435 0.2549 0.4728
vn -0.7922 0.2941 0.5346
vn -0.7332 0.3257 0.5970
vn -0.6649 0.3555 0.6569
vn -0.6065 0.3803 0.6982
vn -0.5506 0.4070 0.7288
vn -0.5034 0.4371 0.7453
vn -0.4616 0.4765 0.7482
vn -0.1010 0.2070 0.9731
vn -0.5638 0.2277 0.7939
vn -0.7475 0.2414 0.6188
vn -0.7827 0.2664 0.5625
vn -0.7612 0.2970 0.5765
vn -0.7178 0.3266 0.6149
vn -0.6600 0.3560 0.6615
vn -0.6069 0.3810 0.6975
vn -0.5525 0.4077 0.7270
vn -0.5033 0.4367 0.7457
vn -0.4574 0.4733 0.7528
vn -0.1736 0.2651 0.9485
vn -0.5021 0.2676 0.8223
vn -0.6756 0.2675 0.6870
vn -0.7300 0.2810 0.6231
vn -0.7306 0.3034 0.6117
vn -0.7019 0.3300 0.6312
vn -0.6555 0.3582 0.6649
vn -0.6086 0.3829 0.6950
vn -0.5570 0.4094 0.7226
vn -0.5077 0.4381 0.7419
vn -0.4601 0.4742 0.7506
vn -0.2970 0.3243 0.8981
vn -0.5243 0.3072 0.7942
vn -0.6542 0.2948 0.6965
vn -0.7017 0.2995 0.6464
vn -0.7101 0.3151 0.6296
vn -0.6910 0.3379 0.6390
vn -0.6542 0.3638 0.6631
vn -0.6136 0.3877 0.6879
vn -0.5658 0.4142 0.7130
vn -0.5176 0.4433 0.7318
vn -0.4690 0.4802 0.7412
vn -0.3981 0.3682 0.8402
vn -0.5656 0.3392 0.7517
vn -0.6604 0.3201 0.6793
vn -0.6942 0.3200 0.6447
vn -0.7012 0.3304 0.6318
vn -0.6862 0.3489 0.6383
vn -0.6557 0.3718 0.6571
vn -0.6203 0.3945 0.6779
vn -0.5766 0.4210 0.7002
vn -0.5305 0.4513 0.7176
vn -0.4821 0.4898 0.7264
vn -0.5013 0.4049 0.7647
vn -0.6205 0.3673 0.6929
vn -0.6842 0.3448 0.6426
vn -0.7034 0.3422 0.6230
vn -0.7050 0.3492 0.6173
vn -0.6905 0.3643 0.6249
vn -0.6636 0.3846 0.6417
vn -0.6317 0.4061 0.6604
vn -0.5912 0.4325 0.6807
vn -0.5470 0.4638 0.6969
vn -0.4993 0.5040 0.7048
vn -0.5837 0.4280 0.6900
vn -0.6673 0.3878 0.6359
vn -0.7085 0.3665 0.6031
vn -0.7179 0.3640 0.5934
vn -0.7149 0.3700 0.5933
vn -0.7002 0.3832 0.6024
vn -0.6753 0.4016 0.6186
vn -0.6457 0.4220 0.6364
vn -0.6074 0.4480 0.6560
vn -0.5647 0.4795 0.6717
vn -0.5178 0.5203 0.6791
vn -0.6558 0.4437 0.6108
vn -0.7083 0.4071 0.5766
vn -0.7313 0.3908 0.5590
vn -0.7347 0.3896 0.5554
vn -0.7283 0.3959 0.5594
vn -0.7132 0.4082 0.5698
vn -0.6896 0.4257 0.5859
vn -0.6617 0.4452 0.6032
vn -0.6251 0.4709 0.6225
vn -0.5846 0.5014 0.6378
vn -0.5399 0.5408 0.6450
vn -0.7104 0.4535 0.5383
vn -0.7357 0.4290 0.5241
vn -0.7470 0.4195 0.5158
vn -0.7469 0.4200 0.5154
vn -0.7386 0.4274 0.5213
vn -0.7235 0.4399 0.5320
vn -0.7010 0.4570 0.5475
vn -0.6744 0.4760 0.5644
vn -0.6392 0.5002 0.5841
vn -0.6013 0.5265 0.6010
vn -0.5602 0.5604 0.6100
vn -0.0870 0.7044 0.7044
vn -0.1303 0.2439 0.9610
vn -0.1923 0.3260 0.9256
vn -0.2418 0.4136 0.8778
vn -0.2878 0.5204 0.8040
vn -0.3210 0.5980 0.7344
vn -0.3510 0.6642 0.6601
vn -0.3756 0.7071 0.5992
vn -0.4019 0.7369 0.5436
vn -0.4322 0.7501 0.5006
vn -0.4764 0.7431 0.4699
vn -0.1400 0.9879 0.0666
vn -0.1833 0.6259 0.7580
vn -0.2165 0.4714 0.8550
vn -0.2549 0.4728 0.8435
vn -0.2941 0.5346 0.7922
vn -0.3257 0.5970 0.7332
vn -0.3555 0.6569 0.6649
vn -0.3803 0.6982 0.6065
vn -0.4070 0.7288 0.5506
vn -0.4371 0.7453 0.5034
vn -0.4765 0.7482 0.4616
vn -0.2070 0.9731 0.1010
vn -0.2277 0.7939 0.5638
vn -0.2414 0.6188 0.7475
vn -0.2664 0.5625 0.7827
vn -0.2970 0.5765 0.7612
vn -0.3266 0.6149 0.7178
vn -0.3560 0.6615 0.6600
vn -0.3810 0.6975 0.6069
vn -0.4077 0.7270 0.5525
vn -0.4367 0.7457 0.5033
vn -0.4733 0.7528 0.4574
vn -0.2651 0.9485 0.1736
vn -0.2676 0.8223 0.5021
vn -0.2675 0.6870 0.6756
vn -0.2810 0.6231 0.7300
vn -0.3034 0.6117 0.7306
vn -0.3300 0.6312 0.7019
vn -0.3582 0.6649 0.6555
vn -0.3829 0.6950 0.6086
vn -0.4094 0.7226 0.5570
vn -0.4381 0.7419 0.5077
vn -0.4742 0.7506 0.4601
vn -0.3243 0.8981 0.2970
vn -0.3072 0.7942 0.5243
vn -0.2948 0.6965 0.6542
vn -0.2995 0.6464 0.7017
vn -0.3151 0.6296 0.7101
vn -0.3379 0.6390 0.6910
vn -0.3638 0.6631 0.6542
vn -0.3877 0.6879 0.6136
vn -0.4142 0.7130 0.5658
vn -0.4433 0.7318 0.5176
vn -0.4802 0.7412 0.4690
vn -0.3682 0.8402 0.3981
vn -0.3392 0.7517 0.5656
vn -0.3201 0.6793 0.6604
vn -0.3200 0.6447 0.6942
vn -0.3304 0.6318 0.7012
vn -0.3489 0.6383 0.6861
vn -0.3718 0.6571 0.6557
vn -0.3945 0.6779 0.6203
vn -0.4210 0.7002 0.5766
vn -0.4513 0.7176 0.5305
vn -0.4898 0.7264 0.4821
vn -0.4049 0.7647 0.5013
vn -0.3673 0.6929 0.6205
vn -0.3448 0.6426 0.6842
vn -0.3422 0.6230 0.7034
vn -0.3492 0.6173 0.7050
vn -0.3643 0.6249 0.6905
vn -0.3846 0.6417 0.6636
vn -0.4061 0.6604 0.6317
vn -0.4325 0.6807 0.5912
vn -0.4638 0.6969 0.5470
vn -0.5040 0.7048 0.4993
vn -0.4280 0.6900 0.5837
vn -0.3878 0.6359 0.6673
vn -0.3665 0.6031 0.7085
vn -0.3640 0.5934 0.7179
vn -0.3700 0.5933 0.7149
vn -0.3832 0.6024 0.7002
vn -0.4016 0.6186 0.6753
vn -0.4220 0.6364 0.6457
vn -0.4480 0.6560 0.6074
vn -0.4795 0.6717 0.5647
vn -0.5203 0.6791 0.5178
vn -0.4437 0.6108 0.6558
vn -0.4071 0.5766 0.7083
vn -0.3908 0.5590 0.7313
vn -0.3896 0.5554 0.7347
vn -0.3959 0.5594 0.7283
vn -0.4082 0.5698 0.7132
vn -0.4257 0.5859 0.6896
vn -0.4452 0.6032 0.6617
vn -0.4709 0.6225 0.6251
vn -0.5014 0.6378 0.5846
vn -0.5408 0.6450 0.5399
vn -0.4535 0.5383 0.7104
vn -0.4290 0.5241 0.7357
vn -0.4195 0.5158 0.7470
vn -0.4200 0.5154 0.7469
vn -0.4274 0.5213 0.7386
vn -0.4399 0.5320 0.7235
vn -0.4570 0.5475 0.7010
vn -0.4760 0.5644 0.6744
vn -0.5002 0.5841 0.6392
vn -0.5265 0.6010 0.6013
vn -0.5604 0.6100 0.5602
vn -0.7044 0.7044 0.0870
vn -0.2439 0.9610 0.1303
vn -0.3260 0.9256 0.1923
vn -0.4136 0.8778 0.2418
vn -0.5204 0.8040 0.2878
vn -0.5980 0.7344 0.3210
vn -0.6642 0.6601 0.3510
vn -0.7071 0.5992 0.3756
vn -0.7369 0.5436 0.4019
vn -0.7501 0.5006 0.4322
vn -0.7431 0.4699 0.4764
vn -0.9879 0.0666 0.1400
vn -0.6259 0.7580 0.1833
vn -0.4714 0.8550 0.2165
vn -0.4728 0.8435 0.2549
vn -0.5346 0.7922 0.2941
vn -0.5970 0.7332 0.3257
vn -0.6569 0.6649 0.3555
vn -0.6982 0.6065 0.3803
vn -0.7288 0.5506 0.4070
vn -0.7453 0.5034 0.4371
vn -0.7482 0.4616 0.4765
vn -0.9731 0.1010 0.2070
vn -0.7939 0.5638 0.2277
vn -0.6188 0.7475 0.2414
vn -0.5625 0.7827 0.2664
vn -0.5765 0.7612 0.2970
vn -0.6149 0.7178 0.3266
vn -0.6615 0.6600 0.3560
vn -0.6975 0.6069 0.3810
vn -0.7270 0.5525 0.4077
vn -0.7457 0.5033 0.4367
vn -0.7528 0.4574 0.4733
vn -0.9485 0.1736 0.2651
vn -0.8223 0.5021 0.2676
vn -0.6870 0.6756 0.2675
vn -0.6231 0.7300 0.2810
vn -0.6117 0.7306 0.3034
vn -0.6312 0.7019 0.3300
vn -0.6649 0.6555 0.3582
vn -0.6950 0.6086 0.3829
vn -0.7226 0.5570 0.4094
vn -0.7419 0.5077 0.4381
vn -0.7506 0.4601 0.4742
vn -0.8981 0.2970 0.3243
vn -0.7942 0.5243 0.3072
vn -0.6965 0.6542 0.2948
vn -0.6464 0.7017 0.2995
vn -0.6296 0.7101 0.3151
vn -0.6390 0.6910 0.3379
vn -0.6631 0.6542 0.3638
vn -0.6879 0.6136 0.3877
vn -0.7130 0.5658 0.4142
vn -0.7318 0.5176 0.4433
vn -0.7412 0.4690 0.4802
vn -0.8402 0.3981 0.3682
vn -0.7517 0.5656 0.3392
vn -0.6793 0.6604 0.3201
vn -0.6447 0.6942 0.3200
vn -0.6318 0.7012 0.3304
vn -0.6383 0.6861 0.3489
vn -0.6571 0.6557 0.3718
vn -0.6779 0.6203 0.3945
vn -0.7002 0.5766 0.4210
vn -0.7176 0.5305 0.4513
vn -0.7264 0.4821 0.4898
vn -0.7647 0.5013 0.4049
vn -0.6929 0.6205 0.3673
vn -0.6426 0.6842 0.3448
vn -0.6230 0.7034 0.3422
vn -0.6173 0.7050 0.3492
vn -0.6249 0.6905 0.3643
vn -0.6417 0.6636 0.3846
vn -0.6604 0.6317 0.4061
vn -0.6807 0.5912 0.4325
vn -0.6969 0.5470 0.4638
vn -0.7048 0.4993 0.5040
vn -0.6900 0.5837 0.4280
vn -0.6359 0.6673 0.3878
vn -0.6031 0.7085 0.3665
vn -0.5934 0.7179 0.3640
vn -0.5933 0.7149 0.3700
vn -0.6024 0.7002 0.3832
vn -0.6186 0.6753 0.4016
vn -0.6364 0.6457 0.4220
vn -0.6560 0.6074 0.4480
vn -0.6717 0.5647 0.4795
vn -0.6791 0.5178 0.5203
vn -0.6108 0.6558 0.4437
vn -0.5766 0.7083 0.4071
vn -0.5590 0.7313 0.3908
vn -0.5554 0.7347 0.3896
vn -0.5594 0.7283 0.3959
vn -0.5698 0.7132 0.4082
vn -0.5859 0.6896 0.4257
vn -0.6032 0.6617 0.4452
vn -0.6225 0.6251 0.4709
vn -0.6378 0.5846 0.5014
vn -0.6450 0.5399 0.5408
vn -0.5383 0.7104 0.4535
vn -0.5241 0.7357 0.4290
vn -0.5158 0.7470 0.4195
vn -0.5154 0.7469 0.4200
vn -0.5213 0.7386 0.4274
vn -0.5320 0.7235 0.4399
vn -0.5475 0.7010 0.4570
vn -0.5644 0.6744 0.4760
vn -0.5841 0.6392 0.5002
vn -0.6010 0.6013 0.5265
vn -0.6100 0.5602 0.5604
vn -0.5774 0.5774 0.5774
vn -0.0870 -0.7045 0.7044
vn -0.1303 -0.9610 0.2439
vn -0.1923 -0.9256 0.3260
vn -0.2418 -0.8778 0.4136
vn -0.2878 -0.8040 0.5204
vn -0.3210 -0.7344 0.5980
vn -0.3510 -0.6601 0.6642
vn -0.3756 -0.5992 0.7071
vn -0.4019 -0.5436 0.7369
vn -0.4322 -0.5006 0.7501
vn -0.4764 -0.4699 0.7431
vn -0.1400 -0.0666 0.9879
vn -0.1833 -0.7580 0.6259
vn -0.2165 -0.8550 0.4714
vn -0.2549 -0.8435 0.4728
vn -0.2941 -0.7922 0.5346
vn -0.3257 -0.7332 0.5970
vn -0.3555 -0.6649 0.6569
vn -0.3803 -0.6065 0.6982
vn -0.4070 -0.5506 0.7288
vn -0.4371 -0.5034 0.7453
vn -0.4765 -0.4616 0.7482
vn -0.2070 -0.1010 0.9731
vn -0.2277 -0.5638 0.7939
vn -0.2414 -0.7475 0.6188
vn -0.2664 -0.7827 0.5625
vn -0.2970 -0.7612 0.5765
vn -0.3266 -0.7178 0.6149
vn -0.3560 -0.6600 0.6615
vn -0.3810 -0.6069 0.6975
vn -0.4077 -0.5525 0.7270
vn -0.4367 -0.5033 0.7457
vn -0.4733 -0.4574 0.7528
vn -0.2651 -0.1736 0.9485
vn -0.2676 -0.5021 0.8223
vn -0.2675 -0.6756 0.6870
vn -0.2810 -0.7300 0.6231
vn -0.3034 -0.7306 0.6117
vn -0.3300 -0.7019 0.6312
vn -0.3582 -0.6555 0.6649
vn -0.3829 -0.6086 0.6950
vn -0.4094 -0.5570 0.7226
vn -0.4381 -0.5077 0.7419
vn -0.4742 -0.4601 0.7506
vn -0.3243 -0.2970 0.8981
vn -0.3072 -0.5243 0.7942
vn -0.2948 -0.6542 0.6965
vn -0.2995 -0.7017 0.6464
vn -0.3151 -0.7101 0.6296
vn -0.3379 -0.6910 0.6390
vn -0.3638 -0.6542 0.6631
vn -0.3877 -0.6136 0.6879
vn -0.4142 -0.5658 0.7130
vn -0.4433 -0.5176 0.7318
vn -0.4802 -0.4690 0.7412
vn -0.3682 -0.3981 0.8402
vn -0.3392 -0.5656 0.7517
vn -0.3201 -0.6604 0.6793
vn -0.3200 -0.6942 0.6447
vn -0.3304 -0.7012 0.6318
vn -0.3489 -0.6862 0.6383
vn -0.3718 -0.6557 0.6571
vn -0.3945 -0.6203 0.6779
vn -0.4210 -0.5766 0.7002
vn -0.4513 -0.5305 0.7176
vn -0.4898 -0.4821 0.7264
vn -0.4049 -0.5013 0.7647
vn -0.3673 -0.6205 0.6929
vn -0.3448 -0.6842 0.6426
vn -0.3422 -0.7034 0.6230
vn -0.3492 -0.7050 0.6173
vn -0.3643 -0.6905 0.6249
vn -0.3846 -0.6636 0.6417
vn -0.4060 -0.6317 0.6604
vn -0.4325 -0.5912 0.6807
vn -0.4638 -0.5470 0.6969
vn -0.5040 -0.4993 0.7048
vn -0.4280 -0.5837 0.6900
vn -0.3878 -0.6673 0.6359
vn -0.3665 -0.7085 0.6031
vn -0.3640 -0.7179 0.5934
vn -0.3700 -0.7149 0.5933
vn -0.3832 -0.7002 0.6024
vn -0.4016 -0.6753 0.6186
vn -0.4220 -0.6457 0.6364
vn -0.4480 -0.6074 0.6560
vn -0.4795 -0.5647 0.6717
vn -0.5203 -0.5178 0.6791
vn -0.4437 -0.6558 0.6108
vn -0.4071 -0.7083 0.5766
vn -0.3908 -0.7313 0.5590
vn -0.3896 -0.7347 0.5554
vn -0.3959 -0.7283 0.5594
vn -0.4082 -0.7132 0.5698
vn -0.4257 -0.6896 0.5859
vn -0.4452 -0.6617 0.6032
vn -0.4709 -0.6251 0.6225
vn -0.5014 -0.5846 0.6378
vn -0.5408 -0.5399 0.6450
vn -0.4535 -0.7104 0.5383
vn -0.4290 -0.7357 0.5241
vn -0.4195 -0.7470 0.5158
vn -0.4200 -0.7469 0.5154
vn -0.4274 -0.7386 0.5213
vn -0.4399 -0.7235 0.5320
vn -0.4570 -0.7010 0.5475
vn -0.4760 -0.6744 0.5644
vn -0.5002 -0.6392 0.5841
vn -0.5265 -0.6013 0.6010
vn -0.5604 -0.5602 0.6100
vn -0.7044 -0.0870 0.7045
vn -0.2439 -0.1303 0.9610
vn -0.3260 -0.1923 0.9256
vn -0.4136 -0.2418 0.8778
vn -0.5204 -0.2878 0.8040
vn -0.5980 -0.3210 0.7344
vn -0.6642 -0.3510 0.6601
vn -0.7071 -0.3756 0.5992
vn -0.7369 -0.4019 0.5436
vn -0.7501 -0.4322 0.5006
vn -0.7431 -0.4764 0.4699
vn -0.9879 -0.1400 0.0666
vn -0.6259 -0.1833 0.7580
vn -0.4714 -0.2165 0.8550
vn -0.4728 -0.2549 0.8435
vn -0.5346 -0.2941 0.7922
vn -0.5970 -0.3257 0.7332
vn -0.6569 -0.3555 0.6649
vn -0.6982 -0.3803 0.6065
vn -0.7288 -0.4070 0.5506
vn -0.7453 -0.4371 0.5034
vn -0.7482 -0.4765 0.4616
vn -0.9731 -0.2070 0.1010
vn -0.7939 -0.2277 0.5638
vn -0.6188 -0.2414 0.7475
vn -0.5625 -0.2664 0.7827
vn -0.5765 -0.2970 0.7612
vn -0.6149 -0.3266 0.7178
vn -0.6615 -0.3560 0.6600
vn -0.6975 -0.3810 0.6069
vn -0.7270 -0.4077 0.5525
vn -0.7457 -0.4367 0.5033
vn -0.7528 -0.4733 0.4574
vn -0.9485 -0.2651 0.1736
vn -0.8223 -0.2676 0.5021
vn -0.6870 -0.2675 0.6756
vn -0.6231 -0.2810 0.7300
vn -0.6117 -0.3034 0.7306
vn -0.6312 -0.3300 0.7019
vn -0.6649 -0.3582 0.6555
vn -0.6950 -0.3829 0.6086
vn -0.7226 -0.4094 0.5570
vn -0.7419 -0.4381 0.5077
vn -0.7506 -0.4742 0.4601
vn -0.8981 -0.3243 0.2970
vn -0.7942 -0.3072 0.5243
vn -0.6965 -0.2948 0.6542
vn -0.6464 -0.2995 0.7017
vn -0.6296 -0.3151 0.7101
vn -0.6390 -0.3379 0.6910
vn -0.6631 -0.3638 0.6542
vn -0.6879 -0.3877 0.6136
vn -0.7130 -0.4142 0.5658
vn -0.7318 -0.4433 0.5176
vn -0.7412 -0.4802 0.4690
vn -0.8402 -0.3682 0.3981
vn -0.7517 -0.3392 0.5656
vn -0.6793 -0.3201 0.6604
vn -0.6447 -0.3200 0.6942
vn -0.6318 -0.3304 0.7012
vn -0.6383 -0.3489 0.6862
vn -0.6571 -0.3718 0.6557
vn -0.6779 -0.3945 0.6203
vn -0.7002 -0.4210 0.5766
vn -0.7176 -0.4513 0.5305
vn -0.7264 -0.4898 0.4821
vn -0.7647 -0.4049 0.5013
vn -0.6929 -0.3673 0.6205
vn -0.6426 -0.3448 0.6842
vn -0.6230 -0.3422 0.7034
vn -0.6173 -0.3492 0.7050
vn -0.6249 -0.3643 0.6905
vn -0.6417 -0.3846 0.6636
vn -0.6604 -0.4060 0.6317
vn -0.6807 -0.4325 0.5912
vn -0.6969 -0.4638 0.5470
vn -0.7048 -0.5040 0.4993
vn -0.6900 -0.4280 0.5837
vn -0.6359 -0.3878 0.6673
vn -0.6031 -0.3665 0.7085
vn -0.5934 -0.3640 0.7179
vn -0.5933 -0.3700 0.7149
vn -0.6024 -0.3832 0.7002
vn -0.6186 -0.4016 0.6753
vn -0.6364 -0.4220 0.6457
vn -0.6560 -0.4480 0.6074
vn -0.6717 -0.4795 0.5647
vn -0.6791 -0.5203 0.5178
vn -0.6108 -0.4437 0.6558
vn -0.5766 -0.4071 0.7083
vn -0.5590 -0.3908 0.7313
vn -0.5554 -0.3896 0.7347
vn -0.5594 -0.3959 0.7283
vn -0.5698 -0.4082 0.7132
vn -0.5859 -0.4257 0.6896
vn -0.6032 -0.4452 0.6617
vn -0.6225 -0.4709 0.6251
vn -0.6378 -0.5014 0.5846
vn -0.6450 -0.5408 0.5399
vn -0.5383 -0.4535 0.7104
vn -0.5241 -0.4290 0.7357
vn -0.5158 -0.4195 0.7470
vn -0.5154 -0.4200 0.7469
vn -0.5213 -0.4274 0.7386
vn -0.5320 -0.4399 0.7235
vn -0.5475 -0.4570 0.7010
vn -0.5644 -0.4760 0.6744
vn -0.5841 -0.5002 0.6392
vn -0.6010 -0.5265 0.6013
vn -0.6100 -0.5604 0.5602
vn -0.7045 -0.7044 0.0870
vn -0.9610 -0.2439 0.1303
vn -0.9256 -0.3260 0.1923
vn -0.8778 -0.4136 0.2418
vn -0.8040 -0.5204 0.2878
vn -0.7344 -0.5980 0.3210
vn -0.6601 -0.6642 0.3510
vn -0.5992 -0.7071 0.3756
vn -0.5436 -0.7369 0.4019
vn -0.5006 -0.7501 0.4322
vn -0.4699 -0.7431 0.4764
vn -0.0666 -0.9879 0.1400
vn -0.7580 -0.6259 0.1833
vn -0.8550 -0.4714 0.2165
vn -0.8435 -0.4728 0.2549
vn -0.7922 -0.5346 0.2941
vn -0.7332 -0.5970 0.3257
vn -0.6649 -0.6569 0.3555
vn -0.6065 -0.6982 0.3803
vn -0.5506 -0.7288 0.4070
vn -0.5034 -0.7453 0.4371
vn -0.4616 -0.7482 0.4765
vn -0.1010 -0.9731 0.2070
vn -0.5638 -0.7939 0.2277
vn -0.7475 -0.6188 0.2414
vn -0.7827 -0.5625 0.2664
vn -0.7612 -0.5765 0.2970
vn -0.7178 -0.6149 0.3266
vn -0.6600 -0.6615 0.3560
vn -0.6069 -0.6975 0.3810
vn -0.5525 -0.7270 0.4077
vn -0.5033 -0.7457 0.4367
vn -0.4574 -0.7528 0.4733
vn -0.1736 -0.9485 0.2651
vn -0.5021 -0.8223 0.2676
vn -0.6756 -0.6870 0.2675
vn -0.7300 -0.6231 0.2810
vn -0.7306 -0.6117 0.3034
vn -0.7019 -0.6312 0.3300
vn -0.6555 -0.6649 0.3582
vn -0.6086 -0.6950 0.3829
vn -0.5570 -0.7226 0.4094
vn -0.5077 -0.7419 0.4381
vn -0.4601 -0.7506 0.4742
vn -0.2970 -0.8981 0.3243
vn -0.5243 -0.7942 0.3072
vn -0.6542 -0.6965 0.2948
vn -0.7017 -0.6464 0.2995
vn -0.7101 -0.6296 0.3151
vn -0.6910 -0.6390 0.3379
vn -0.6542 -0.6631 0.3638
vn -0.6136 -0.6879 0.3877
vn -0.5658 -0.7130 0.4142
vn -0.5176 -0.7318 0.4433
vn -0.4690 -0.7412 0.4802
vn -0.3981 -0.8402 0.3682
vn -0.5656 -0.7517 0.3392
vn -0.6604 -0.6793 0.3201
vn -0.6942 -0.6447 0.3200
vn -0.7012 -0.6318 0.3304
vn -0.6862 -0.6383 0.3489
vn -0.6557 -0.6571 0.3718
vn -0.6203 -0.6779 0.3945
vn -0.5766 -0.7002 0.4210
vn -0.5305 -0.7176 0.4513
vn -0.4821 -0.7264 0.4898
vn -0.5013 -0.7647 0.4049
vn -0.6205 -0.6929 0.3673
vn -0.6842 -0.6426 0.3448
vn -0.7034 -0.6230 0.3422
vn -0.7050 -0.6173 0.3492
vn -0.6905 -0.6249 0.3643
vn -0.6636 -0.6417 0.3846
vn -0.6317 -0.6604 0.4060
vn -0.5912 -0.6807 0.4325
vn -0.5470 -0.6969 0.4638
vn -0.4993 -0.7048 0.5040
vn -0.5837 -0.6900 0.4280
vn -0.6673 -0.6359 0.3878
vn -0.7085 -0.6031 0.3665
vn -0.7179 -0.5934 0.3640
vn -0.7149 -0.5933 0.3700
vn -0.7002 -0.6024 0.3832
vn -0.6753 -0.6186 0.4016
vn -0.6457 -0.6364 0.4220
vn -0.6074 -0.6560 0.4480
vn -0.5647 -0.6717 0.4795
vn -0.5178 -0.6791 0.5203
vn -0.6558 -0.6108 0.4437
vn -0.7083 -0.5766 0.4071
vn -0.7313 -0.5590 0.3908
vn -0.7347 -0.5554 0.3896
vn -0.7283 -0.5594 0.3959
vn -0.7132 -0.5698 0.4082
vn -0.6896 -0.5859 0.4257
vn -0.6617 -0.6032 0.4452
vn -0.6251 -0.6225 0.4709
vn -0.5846 -0.6378 0.5014
vn -0.5399 -0.6450 0.5408
vn -0.7104 -0.5383 0.4535
vn -0.7357 -0.5241 0.4290
vn -0.7470 -0.5158 0.4195
vn -0.7469 -0.5154 0.4200
vn -0.7386 -0.5213 0.4274
vn -0.7235 -0.5320 0.4399
vn -0.7010 -0.5475 0.4570
vn -0.6744 -0.5644 0.4760
vn -0.6392 -0.5841 0.5002
vn -0.6013 -0.6010 0.5265
vn -0.5602 -0.6100 0.5604
vn -0.5774 -0.5774 0.5774
vn -0.0000 -0.0000 -1.0000
vt -0.000765 0.587500
vt -0.000404 0.580963
vt 0.000546 0.574460
vt 0.002198 0.568035
vt 0.004437 0.561712
vt 0.007343 0.555542
vt 0.010821 0.549541
vt 0.014916 0.543762
vt 0.019556 0.538219
vt 0.024749 0.532958
vt 0.030445 0.527998
vt 0.036623 0.523372
vt 0.043246 0.519107
vt 0.050271 0.515218
vt 0.057673 0.511743
vt 0.065390 0.508677
vt 0.073404 0.506072
vt 0.081643 0.503896
vt 0.090087 0.502219
vt 0.098666 0.500982
vt 0.107351 0.500271
vt 0.116080 0.500000
vt 0.216233 0.500000
vt 0.224962 0.500271
vt 0.233647 0.500982
vt 0.242226 0.502219
vt 0.250670 0.503896
vt 0.258909 0.506072
vt 0.266923 0.508677
vt 0.274640 0.511743
vt 0.282042 0.515217
vt 0.289067 0.519107
vt 0.295690 0.523372
vt 0.301868 0.527998
vt 0.307564 0.532958
vt 0.312757 0.538219
vt 0.317397 0.543762
vt 0.321492 0.549541
vt 0.324970 0.555542
vt 0.327876 0.561712
vt 0.330115 0.568035
vt 0.331767 0.574460
vt 0.332716 0.580963
vt 0.333078 0.587500
vt 0.333078 0.662500
vt 0.332716 0.669037
vt 0.331767 0.675540
vt 0.330115 0.681965
vt 0.327876 0.688288
vt 0.324970 0.694458
vt 0.321491 0.700459
vt 0.317397 0.706238
vt 0.312757 0.711781
vt 0.307564 0.717042
vt 0.301868 0.722002
vt 0.295690 0.726628
vt 0.289067 0.730893
vt 0.282042 0.734783
vt 0.274640 0.738257
vt 0.266923 0.741323
vt 0.258909 0.743928
vt 0.250670 0.746104
vt 0.242226 0.747781
vt 0.233647 0.749018
vt 0.224962 0.749729
vt 0.216233 0.750000
vt 0.116080 0.750000
vt 0.107351 0.749729
vt 0.098666 0.749018
vt 0.090087 0.747781
vt 0.081643 0.746104
vt 0.073404 0.743928
vt 0.065390 0.741323
vt 0.057673 0.738257
vt 0.050271 0.734783
vt 0.043246 0.730893
vt 0.036623 0.726628
vt 0.030445 0.722002
vt 0.024749 0.717042
vt 0.019556 0.711781
vt 0.014916 0.706238
vt 0.010821 0.700459
vt 0.007343 0.694458
vt 0.004437 0.688288
vt 0.002198 0.681965
vt 0.000546 0.675540
vt -0.000404 0.669037
vt -0.000765 0.662500
vt 0.333078 0.087500
vt 0.333440 0.080963
vt 0.334390 0.074460
vt 0.336041 0.068035
vt 0.338281 0.061712
vt 0.341186 0.055542
vt 0.344665 0.049541
vt 0.348760 0.043762
vt 0.353399 0.038219
vt 0.358593 0.032958
vt 0.364288 0.027998
vt 0.370466 0.023372
vt 0.377089 0.019107
vt 0.384115 0.015217
vt 0.391516 0.011743
vt 0.399234 0.008677
vt 0.407247 0.006072
vt 0.415486 0.003896
vt 0.423931 0.002219
vt 0.432510 0.000982
vt 0.441194 0.000271
vt 0.449923 0.000000
vt 0.550076 0.000000
vt 0.558806 0.000271
vt 0.567490 0.000982
vt 0.576069 0.002219
vt 0.584513 0.003896
vt 0.592753 0.006072
vt 0.600766 0.008677
vt 0.608484 0.011743
vt 0.615885 0.015217
vt 0.622910 0.019107
vt 0.629534 0.023372
vt 0.635712 0.027998
vt 0.641407 0.032958
vt 0.646601 0.038219
vt 0.651240 0.043762
vt 0.655335 0.049541
vt 0.658814 0.055542
vt 0.661719 0.061712
vt 0.663959 0.068035
vt 0.665610 0.074460
vt 0.666560 0.080963
vt 0.666922 0.087500
vt 0.666922 0.162500
vt 0.666560 0.169037
vt 0.665610 0.175540
vt 0.663959 0.181965
vt 0.661719 0.188288
vt 0.658814 0.194458
vt 0.655335 0.200459
vt 0.651240 0.206238
vt 0.646601 0.211781
vt 0.641407 0.217042
vt 0.635712 0.222002
vt 0.629534 0.226628
vt 0.622911 0.230893
vt 0.615885 0.234783
vt 0.608484 0.238257
vt 0.600766 0.241323
vt 0.592753 0.243928
vt 0.584513 0.246104
vt 0.576069 0.247781
vt 0.567490 0.249018
vt 0.558806 0.249729
vt 0.550076 0.250000
vt 0.449923 0.250000
vt 0.441194 0.249729
vt 0.432510 0.249018
vt 0.423931 0.247781
vt 0.415486 0.246104
vt 0.407247 0.243928
vt 0.399234 0.241323
vt 0.391516 0.238257
vt 0.384115 0.234783
vt 0.377089 0.230893
vt 0.370466 0.226628
vt 0.364288 0.222002
vt 0.358593 0.217042
vt 0.353399 0.211781
vt 0.348760 0.206238
vt 0.344665 0.200459
vt 0.341186 0.194458
vt 0.338281 0.188288
vt 0.336041 0.181965
vt 0.334390 0.175540
vt 0.333440 0.169037
vt 0.333078 0.162500
vt 0.333078 0.837500
vt 0.333440 0.830963
vt 0.334390 0.824460
vt 0.336041 0.818035
vt 0.338281 0.811712
vt 0.341186 0.805542
vt 0.344665 0.799541
vt 0.348760 0.793762
vt 0.353399 0.788219
vt 0.358593 0.782958
vt 0.364288 0.777998
vt 0.370466 0.773372
vt 0.377089 0.769107
vt 0.384115 0.765218
vt 0.391516 0.761743
vt 0.399234 0.758677
vt 0.407247 0.756072
vt 0.415486 0.753896
vt 0.423931 0.752219
vt 0.432510 0.750982
vt 0.441194 0.750271
vt 0.449923 0.750000
vt 0.550076 0.750000
vt 0.558806 0.750271
vt 0.567490 0.750982
vt 0.576069 0.752219
vt 0.584513 0.753896
vt 0.592753 0.756072
vt 0.600766 0.758677
vt 0.608484 0.761743
vt 0.615885 0.765218
vt 0.622910 0.769107
vt 0.629534 0.773372
vt 0.635712 0.777998
vt 0.641407 0.782958
vt 0.646601 0.788219
vt 0.651240 0.793762
vt 0.655335 0.799541
vt 0.658814 0.805542
vt 0.661719 0.811712
vt 0.663959 0.818035
vt 0.665610 0.824460
vt 0.666560 0.830963
vt 0.666922 0.837500
vt 0.666922 0.912500
vt 0.666560 0.919037
vt 0.665610 0.925540
vt 0.663959 0.931965
vt 0.661719 0.938288
vt 0.658814 0.944458
vt 0.655335 0.950459
vt 0.651240 0.956238
vt 0.646601 0.961781
vt 0.641407 0.967042
vt 0.635712 0.972002
vt 0.629534 0.976628
vt 0.622911 0.980893
vt 0.615885 0.984783
vt 0.608484 0.988257
vt 0.600766 0.991323
vt 0.592753 0.993928
vt 0.584513 0.996104
vt 0.576069 0.997781
vt 0.567490 0.999018
vt 0.558806 0.999729
vt 0.550076 1.000000
vt 0.449923 1.000000
vt 0.441194 0.999729
vt 0.432510 0.999018
vt 0.423931 0.997781
vt 0.415486 0.996104
vt 0.407247 0.993928
vt 0.399234 0.991323
vt 0.391516 0.988257
vt 0.384115 0.984783
vt 0.377089 0.980893
vt 0.370466 0.976628
vt 0.364288 0.972002
vt 0.358593 0.967042
vt 0.353399 0.961781
vt 0.348760 0.956238
vt 0.344665 0.950459
vt 0.341186 0.944458
vt 0.338281 0.938288
vt 0.336041 0.931965
vt 0.334390 0.925540
vt 0.333440 0.919037
vt 0.333078 0.912500
vt 0.666922 0.587500
vt 0.667284 0.580963
vt 0.668233 0.574460
vt 0.669885 0.568035
vt 0.672124 0.561712
vt 0.675030 0.555542
vt 0.678508 0.549541
vt 0.682603 0.543762
vt 0.687243 0.538219
vt 0.692436 0.532958
vt 0.698132 0.527998
vt 0.704310 0.523372
vt 0.710933 0.519107
vt 0.717958 0.515218
vt 0.725360 0.511743
vt 0.733077 0.508677
vt 0.741091 0.506072
vt 0.749330 0.503896
vt 0.757774 0.502219
vt 0.766353 0.500982
vt 0.775038 0.500271
vt 0.783767 0.500000
vt 0.883920 0.500000
vt 0.892649 0.500271
vt 0.901334 0.500982
vt 0.909913 0.502219
vt 0.918357 0.503896
vt 0.926596 0.506072
vt 0.934610 0.508677
vt 0.942327 0.511743
vt 0.949729 0.515217
vt 0.956754 0.519107
vt 0.963377 0.523372
vt 0.969555 0.527998
vt 0.975251 0.532958
vt 0.980444 0.538219
vt 0.985084 0.543762
vt 0.989179 0.549541
vt 0.992657 0.555542
vt 0.995563 0.561712
vt 0.997802 0.568035
vt 0.999454 0.574460
vt 1.000404 0.580963
vt 1.000765 0.587500
vt 1.000765 0.662500
vt 1.000404 0.669037
vt 0.999454 0.675540
vt 0.997802 0.681965
vt 0.995563 0.688288
vt 0.992657 0.694458
vt 0.989179 0.700459
vt 0.985084 0.706238
vt 0.980444 0.711781
vt 0.975251 0.717042
vt 0.969555 0.722002
vt 0.963378 0.726628
vt 0.956754 0.730893
vt 0.949729 0.734783
vt 0.942327 0.738257
vt 0.934610 0.741323
vt 0.926596 0.743928
vt 0.918357 0.746104
vt 0.909913 0.747781
vt 0.901334 0.749018
vt 0.892649 0.749729
vt 0.883920 0.750000
vt 0.783767 0.750000
vt 0.775038 0.749729
vt 0.766353 0.749018
vt 0.757774 0.747781
vt 0.749330 0.746104
vt 0.741091 0.743928
vt 0.733077 0.741323
vt 0.725360 0.738257
vt 0.717958 0.734783
vt 0.710933 0.730893
vt 0.704310 0.726628
vt 0.698132 0.722002
vt 0.692436 0.717042
vt 0.687243 0.711781
vt 0.682603 0.706238
vt 0.678509 0.700459
vt 0.675030 0.694458
vt 0.672124 0.688288
vt 0.669885 0.681965
vt 0.668233 0.675540
vt 0.667284 0.669037
vt 0.666922 0.662500
vt 0.333078 0.587500
vt 0.333440 0.580963
vt 0.334390 0.574460
vt 0.336041 0.568035
vt 0.338281 0.561712
vt 0.341186 0.555542
vt 0.344665 0.549541
vt 0.348760 0.543762
vt 0.353399 0.538219
vt 0.358593 0.532958
vt 0.364288 0.527998
vt 0.370466 0.523372
vt 0.377089 0.519107
vt 0.384115 0.515218
vt 0.391516 0.511743
vt 0.399234 0.508677
vt 0.407247 0.506072
vt 0.415486 0.503896
vt 0.423931 0.502219
vt 0.432510 0.500982
vt 0.441194 0.500271
vt 0.449923 0.500000
vt 0.550076 0.500000
vt 0.558806 0.500271
vt 0.567490 0.500982
vt 0.576069 0.502219
vt 0.584513 0.503896
vt 0.592753 0.506072
vt 0.600766 0.508677
vt 0.608484 0.511743
vt 0.615885 0.515217
vt 0.622910 0.519107
vt 0.629534 0.523372
vt 0.635712 0.527998
vt 0.641407 0.532958
vt 0.646601 0.538219
vt 0.651240 0.543762
vt 0.655335 0.549541
vt 0.658814 0.555542
vt 0.661719 0.561712
vt 0.663959 0.568035
vt 0.665610 0.574460
vt 0.666560 0.580963
vt 0.666922 0.587500
vt 0.666560 0.669037
vt 0.665610 0.675540
vt 0.663959 0.681965
vt 0.661719 0.688288
vt 0.658814 0.694458
vt 0.655335 0.700459
vt 0.651240 0.706238
vt 0.646601 0.711781
vt 0.641407 0.717042
vt 0.635712 0.722002
vt 0.629534 0.726628
vt 0.622911 0.730893
vt 0.615885 0.734783
vt 0.608484 0.738257
vt 0.600766 0.741323
vt 0.592753 0.743928
vt 0.584513 0.746104
vt 0.576069 0.747781
vt 0.567490 0.749018
vt 0.558806 0.749729
vt 0.550076 0.750000
vt 0.449923 0.750000
vt 0.441194 0.749729
vt 0.432510 0.749018
vt 0.423931 0.747781
vt 0.415486 0.746104
vt 0.407247 0.743928
vt 0.399234 0.741323
vt 0.391516 0.738257
vt 0.384115 0.734783
vt 0.377089 0.730893
vt 0.370466 0.726628
vt 0.364288 0.722002
vt 0.358593 0.717042
vt 0.353399 0.711781
vt 0.348760 0.706238
vt 0.344665 0.700459
vt 0.341186 0.694458
vt 0.338281 0.688288
vt 0.336041 0.681965
vt 0.334390 0.675540
vt 0.333440 0.669037
vt 0.767137 0.500000
vt 0.775038 0.500000
vt 0.759243 0.501574
vt 0.767137 0.500686
vt 0.751413 0.502834
vt 0.743690 0.504453
vt 0.736144 0.506493
vt 0.728805 0.508910
vt 0.721743 0.511738
vt 0.714977 0.514931
vt 0.708568 0.518500
vt 0.702555 0.522420
vt 0.697006 0.526697
vt 0.759277 0.500994
vt 0.766353 0.500000
vt 0.752169 0.500000
vt 0.745087 0.503403
vt 0.752169 0.502085
vt 0.738084 0.504987
vt 0.731232 0.506905
vt 0.724569 0.509144
vt 0.718162 0.511741
vt 0.712029 0.514658
vt 0.706230 0.517910
vt 0.700799 0.521477
vt 0.695791 0.525362
vt 0.751504 0.501183
vt 0.757774 0.500000
vt 0.745166 0.502428
vt 0.738819 0.500000
vt 0.732528 0.505394
vt 0.738819 0.503821
vt 0.726365 0.507220
vt 0.720373 0.509307
vt 0.714613 0.511694
vt 0.709103 0.514353
vt 0.703892 0.517298
vt 0.699009 0.520516
vt 0.694496 0.524010
vt 0.743842 0.501307
vt 0.749330 0.500000
vt 0.738253 0.502655
vt 0.732627 0.504101
vt 0.727039 0.500000
vt 0.721557 0.507429
vt 0.727039 0.505672
vt 0.716229 0.509390
vt 0.711108 0.511590
vt 0.706208 0.514010
vt 0.701568 0.516666
vt 0.697209 0.519548
vt 0.693163 0.522662
vt 0.736350 0.501375
vt 0.741091 0.500000
vt 0.731480 0.502780
vt 0.726552 0.504256
vt 0.721651 0.505821
vt 0.716841 0.500000
vt 0.712168 0.509380
vt 0.716841 0.507524
vt 0.707677 0.511416
vt 0.703372 0.513622
vt 0.699284 0.516011
vt 0.695426 0.518579
vt 0.691818 0.521333
vt 0.729047 0.501412
vt 0.733077 0.500000
vt 0.724862 0.502846
vt 0.720609 0.504330
vt 0.716379 0.505879
vt 0.712231 0.507529
vt 0.708203 0.500000
vt 0.704330 0.511178
vt 0.708202 0.509288
vt 0.700609 0.513192
vt 0.697060 0.515339
vt 0.693685 0.517619
vt 0.690497 0.520035
vt 0.721990 0.501424
vt 0.725360 0.500000
vt 0.718453 0.502864
vt 0.714847 0.504340
vt 0.711268 0.505863
vt 0.707761 0.507458
vt 0.704359 0.509132
vt 0.701088 0.500000
vt 0.697940 0.512746
vt 0.701088 0.510897
vt 0.694923 0.514681
vt 0.692026 0.516698
vt 0.689242 0.518796
vt 0.715194 0.501422
vt 0.717958 0.500000
vt 0.712269 0.502856
vt 0.709291 0.504315
vt 0.706337 0.505809
vt 0.703447 0.507355
vt 0.700644 0.508957
vt 0.697951 0.510620
vt 0.695364 0.500000
vt 0.692886 0.514077
vt 0.695364 0.512328
vt 0.690476 0.515851
vt 0.688096 0.517637
vt 0.708710 0.501413
vt 0.710933 0.500000
vt 0.706366 0.502834
vt 0.703991 0.504275
vt 0.701634 0.505743
vt 0.699324 0.507250
vt 0.697080 0.508801
vt 0.694931 0.510388
vt 0.692888 0.511988
vt 0.690959 0.500000
vt 0.689074 0.515126
vt 0.690959 0.513580
vt 0.687122 0.516588
vt 0.702572 0.501404
vt 0.704310 0.500000
vt 0.700789 0.502815
vt 0.698984 0.504244
vt 0.697183 0.505695
vt 0.695409 0.507181
vt 0.693676 0.508703
vt 0.692021 0.510248
vt 0.690474 0.511786
vt 0.689074 0.513274
vt 0.687818 0.500000
vt 0.666922 0.515648
vt 0.666922 0.575047
vt 0.664819 0.569135
vt 0.666006 0.575047
vt 0.663137 0.563272
vt 0.660975 0.557488
vt 0.658251 0.551837
vt 0.655023 0.546342
vt 0.651247 0.541053
vt 0.646984 0.535986
vt 0.642217 0.531187
vt 0.636982 0.526684
vt 0.631272 0.522529
vt 0.666922 0.580963
vt 0.665594 0.569161
vt 0.666922 0.574460
vt 0.666922 0.563838
vt 0.669427 0.569161
vt 0.662377 0.558535
vt 0.664138 0.563838
vt 0.660262 0.553290
vt 0.657701 0.548159
vt 0.654711 0.543170
vt 0.651244 0.538371
vt 0.647348 0.533779
vt 0.643005 0.529436
vt 0.638242 0.525369
vt 0.633054 0.521619
vt 0.665342 0.563340
vt 0.666922 0.568035
vt 0.663680 0.558593
vt 0.666922 0.553841
vt 0.672115 0.558593
vt 0.659719 0.549130
vt 0.661820 0.553841
vt 0.657281 0.544514
vt 0.654494 0.540027
vt 0.651307 0.535714
vt 0.647756 0.531587
vt 0.643822 0.527685
vt 0.639525 0.524029
vt 0.634860 0.520649
vt 0.665177 0.557602
vt 0.666922 0.561712
vt 0.663376 0.553417
vt 0.661445 0.549204
vt 0.666922 0.545019
vt 0.674800 0.549204
vt 0.657001 0.540914
vt 0.659348 0.545019
vt 0.654382 0.536924
vt 0.651445 0.533089
vt 0.648213 0.529419
vt 0.644667 0.525945
vt 0.640818 0.522681
vt 0.636660 0.519650
vt 0.665085 0.551992
vt 0.666922 0.555542
vt 0.663209 0.548344
vt 0.661239 0.544654
vt 0.659148 0.540984
vt 0.666922 0.537382
vt 0.677392 0.540984
vt 0.654396 0.533883
vt 0.656874 0.537382
vt 0.651677 0.530520
vt 0.648731 0.527296
vt 0.645542 0.524235
vt 0.642112 0.521345
vt 0.638435 0.518644
vt 0.665036 0.546523
vt 0.666922 0.549541
vt 0.663122 0.543389
vt 0.661140 0.540204
vt 0.659071 0.537036
vt 0.656868 0.533930
vt 0.666922 0.530913
vt 0.679788 0.533930
vt 0.651995 0.528013
vt 0.654519 0.530913
vt 0.649306 0.525227
vt 0.646438 0.522569
vt 0.643394 0.520042
vt 0.640167 0.517654
vt 0.665020 0.541238
vt 0.666922 0.543762
vt 0.663097 0.538589
vt 0.661126 0.535889
vt 0.659092 0.533209
vt 0.656962 0.530583
vt 0.654727 0.528035
vt 0.666922 0.525585
vt 0.682011 0.528035
vt 0.649902 0.523228
vt 0.652370 0.525585
vt 0.647317 0.520969
vt 0.644624 0.518799
vt 0.641822 0.516715
vt 0.665023 0.536149
vt 0.666922 0.538219
vt 0.663108 0.533959
vt 0.661159 0.531728
vt 0.659164 0.529517
vt 0.657100 0.527352
vt 0.654961 0.525253
vt 0.652741 0.523236
vt 0.666922 0.521299
vt 0.684003 0.523236
vt 0.648124 0.519444
vt 0.650459 0.521299
vt 0.645755 0.517639
vt 0.643369 0.515856
vt 0.665035 0.531293
vt 0.666922 0.532958
vt 0.663138 0.529538
vt 0.661213 0.527760
vt 0.659253 0.525994
vt 0.657240 0.524264
vt 0.655169 0.522584
vt 0.653050 0.520975
vt 0.650913 0.519445
vt 0.666922 0.518000
vt 0.685735 0.519445
vt 0.646723 0.516589
vt 0.648787 0.518000
vt 0.644770 0.515127
vt 0.665047 0.526697
vt 0.666922 0.527998
vt 0.663162 0.525362
vt 0.661254 0.524010
vt 0.659316 0.522662
vt 0.657333 0.521333
vt 0.655300 0.520035
vt 0.653237 0.518796
vt 0.651183 0.517637
vt 0.649195 0.516588
vt 0.646025 0.500000
vt 0.558806 0.499729
vt 0.566706 0.500000
vt 0.567490 0.499018
vt 0.574601 0.498426
vt 0.566706 0.499314
vt 0.576069 0.497781
vt 0.582430 0.497166
vt 0.584513 0.496104
vt 0.590154 0.495547
vt 0.592753 0.493928
vt 0.597700 0.493507
vt 0.600766 0.491323
vt 0.605038 0.491090
vt 0.608484 0.488257
vt 0.612101 0.488262
vt 0.615885 0.484783
vt 0.618867 0.485069
vt 0.622911 0.480893
vt 0.625276 0.481500
vt 0.629534 0.476628
vt 0.631289 0.477580
vt 0.635712 0.472002
vt 0.636837 0.473303
vt 0.558806 0.500000
vt 0.574566 0.499006
vt 0.567490 0.500000
vt 0.581674 0.500000
vt 0.574566 0.501876
vt 0.588756 0.496597
vt 0.581674 0.497915
vt 0.595759 0.495013
vt 0.602611 0.493095
vt 0.609274 0.490856
vt 0.615682 0.488259
vt 0.621814 0.485342
vt 0.627614 0.482090
vt 0.633045 0.478523
vt 0.638053 0.474638
vt 0.582340 0.498817
vt 0.576069 0.500000
vt 0.588678 0.497572
vt 0.595024 0.500000
vt 0.588678 0.503889
vt 0.601315 0.494606
vt 0.595024 0.496179
vt 0.607478 0.492780
vt 0.613471 0.490693
vt 0.619230 0.488306
vt 0.624741 0.485647
vt 0.629951 0.482702
vt 0.634835 0.479484
vt 0.639348 0.475990
vt 0.590002 0.498693
vt 0.584513 0.500000
vt 0.595591 0.497345
vt 0.601216 0.495899
vt 0.606805 0.500000
vt 0.601216 0.505900
vt 0.612286 0.492571
vt 0.606805 0.494328
vt 0.617615 0.490610
vt 0.622735 0.488410
vt 0.627636 0.485990
vt 0.632275 0.483334
vt 0.636635 0.480452
vt 0.640681 0.477338
vt 0.597493 0.498625
vt 0.592753 0.500000
vt 0.602364 0.497220
vt 0.607292 0.495744
vt 0.612193 0.494179
vt 0.617002 0.500000
vt 0.612193 0.507841
vt 0.621675 0.490620
vt 0.617002 0.492475
vt 0.626167 0.488584
vt 0.630472 0.486378
vt 0.634559 0.483989
vt 0.638418 0.481421
vt 0.642025 0.478667
vt 0.604796 0.498588
vt 0.600766 0.500000
vt 0.608981 0.497154
vt 0.613235 0.495670
vt 0.617464 0.494121
vt 0.621613 0.492472
vt 0.625641 0.500000
vt 0.621613 0.509635
vt 0.629514 0.488822
vt 0.625641 0.490712
vt 0.633234 0.486808
vt 0.636783 0.484661
vt 0.640158 0.482381
vt 0.643347 0.479965
vt 0.611854 0.498576
vt 0.608484 0.500000
vt 0.615391 0.497136
vt 0.618996 0.495660
vt 0.622576 0.494136
vt 0.626082 0.492542
vt 0.629484 0.490868
vt 0.632756 0.500000
vt 0.629484 0.511300
vt 0.635904 0.487254
vt 0.632756 0.489103
vt 0.638920 0.485319
vt 0.641818 0.483302
vt 0.644601 0.481204
vt 0.618650 0.498578
vt 0.615885 0.500000
vt 0.621574 0.497144
vt 0.624553 0.495685
vt 0.627506 0.494191
vt 0.630396 0.492645
vt 0.633199 0.491043
vt 0.635892 0.489380
vt 0.638479 0.500000
vt 0.635892 0.512791
vt 0.640957 0.485923
vt 0.638479 0.487672
vt 0.643368 0.484149
vt 0.645747 0.482363
vt 0.625133 0.498587
vt 0.622911 0.500000
vt 0.627478 0.497166
vt 0.629853 0.495725
vt 0.632210 0.494257
vt 0.634520 0.492750
vt 0.636763 0.491199
vt 0.638912 0.489612
vt 0.640955 0.488012
vt 0.642885 0.500000
vt 0.640955 0.514088
vt 0.644770 0.484874
vt 0.642885 0.486420
vt 0.646721 0.483412
vt 0.631272 0.498596
vt 0.629534 0.500000
vt 0.633054 0.497185
vt 0.634860 0.495756
vt 0.636660 0.494305
vt 0.638435 0.492819
vt 0.640167 0.491297
vt 0.641822 0.489752
vt 0.643369 0.488214
vt 0.644770 0.486726
vt 0.666922 0.484352
vt 0.647410 0.484352
vt 0.686433 0.515648
vt 0.646025 0.514611
vt 0.333078 0.412500
vt 0.333440 0.419037
vt 0.333078 0.424953
vt 0.333078 0.419037
vt 0.334390 0.425540
vt 0.335181 0.430865
vt 0.333994 0.424953
vt 0.336041 0.431965
vt 0.336863 0.436728
vt 0.338281 0.438288
vt 0.339025 0.442512
vt 0.341186 0.444458
vt 0.341749 0.448163
vt 0.344665 0.450459
vt 0.344977 0.453658
vt 0.348760 0.456238
vt 0.348752 0.458947
vt 0.353399 0.461781
vt 0.353016 0.464014
vt 0.358593 0.467042
vt 0.357783 0.468813
vt 0.364288 0.472002
vt 0.363018 0.473316
vt 0.370466 0.476628
vt 0.368728 0.477471
vt 0.334406 0.430839
vt 0.333078 0.425540
vt 0.333078 0.436162
vt 0.337623 0.441465
vt 0.335862 0.436162
vt 0.339738 0.446710
vt 0.342299 0.451841
vt 0.345289 0.456830
vt 0.348756 0.461629
vt 0.352652 0.466221
vt 0.356995 0.470564
vt 0.361758 0.474631
vt 0.366946 0.478381
vt 0.334658 0.436660
vt 0.333078 0.431965
vt 0.336320 0.441407
vt 0.333078 0.446159
vt 0.340281 0.450870
vt 0.338180 0.446159
vt 0.342719 0.455486
vt 0.345506 0.459973
vt 0.348693 0.464286
vt 0.352244 0.468413
vt 0.356178 0.472315
vt 0.360475 0.475971
vt 0.365140 0.479351
vt 0.334823 0.442398
vt 0.333078 0.438288
vt 0.336624 0.446583
vt 0.338555 0.450796
vt 0.333078 0.454981
vt 0.342998 0.459086
vt 0.340652 0.454981
vt 0.345618 0.463076
vt 0.348555 0.466911
vt 0.351787 0.470581
vt 0.355333 0.474055
vt 0.359182 0.477319
vt 0.363340 0.480350
vt 0.334915 0.448008
vt 0.333078 0.444458
vt 0.336791 0.451656
vt 0.338761 0.455346
vt 0.340852 0.459016
vt 0.333078 0.462618
vt 0.345604 0.466117
vt 0.343126 0.462618
vt 0.348323 0.469481
vt 0.351268 0.472704
vt 0.354458 0.475765
vt 0.357888 0.478655
vt 0.361565 0.481356
vt 0.334964 0.453477
vt 0.333078 0.450459
vt 0.336878 0.456611
vt 0.338860 0.459796
vt 0.340929 0.462964
vt 0.343132 0.466070
vt 0.333078 0.469087
vt 0.348005 0.471987
vt 0.345481 0.469087
vt 0.350694 0.474773
vt 0.353562 0.477431
vt 0.356606 0.479958
vt 0.359833 0.482346
vt 0.334980 0.458762
vt 0.333078 0.456238
vt 0.336903 0.461411
vt 0.338874 0.464111
vt 0.340908 0.466791
vt 0.343038 0.469417
vt 0.345273 0.471965
vt 0.333078 0.474415
vt 0.350098 0.476772
vt 0.347630 0.474415
vt 0.352683 0.479031
vt 0.355376 0.481201
vt 0.358178 0.483285
vt 0.334977 0.463851
vt 0.333078 0.461781
vt 0.336892 0.466041
vt 0.338841 0.468272
vt 0.340836 0.470483
vt 0.342900 0.472648
vt 0.345039 0.474747
vt 0.347259 0.476764
vt 0.333078 0.478701
vt 0.351876 0.480556
vt 0.349541 0.478701
vt 0.354245 0.482361
vt 0.356631 0.484144
vt 0.334965 0.468707
vt 0.333078 0.467042
vt 0.336862 0.470462
vt 0.338787 0.472241
vt 0.340747 0.474006
vt 0.342760 0.475736
vt 0.344831 0.477416
vt 0.346950 0.479025
vt 0.349087 0.480555
vt 0.333078 0.482000
vt 0.353277 0.483411
vt 0.351213 0.482000
vt 0.355230 0.484873
vt 0.334953 0.473303
vt 0.333078 0.472002
vt 0.336838 0.474638
vt 0.338746 0.475990
vt 0.340683 0.477338
vt 0.342667 0.478667
vt 0.344700 0.479965
vt 0.346763 0.481204
vt 0.348817 0.482363
vt 0.350805 0.483412
vt 0.333078 0.484352
vt 0.353975 0.500000
vt 0.433294 0.500000
vt 0.441194 0.499729
vt 0.425399 0.501574
vt 0.433294 0.500686
vt 0.417570 0.502834
vt 0.409846 0.504453
vt 0.402300 0.506493
vt 0.394962 0.508910
vt 0.387899 0.511738
vt 0.381133 0.514931
vt 0.374724 0.518500
vt 0.368711 0.522420
vt 0.363163 0.526697
vt 0.441194 0.500000
vt 0.425434 0.500994
vt 0.432510 0.500000
vt 0.418326 0.500000
vt 0.425434 0.498124
vt 0.411244 0.503403
vt 0.418325 0.502085
vt 0.404241 0.504987
vt 0.397389 0.506905
vt 0.390726 0.509144
vt 0.384318 0.511741
vt 0.378186 0.514658
vt 0.372386 0.517910
vt 0.366955 0.521477
vt 0.361947 0.525362
vt 0.417660 0.501183
vt 0.423931 0.500000
vt 0.411322 0.502428
vt 0.404976 0.500000
vt 0.411322 0.496111
vt 0.398685 0.505394
vt 0.404976 0.503821
vt 0.392522 0.507220
vt 0.386529 0.509307
vt 0.380770 0.511694
vt 0.375259 0.514353
vt 0.370049 0.517298
vt 0.365165 0.520516
vt 0.360652 0.524010
vt 0.409998 0.501307
vt 0.415486 0.500000
vt 0.404409 0.502655
vt 0.398784 0.504101
vt 0.393195 0.500000
vt 0.398784 0.494100
vt 0.387713 0.507429
vt 0.393195 0.505672
vt 0.382385 0.509390
vt 0.377265 0.511590
vt 0.372364 0.514010
vt 0.367725 0.516666
vt 0.363365 0.519548
vt 0.359319 0.522662
vt 0.402507 0.501375
vt 0.407247 0.500000
vt 0.397636 0.502780
vt 0.392708 0.504256
vt 0.387807 0.505821
vt 0.382998 0.500000
vt 0.387807 0.492159
vt 0.378325 0.509380
vt 0.382998 0.507524
vt 0.373833 0.511416
vt 0.369528 0.513622
vt 0.365441 0.516011
vt 0.361582 0.518579
vt 0.357975 0.521333
vt 0.395204 0.501412
vt 0.399234 0.500000
vt 0.391019 0.502846
vt 0.386765 0.504330
vt 0.382536 0.505879
vt 0.378387 0.507529
vt 0.374359 0.500000
vt 0.378387 0.490365
vt 0.370486 0.511178
vt 0.374359 0.509288
vt 0.366766 0.513192
vt 0.363217 0.515339
vt 0.359842 0.517619
vt 0.356653 0.520035
vt 0.388146 0.501424
vt 0.391516 0.500000
vt 0.384609 0.502864
vt 0.381004 0.504340
vt 0.377424 0.505863
vt 0.373918 0.507458
vt 0.370516 0.509132
vt 0.367244 0.500000
vt 0.370516 0.488700
vt 0.364096 0.512746
vt 0.367244 0.510897
vt 0.361079 0.514681
vt 0.358182 0.516698
vt 0.355399 0.518796
vt 0.381350 0.501422
vt 0.384115 0.500000
vt 0.378426 0.502856
vt 0.375447 0.504315
vt 0.372494 0.505809
vt 0.369604 0.507355
vt 0.366801 0.508957
vt 0.364108 0.510620
vt 0.361521 0.500000
vt 0.364108 0.487209
vt 0.359043 0.514077
vt 0.361521 0.512328
vt 0.356632 0.515851
vt 0.354253 0.517637
vt 0.374867 0.501413
vt 0.377089 0.500000
vt 0.372522 0.502834
vt 0.370148 0.504275
vt 0.367790 0.505743
vt 0.365480 0.507250
vt 0.363237 0.508801
vt 0.361088 0.510388
vt 0.359045 0.511988
vt 0.357115 0.500000
vt 0.359045 0.485912
vt 0.355230 0.515126
vt 0.357115 0.513580
vt 0.353279 0.516588
vt 0.368728 0.501404
vt 0.370466 0.500000
vt 0.366946 0.502815
vt 0.365140 0.504244
vt 0.363340 0.505695
vt 0.361565 0.507181
vt 0.359833 0.508703
vt 0.358178 0.510248
vt 0.356631 0.511786
vt 0.355230 0.513274
vt 0.333078 0.515648
vt 0.333078 0.575047
vt 0.330976 0.569135
vt 0.332162 0.575047
vt 0.329294 0.563272
vt 0.327132 0.557488
vt 0.324407 0.551837
vt 0.321180 0.546342
vt 0.317404 0.541053
vt 0.313140 0.535986
vt 0.308374 0.531187
vt 0.303139 0.526684
vt 0.297428 0.522529
vt 0.333078 0.580963
vt 0.331751 0.569161
vt 0.333078 0.574460
vt 0.333078 0.563838
vt 0.335584 0.569161
vt 0.328534 0.558535
vt 0.330295 0.563838
vt 0.326419 0.553290
vt 0.323857 0.548159
vt 0.320867 0.543170
vt 0.317400 0.538371
vt 0.313504 0.533779
vt 0.309162 0.529436
vt 0.304398 0.525369
vt 0.299211 0.521619
vt 0.331499 0.563340
vt 0.333078 0.568035
vt 0.329836 0.558593
vt 0.333078 0.553841
vt 0.338271 0.558593
vt 0.325875 0.549130
vt 0.327976 0.553841
vt 0.323437 0.544514
vt 0.320650 0.540027
vt 0.317463 0.535714
vt 0.313912 0.531587
vt 0.309978 0.527685
vt 0.305681 0.524029
vt 0.301016 0.520649
vt 0.331333 0.557602
vt 0.333078 0.561712
vt 0.329533 0.553417
vt 0.327602 0.549204
vt 0.333078 0.545019
vt 0.340956 0.549204
vt 0.323158 0.540914
vt 0.325505 0.545019
vt 0.320539 0.536924
vt 0.317601 0.533089
vt 0.314369 0.529419
vt 0.310823 0.525945
vt 0.306975 0.522681
vt 0.302817 0.519650
vt 0.331242 0.551992
vt 0.333078 0.555542
vt 0.329365 0.548344
vt 0.327395 0.544654
vt 0.325305 0.540984
vt 0.333078 0.537382
vt 0.343549 0.540984
vt 0.320552 0.533883
vt 0.323030 0.537382
vt 0.317833 0.530520
vt 0.314888 0.527296
vt 0.311698 0.524235
vt 0.308269 0.521345
vt 0.304591 0.518644
vt 0.331193 0.546523
vt 0.333078 0.549541
vt 0.329278 0.543389
vt 0.327296 0.540204
vt 0.325227 0.537036
vt 0.323025 0.533930
vt 0.333078 0.530913
vt 0.345944 0.533930
vt 0.318151 0.528013
vt 0.320676 0.530913
vt 0.315462 0.525227
vt 0.312594 0.522569
vt 0.309551 0.520042
vt 0.306324 0.517654
vt 0.331176 0.541238
vt 0.333078 0.543762
vt 0.329254 0.538589
vt 0.327282 0.535889
vt 0.325248 0.533209
vt 0.323119 0.530583
vt 0.320884 0.528035
vt 0.333078 0.525585
vt 0.348167 0.528035
vt 0.316058 0.523228
vt 0.318526 0.525585
vt 0.313473 0.520969
vt 0.310780 0.518799
vt 0.307979 0.516715
vt 0.331179 0.536149
vt 0.333078 0.538219
vt 0.329265 0.533959
vt 0.327316 0.531728
vt 0.325321 0.529517
vt 0.323257 0.527352
vt 0.321117 0.525253
vt 0.318897 0.523236
vt 0.333078 0.521299
vt 0.350159 0.523236
vt 0.314280 0.519444
vt 0.316615 0.521299
vt 0.311912 0.517639
vt 0.309526 0.515856
vt 0.331192 0.531293
vt 0.333078 0.532958
vt 0.329294 0.529538
vt 0.327369 0.527760
vt 0.325409 0.525994
vt 0.323396 0.524264
vt 0.321326 0.522584
vt 0.319207 0.520975
vt 0.317069 0.519445
vt 0.333078 0.518000
vt 0.351891 0.519445
vt 0.312879 0.516589
vt 0.314943 0.518000
vt 0.310926 0.515127
vt 0.331203 0.526697
vt 0.333078 0.527998
vt 0.329319 0.525362
vt 0.327411 0.524010
vt 0.325473 0.522662
vt 0.323489 0.521333
vt 0.321456 0.520035
vt 0.319393 0.518796
vt 0.317339 0.517637
vt 0.315352 0.516588
vt 0.312182 0.500000
vt 0.312182 0.514611
vt 0.353975 0.485389
vt 0.352590 0.515648
vt 0.666922 0.674953
vt 0.669024 0.680865
vt 0.667838 0.674953
vt 0.670706 0.686728
vt 0.672868 0.692512
vt 0.675593 0.698163
vt 0.678820 0.703658
vt 0.682596 0.708947
vt 0.686860 0.714014
vt 0.691626 0.718813
vt 0.696861 0.723316
vt 0.702572 0.727471
vt 0.666922 0.669037
vt 0.668249 0.680839
vt 0.666922 0.675540
vt 0.666922 0.686162
vt 0.664416 0.680839
vt 0.671466 0.691466
vt 0.669705 0.686162
vt 0.673581 0.696710
vt 0.676143 0.701841
vt 0.679133 0.706830
vt 0.682600 0.711629
vt 0.686496 0.716221
vt 0.690838 0.720564
vt 0.695602 0.724631
vt 0.700789 0.728382
vt 0.668501 0.686660
vt 0.666922 0.681965
vt 0.670164 0.691407
vt 0.666922 0.696159
vt 0.661729 0.691407
vt 0.674125 0.700870
vt 0.672024 0.696159
vt 0.676563 0.705486
vt 0.679350 0.709973
vt 0.682537 0.714286
vt 0.686088 0.718413
vt 0.690022 0.722315
vt 0.694319 0.725971
vt 0.698984 0.729351
vt 0.668667 0.692398
vt 0.666922 0.688288
vt 0.670467 0.696584
vt 0.672398 0.700796
vt 0.666922 0.704981
vt 0.659044 0.700796
vt 0.676842 0.709086
vt 0.674495 0.704981
vt 0.679461 0.713076
vt 0.682399 0.716911
vt 0.685631 0.720581
vt 0.689177 0.724055
vt 0.693025 0.727320
vt 0.697183 0.730350
vt 0.668758 0.698008
vt 0.666922 0.694458
vt 0.670635 0.701656
vt 0.672605 0.705346
vt 0.674695 0.709016
vt 0.666922 0.712618
vt 0.656451 0.709016
vt 0.679448 0.716117
vt 0.676970 0.712618
vt 0.682167 0.719481
vt 0.685112 0.722704
vt 0.688302 0.725765
vt 0.691731 0.728655
vt 0.695409 0.731356
vt 0.668807 0.703477
vt 0.666922 0.700459
vt 0.670722 0.706611
vt 0.672704 0.709796
vt 0.674773 0.712964
vt 0.676975 0.716070
vt 0.666922 0.719087
vt 0.654056 0.716070
vt 0.681849 0.721987
vt 0.679325 0.719087
vt 0.684538 0.724773
vt 0.687406 0.727431
vt 0.690449 0.729958
vt 0.693676 0.732346
vt 0.668824 0.708762
vt 0.666922 0.706238
vt 0.670746 0.711411
vt 0.672718 0.714111
vt 0.674752 0.716792
vt 0.676881 0.719417
vt 0.679116 0.721965
vt 0.666922 0.724415
vt 0.651833 0.721965
vt 0.683942 0.726772
vt 0.681474 0.724415
vt 0.686527 0.729031
vt 0.689220 0.731201
vt 0.692021 0.733285
vt 0.668821 0.713851
vt 0.666922 0.711781
vt 0.670735 0.716041
vt 0.672684 0.718272
vt 0.674679 0.720484
vt 0.676743 0.722648
vt 0.678883 0.724747
vt 0.681103 0.726764
vt 0.666922 0.728701
vt 0.649841 0.726764
vt 0.685720 0.730556
vt 0.683385 0.728701
vt 0.688088 0.732361
vt 0.690474 0.734144
vt 0.668808 0.718707
vt 0.666922 0.717042
vt 0.670706 0.720462
vt 0.672631 0.722241
vt 0.674590 0.724006
vt 0.676603 0.725736
vt 0.678674 0.727416
vt 0.680793 0.729025
vt 0.682931 0.730555
vt 0.666922 0.732000
vt 0.648109 0.730555
vt 0.687120 0.733411
vt 0.685057 0.732000
vt 0.689074 0.734873
vt 0.668796 0.723303
vt 0.666922 0.722002
vt 0.670681 0.724638
vt 0.672589 0.725990
vt 0.674527 0.727338
vt 0.676511 0.728667
vt 0.678544 0.729965
vt 0.680607 0.731204
vt 0.682661 0.732363
vt 0.684648 0.733412
vt 0.666922 0.734352
vt 0.646721 0.733412
vt 0.687818 0.750000
vt 0.666922 0.825047
vt 0.666922 0.830963
vt 0.664819 0.819135
vt 0.666006 0.825047
vt 0.663137 0.813272
vt 0.660975 0.807488
vt 0.658251 0.801837
vt 0.655023 0.796342
vt 0.651247 0.791053
vt 0.646984 0.785986
vt 0.642217 0.781187
vt 0.636982 0.776684
vt 0.631272 0.772529
vt 0.665594 0.819161
vt 0.666922 0.824460
vt 0.666922 0.813838
vt 0.662377 0.808535
vt 0.664138 0.813838
vt 0.660262 0.803290
vt 0.657701 0.798159
vt 0.654711 0.793170
vt 0.651244 0.788371
vt 0.647348 0.783779
vt 0.643005 0.779436
vt 0.638242 0.775369
vt 0.633054 0.771619
vt 0.665342 0.813340
vt 0.666922 0.818035
vt 0.663680 0.808593
vt 0.666922 0.803841
vt 0.659719 0.799130
vt 0.661820 0.803841
vt 0.657281 0.794514
vt 0.654494 0.790027
vt 0.651307 0.785714
vt 0.647756 0.781587
vt 0.643822 0.777686
vt 0.639525 0.774029
vt 0.634860 0.770649
vt 0.665177 0.807602
vt 0.666922 0.811712
vt 0.663376 0.803417
vt 0.661445 0.799204
vt 0.666922 0.795019
vt 0.657001 0.790914
vt 0.659348 0.795019
vt 0.654382 0.786924
vt 0.651445 0.783089
vt 0.648213 0.779419
vt 0.644667 0.775945
vt 0.640818 0.772681
vt 0.636660 0.769650
vt 0.665085 0.801992
vt 0.666922 0.805542
vt 0.663209 0.798344
vt 0.661239 0.794654
vt 0.659148 0.790984
vt 0.666922 0.787383
vt 0.654396 0.783883
vt 0.656874 0.787383
vt 0.651677 0.780520
vt 0.648731 0.777296
vt 0.645542 0.774235
vt 0.642112 0.771345
vt 0.638435 0.768644
vt 0.665036 0.796523
vt 0.666922 0.799541
vt 0.663122 0.793389
vt 0.661140 0.790204
vt 0.659071 0.787036
vt 0.656868 0.783930
vt 0.666922 0.780913
vt 0.651995 0.778013
vt 0.654519 0.780913
vt 0.649306 0.775227
vt 0.646438 0.772569
vt 0.643394 0.770042
vt 0.640167 0.767654
vt 0.665020 0.791238
vt 0.666922 0.793762
vt 0.663097 0.788589
vt 0.661126 0.785889
vt 0.659092 0.783209
vt 0.656962 0.780583
vt 0.654727 0.778035
vt 0.666922 0.775585
vt 0.649902 0.773228
vt 0.652370 0.775585
vt 0.647317 0.770969
vt 0.644624 0.768799
vt 0.641822 0.766715
vt 0.665023 0.786149
vt 0.666922 0.788219
vt 0.663108 0.783959
vt 0.661159 0.781728
vt 0.659164 0.779517
vt 0.657100 0.777352
vt 0.654961 0.775253
vt 0.652741 0.773237
vt 0.666922 0.771299
vt 0.648124 0.769444
vt 0.650459 0.771299
vt 0.645755 0.767639
vt 0.643369 0.765856
vt 0.665035 0.781294
vt 0.666922 0.782958
vt 0.663138 0.779538
vt 0.661213 0.777760
vt 0.659253 0.775994
vt 0.657240 0.774264
vt 0.655169 0.772584
vt 0.653050 0.770975
vt 0.650913 0.769445
vt 0.666922 0.768000
vt 0.646723 0.766589
vt 0.648787 0.768000
vt 0.644770 0.765127
vt 0.665047 0.776697
vt 0.666922 0.777998
vt 0.663162 0.775362
vt 0.661254 0.774010
vt 0.659316 0.772662
vt 0.657333 0.771333
vt 0.655300 0.770035
vt 0.653237 0.768796
vt 0.651183 0.767637
vt 0.649195 0.766588
vt 0.666922 0.765648
vt 0.646025 0.750000
vt 0.566706 0.750000
vt 0.574601 0.748426
vt 0.566706 0.749314
vt 0.582430 0.747166
vt 0.590154 0.745547
vt 0.597700 0.743507
vt 0.605038 0.741090
vt 0.612101 0.738262
vt 0.618867 0.735069
vt 0.625276 0.731500
vt 0.631289 0.727580
vt 0.636837 0.723303
vt 0.558806 0.750000
vt 0.574566 0.749006
vt 0.567490 0.750000
vt 0.581674 0.750000
vt 0.574566 0.751876
vt 0.588756 0.746597
vt 0.581674 0.747916
vt 0.595759 0.745013
vt 0.602611 0.743095
vt 0.609274 0.740856
vt 0.615682 0.738259
vt 0.621814 0.735342
vt 0.627614 0.732090
vt 0.633045 0.728523
vt 0.638053 0.724638
vt 0.582340 0.748817
vt 0.576069 0.750000
vt 0.588678 0.747572
vt 0.595024 0.750000
vt 0.588678 0.753889
vt 0.601315 0.744606
vt 0.595024 0.746179
vt 0.607478 0.742781
vt 0.613471 0.740693
vt 0.619230 0.738307
vt 0.624741 0.735647
vt 0.629951 0.732702
vt 0.634835 0.729484
vt 0.639348 0.725990
vt 0.590002 0.748693
vt 0.584513 0.750000
vt 0.595591 0.747345
vt 0.601216 0.745899
vt 0.606805 0.750000
vt 0.601216 0.755900
vt 0.612286 0.742571
vt 0.606805 0.744329
vt 0.617615 0.740610
vt 0.622735 0.738410
vt 0.627636 0.735990
vt 0.632275 0.733334
vt 0.636635 0.730452
vt 0.640681 0.727338
vt 0.597493 0.748625
vt 0.592753 0.750000
vt 0.602364 0.747220
vt 0.607292 0.745744
vt 0.612193 0.744179
vt 0.617002 0.750000
vt 0.612193 0.757841
vt 0.621675 0.740620
vt 0.617002 0.742476
vt 0.626167 0.738584
vt 0.630472 0.736378
vt 0.634559 0.733990
vt 0.638418 0.731421
vt 0.642025 0.728667
vt 0.604796 0.748588
vt 0.600766 0.750000
vt 0.608981 0.747155
vt 0.613235 0.745670
vt 0.617464 0.744121
vt 0.621613 0.742472
vt 0.625641 0.750000
vt 0.621613 0.759635
vt 0.629514 0.738822
vt 0.625641 0.740712
vt 0.633234 0.736808
vt 0.636783 0.734661
vt 0.640158 0.732381
vt 0.643347 0.729965
vt 0.611854 0.748576
vt 0.608484 0.750000
vt 0.615391 0.747136
vt 0.618996 0.745660
vt 0.622576 0.744137
vt 0.626082 0.742542
vt 0.629484 0.740868
vt 0.632756 0.750000
vt 0.629484 0.761300
vt 0.635904 0.737255
vt 0.632756 0.739103
vt 0.638920 0.735319
vt 0.641818 0.733302
vt 0.644601 0.731204
vt 0.618650 0.748578
vt 0.615885 0.750000
vt 0.621574 0.747144
vt 0.624553 0.745685
vt 0.627506 0.744191
vt 0.630396 0.742645
vt 0.633199 0.741043
vt 0.635892 0.739380
vt 0.638479 0.750000
vt 0.635892 0.762791
vt 0.640957 0.735923
vt 0.638479 0.737672
vt 0.643368 0.734150
vt 0.645747 0.732363
vt 0.625133 0.748587
vt 0.622911 0.750000
vt 0.627478 0.747166
vt 0.629853 0.745725
vt 0.632210 0.744257
vt 0.634520 0.742750
vt 0.636763 0.741199
vt 0.638912 0.739612
vt 0.640955 0.738012
vt 0.642885 0.750000
vt 0.640955 0.764088
vt 0.644770 0.734874
vt 0.642885 0.736420
vt 0.631272 0.748596
vt 0.629534 0.750000
vt 0.633054 0.747185
vt 0.634860 0.745756
vt 0.636660 0.744305
vt 0.638435 0.742819
vt 0.640167 0.741297
vt 0.641822 0.739752
vt 0.643369 0.738214
vt 0.644770 0.736726
vt 0.647410 0.734352
vt 0.687818 0.735389
vt 0.646025 0.764611
vt 0.433294 0.750000
vt 0.425399 0.751574
vt 0.433294 0.750686
vt 0.417570 0.752834
vt 0.409846 0.754453
vt 0.402300 0.756493
vt 0.394962 0.758910
vt 0.387899 0.761738
vt 0.381133 0.764931
vt 0.374724 0.768500
vt 0.368711 0.772420
vt 0.363163 0.776697
vt 0.441194 0.750000
vt 0.425434 0.750994
vt 0.432510 0.750000
vt 0.418326 0.750000
vt 0.425434 0.748124
vt 0.411244 0.753403
vt 0.418325 0.752085
vt 0.404241 0.754987
vt 0.397389 0.756905
vt 0.390726 0.759144
vt 0.384318 0.761741
vt 0.378186 0.764658
vt 0.372386 0.767910
vt 0.366955 0.771477
vt 0.361947 0.775362
vt 0.417660 0.751183
vt 0.423931 0.750000
vt 0.411322 0.752428
vt 0.404976 0.750000
vt 0.411322 0.746111
vt 0.398685 0.755394
vt 0.404976 0.753821
vt 0.392522 0.757220
vt 0.386529 0.759307
vt 0.380770 0.761694
vt 0.375259 0.764353
vt 0.370049 0.767298
vt 0.365165 0.770516
vt 0.360652 0.774010
vt 0.409998 0.751307
vt 0.415486 0.750000
vt 0.404409 0.752655
vt 0.398784 0.754101
vt 0.393195 0.750000
vt 0.398784 0.744101
vt 0.387713 0.757429
vt 0.393195 0.755672
vt 0.382385 0.759390
vt 0.377265 0.761590
vt 0.372364 0.764010
vt 0.367725 0.766666
vt 0.363365 0.769548
vt 0.359319 0.772662
vt 0.402507 0.751375
vt 0.407247 0.750000
vt 0.397636 0.752780
vt 0.392708 0.754256
vt 0.387807 0.755821
vt 0.382998 0.750000
vt 0.387807 0.742159
vt 0.378325 0.759380
vt 0.382998 0.757525
vt 0.373833 0.761416
vt 0.369528 0.763622
vt 0.365441 0.766011
vt 0.361582 0.768579
vt 0.357975 0.771333
vt 0.395204 0.751412
vt 0.399234 0.750000
vt 0.391019 0.752846
vt 0.386765 0.754330
vt 0.382536 0.755879
vt 0.378387 0.757529
vt 0.374359 0.750000
vt 0.378387 0.740365
vt 0.370486 0.761178
vt 0.374359 0.759288
vt 0.366766 0.763192
vt 0.363217 0.765339
vt 0.359842 0.767619
vt 0.356653 0.770035
vt 0.388146 0.751424
vt 0.391516 0.750000
vt 0.384609 0.752864
vt 0.381004 0.754340
vt 0.377424 0.755864
vt 0.373918 0.757458
vt 0.370516 0.759132
vt 0.367244 0.750000
vt 0.370516 0.738700
vt 0.364096 0.762746
vt 0.367244 0.760897
vt 0.361079 0.764681
vt 0.358182 0.766698
vt 0.355399 0.768796
vt 0.381350 0.751422
vt 0.384115 0.750000
vt 0.378426 0.752856
vt 0.375447 0.754315
vt 0.372494 0.755809
vt 0.369604 0.757355
vt 0.366801 0.758957
vt 0.364108 0.760620
vt 0.361521 0.750000
vt 0.364108 0.737209
vt 0.359043 0.764077
vt 0.361521 0.762328
vt 0.356632 0.765851
vt 0.354253 0.767638
vt 0.374867 0.751413
vt 0.377089 0.750000
vt 0.372522 0.752834
vt 0.370148 0.754275
vt 0.367790 0.755743
vt 0.365480 0.757250
vt 0.363237 0.758801
vt 0.361088 0.760388
vt 0.359045 0.761988
vt 0.357115 0.750000
vt 0.359045 0.735912
vt 0.355230 0.765126
vt 0.357115 0.763580
vt 0.353279 0.766588
vt 0.368728 0.751404
vt 0.370466 0.750000
vt 0.366946 0.752815
vt 0.365140 0.754244
vt 0.363340 0.755695
vt 0.361565 0.757181
vt 0.359833 0.758703
vt 0.358178 0.760248
vt 0.356631 0.761786
vt 0.355230 0.763275
vt 0.353975 0.750000
vt 0.355230 0.734873
vt 0.333078 0.765648
vt 0.216233 0.750000
vt 0.232863 0.750000
vt 0.224962 0.750000
vt 0.240757 0.748426
vt 0.232863 0.749314
vt 0.248587 0.747166
vt 0.256310 0.745547
vt 0.263856 0.743507
vt 0.271195 0.741090
vt 0.278257 0.738262
vt 0.285023 0.735069
vt 0.291432 0.731500
vt 0.297446 0.727580
vt 0.302994 0.723303
vt 0.240723 0.749006
vt 0.233647 0.750000
vt 0.247831 0.750000
vt 0.254913 0.746597
vt 0.247831 0.747916
vt 0.261916 0.745013
vt 0.268768 0.743095
vt 0.275430 0.740856
vt 0.281838 0.738259
vt 0.287971 0.735342
vt 0.293770 0.732090
vt 0.299201 0.728523
vt 0.304209 0.724638
vt 0.248496 0.748817
vt 0.242226 0.750000
vt 0.254835 0.747572
vt 0.261181 0.750000
vt 0.267471 0.744606
vt 0.261181 0.746179
vt 0.273635 0.742781
vt 0.279627 0.740693
vt 0.285387 0.738307
vt 0.290897 0.735647
vt 0.296108 0.732702
vt 0.300991 0.729484
vt 0.305504 0.725990
vt 0.256158 0.748693
vt 0.250670 0.750000
vt 0.261747 0.747345
vt 0.267373 0.745899
vt 0.272961 0.750000
vt 0.278443 0.742571
vt 0.272961 0.744329
vt 0.283771 0.740610
vt 0.288892 0.738410
vt 0.293792 0.735990
vt 0.298432 0.733334
vt 0.302791 0.730452
vt 0.306837 0.727338
vt 0.263650 0.748625
vt 0.258909 0.750000
vt 0.268520 0.747220
vt 0.273448 0.745744
vt 0.278349 0.744179
vt 0.283159 0.750000
vt 0.287832 0.740620
vt 0.283159 0.742476
vt 0.292323 0.738584
vt 0.296628 0.736378
vt 0.300715 0.733990
vt 0.304574 0.731421
vt 0.308182 0.728667
vt 0.270953 0.748588
vt 0.266923 0.750000
vt 0.275138 0.747155
vt 0.279391 0.745670
vt 0.283621 0.744121
vt 0.287769 0.742472
vt 0.291797 0.750000
vt 0.295670 0.738822
vt 0.291797 0.740712
vt 0.299391 0.736808
vt 0.302940 0.734661
vt 0.306315 0.732381
vt 0.309503 0.729965
vt 0.278010 0.748576
vt 0.274640 0.750000
vt 0.281547 0.747136
vt 0.285153 0.745660
vt 0.288732 0.744137
vt 0.292239 0.742542
vt 0.295641 0.740868
vt 0.298912 0.750000
vt 0.302061 0.737255
vt 0.298912 0.739103
vt 0.305077 0.735319
vt 0.307974 0.733302
vt 0.310758 0.731204
vt 0.284806 0.748578
vt 0.282042 0.750000
vt 0.287731 0.747144
vt 0.290709 0.745685
vt 0.293663 0.744191
vt 0.296553 0.742645
vt 0.299356 0.741043
vt 0.302049 0.739380
vt 0.304636 0.750000
vt 0.307114 0.735923
vt 0.304636 0.737672
vt 0.309524 0.734150
vt 0.311904 0.732363
vt 0.291290 0.748587
vt 0.289067 0.750000
vt 0.293634 0.747166
vt 0.296009 0.745725
vt 0.298366 0.744257
vt 0.300676 0.742750
vt 0.302920 0.741199
vt 0.305069 0.739612
vt 0.307112 0.738012
vt 0.309041 0.750000
vt 0.310926 0.734874
vt 0.309041 0.736420
vt 0.312878 0.733412
vt 0.297428 0.748596
vt 0.295690 0.750000
vt 0.299211 0.747185
vt 0.301016 0.745756
vt 0.302817 0.744305
vt 0.304591 0.742819
vt 0.306324 0.741297
vt 0.307979 0.739752
vt 0.309526 0.738214
vt 0.310926 0.736726
vt 0.312182 0.750000
vt 0.333078 0.734352
vt 0.333078 0.674953
vt 0.335181 0.680865
vt 0.333994 0.674953
vt 0.336863 0.686728
vt 0.339025 0.692512
vt 0.341749 0.698163
vt 0.344977 0.703658
vt 0.348752 0.708947
vt 0.353016 0.714014
vt 0.357783 0.718813
vt 0.363018 0.723316
vt 0.368728 0.727471
vt 0.333078 0.669037
vt 0.334406 0.680839
vt 0.333078 0.675540
vt 0.333078 0.686162
vt 0.330573 0.680839
vt 0.337623 0.691466
vt 0.335862 0.686162
vt 0.339738 0.696710
vt 0.342299 0.701841
vt 0.345289 0.706830
vt 0.348756 0.711629
vt 0.352652 0.716221
vt 0.356995 0.720564
vt 0.361758 0.724631
vt 0.366946 0.728382
vt 0.334658 0.686660
vt 0.333078 0.681965
vt 0.336320 0.691407
vt 0.333078 0.696159
vt 0.327886 0.691407
vt 0.340281 0.700870
vt 0.338180 0.696159
vt 0.342719 0.705486
vt 0.345506 0.709973
vt 0.348693 0.714286
vt 0.352244 0.718413
vt 0.356178 0.722315
vt 0.360475 0.725971
vt 0.365140 0.729351
vt 0.334823 0.692398
vt 0.333078 0.688288
vt 0.336624 0.696584
vt 0.338555 0.700796
vt 0.333078 0.704981
vt 0.325200 0.700796
vt 0.342998 0.709086
vt 0.340652 0.704981
vt 0.345618 0.713076
vt 0.348555 0.716911
vt 0.351787 0.720581
vt 0.355333 0.724055
vt 0.359182 0.727320
vt 0.363340 0.730350
vt 0.334915 0.698008
vt 0.333078 0.694458
vt 0.336791 0.701656
vt 0.338761 0.705346
vt 0.340852 0.709016
vt 0.333078 0.712618
vt 0.322608 0.709016
vt 0.345604 0.716117
vt 0.343126 0.712618
vt 0.348323 0.719481
vt 0.351268 0.722704
vt 0.354458 0.725765
vt 0.357888 0.728655
vt 0.361565 0.731356
vt 0.334964 0.703477
vt 0.333078 0.700459
vt 0.336878 0.706611
vt 0.338860 0.709796
vt 0.340929 0.712964
vt 0.343132 0.716070
vt 0.333078 0.719087
vt 0.320212 0.716070
vt 0.348005 0.721987
vt 0.345481 0.719087
vt 0.350694 0.724773
vt 0.353562 0.727431
vt 0.356606 0.729958
vt 0.359833 0.732346
vt 0.334980 0.708762
vt 0.333078 0.706238
vt 0.336903 0.711411
vt 0.338874 0.714111
vt 0.340908 0.716792
vt 0.343038 0.719417
vt 0.345273 0.721965
vt 0.333078 0.724415
vt 0.317989 0.721965
vt 0.350098 0.726772
vt 0.347630 0.724415
vt 0.352683 0.729031
vt 0.355376 0.731201
vt 0.358178 0.733285
vt 0.334977 0.713851
vt 0.333078 0.711781
vt 0.336892 0.716041
vt 0.338841 0.718272
vt 0.340836 0.720484
vt 0.342900 0.722648
vt 0.345039 0.724747
vt 0.347259 0.726764
vt 0.333078 0.728701
vt 0.315997 0.726764
vt 0.351876 0.730556
vt 0.349541 0.728701
vt 0.354245 0.732361
vt 0.356631 0.734144
vt 0.334965 0.718707
vt 0.333078 0.717042
vt 0.336862 0.720462
vt 0.338787 0.722241
vt 0.340747 0.724006
vt 0.342760 0.725736
vt 0.344831 0.727416
vt 0.346950 0.729025
vt 0.349087 0.730555
vt 0.333078 0.732000
vt 0.314265 0.730555
vt 0.353277 0.733411
vt 0.351213 0.732000
vt 0.334953 0.723303
vt 0.333078 0.722002
vt 0.336838 0.724638
vt 0.338746 0.725990
vt 0.340683 0.727338
vt 0.342667 0.728667
vt 0.344700 0.729965
vt 0.346763 0.731204
vt 0.348817 0.732363
vt 0.350805 0.733412
vt 0.353975 0.735389
vt 0.352590 0.765648
vt 0.313567 0.734352
vt 0.566706 0.250000
vt 0.558806 0.250271
vt 0.574601 0.248426
vt 0.566706 0.249314
vt 0.582430 0.247166
vt 0.590154 0.245547
vt 0.597700 0.243507
vt 0.605038 0.241090
vt 0.612101 0.238262
vt 0.618867 0.235069
vt 0.625276 0.231500
vt 0.631289 0.227580
vt 0.636837 0.223303
vt 0.558806 0.250000
vt 0.574566 0.249006
vt 0.567490 0.250000
vt 0.581674 0.250000
vt 0.574566 0.251876
vt 0.588756 0.246597
vt 0.581674 0.247915
vt 0.595759 0.245013
vt 0.602611 0.243095
vt 0.609274 0.240856
vt 0.615682 0.238259
vt 0.621814 0.235342
vt 0.627614 0.232090
vt 0.633045 0.228523
vt 0.638053 0.224638
vt 0.582340 0.248817
vt 0.576069 0.250000
vt 0.588678 0.247572
vt 0.595024 0.250000
vt 0.588678 0.253889
vt 0.601315 0.244606
vt 0.595024 0.246179
vt 0.607478 0.242780
vt 0.613471 0.240693
vt 0.619230 0.238306
vt 0.624741 0.235647
vt 0.629951 0.232702
vt 0.634835 0.229484
vt 0.639348 0.225990
vt 0.590002 0.248693
vt 0.584513 0.250000
vt 0.595591 0.247345
vt 0.601216 0.245899
vt 0.606805 0.250000
vt 0.601216 0.255900
vt 0.612286 0.242571
vt 0.606805 0.244328
vt 0.617615 0.240610
vt 0.622735 0.238410
vt 0.627636 0.235990
vt 0.632275 0.233334
vt 0.636635 0.230452
vt 0.640681 0.227338
vt 0.597493 0.248625
vt 0.592753 0.250000
vt 0.602364 0.247220
vt 0.607292 0.245744
vt 0.612193 0.244179
vt 0.617002 0.250000
vt 0.612193 0.257841
vt 0.621675 0.240620
vt 0.617002 0.242475
vt 0.626167 0.238584
vt 0.630472 0.236378
vt 0.634559 0.233989
vt 0.638418 0.231421
vt 0.642025 0.228667
vt 0.604796 0.248588
vt 0.600766 0.250000
vt 0.608981 0.247154
vt 0.613235 0.245670
vt 0.617464 0.244121
vt 0.621613 0.242472
vt 0.625641 0.250000
vt 0.621613 0.259635
vt 0.629514 0.238822
vt 0.625641 0.240712
vt 0.633234 0.236808
vt 0.636783 0.234661
vt 0.640158 0.232381
vt 0.643347 0.229965
vt 0.611854 0.248576
vt 0.608484 0.250000
vt 0.615391 0.247136
vt 0.618996 0.245660
vt 0.622576 0.244136
vt 0.626082 0.242542
vt 0.629484 0.240868
vt 0.632756 0.250000
vt 0.629484 0.261300
vt 0.635904 0.237254
vt 0.632756 0.239103
vt 0.638920 0.235319
vt 0.641818 0.233302
vt 0.644601 0.231204
vt 0.618650 0.248578
vt 0.615885 0.250000
vt 0.621574 0.247144
vt 0.624553 0.245685
vt 0.627506 0.244191
vt 0.630396 0.242645
vt 0.633199 0.241043
vt 0.635892 0.239380
vt 0.638479 0.250000
vt 0.635892 0.262791
vt 0.640957 0.235923
vt 0.638479 0.237672
vt 0.643368 0.234149
vt 0.645747 0.232363
vt 0.625133 0.248587
vt 0.622911 0.250000
vt 0.627478 0.247166
vt 0.629853 0.245725
vt 0.632210 0.244257
vt 0.634520 0.242750
vt 0.636763 0.241199
vt 0.638912 0.239612
vt 0.640955 0.238012
vt 0.642885 0.250000
vt 0.640955 0.264088
vt 0.644770 0.234874
vt 0.642885 0.236420
vt 0.646721 0.233412
vt 0.631272 0.248596
vt 0.629534 0.250000
vt 0.633054 0.247185
vt 0.634860 0.245756
vt 0.636660 0.244305
vt 0.638435 0.242819
vt 0.640167 0.241297
vt 0.641822 0.239752
vt 0.643369 0.238214
vt 0.644770 0.236726
vt 0.646025 0.250000
vt 0.644770 0.265127
vt 0.666922 0.234352
vt 1.000765 0.587500
vt 1.000765 0.575047
vt 1.000765 0.580963
vt 0.998663 0.569135
vt 0.999849 0.575047
vt 0.996981 0.563272
vt 0.994819 0.557488
vt 0.992095 0.551837
vt 0.988867 0.546342
vt 0.985091 0.541053
vt 0.980827 0.535986
vt 0.976061 0.531187
vt 0.970826 0.526684
vt 0.965115 0.522529
vt 0.999438 0.569161
vt 1.000765 0.574460
vt 1.000765 0.563838
vt 0.996221 0.558535
vt 0.997982 0.563838
vt 0.994106 0.553290
vt 0.991544 0.548159
vt 0.988554 0.543170
vt 0.985087 0.538371
vt 0.981191 0.533779
vt 0.976849 0.529436
vt 0.972085 0.525369
vt 0.966898 0.521619
vt 0.999186 0.563340
vt 1.000765 0.568035
vt 0.997523 0.558593
vt 1.000765 0.553841
vt 0.993562 0.549130
vt 0.995663 0.553841
vt 0.991124 0.544514
vt 0.988337 0.540027
vt 0.985150 0.535714
vt 0.981599 0.531587
vt 0.977665 0.527685
vt 0.973368 0.524029
vt 0.968703 0.520649
vt 0.999020 0.557602
vt 1.000765 0.561712
vt 0.997220 0.553417
vt 0.995289 0.549204
vt 1.000765 0.545019
vt 0.990845 0.540914
vt 0.993192 0.545019
vt 0.988226 0.536924
vt 0.985288 0.533089
vt 0.982056 0.529419
vt 0.978510 0.525945
vt 0.974662 0.522681
vt 0.970504 0.519650
vt 0.998929 0.551992
vt 1.000765 0.555542
vt 0.997052 0.548344
vt 0.995082 0.544654
vt 0.992992 0.540984
vt 1.000765 0.537382
vt 0.988239 0.533883
vt 0.990717 0.537382
vt 0.985520 0.530520
vt 0.982575 0.527296
vt 0.979385 0.524235
vt 0.975956 0.521345
vt 0.972278 0.518644
vt 0.998880 0.546523
vt 1.000765 0.549541
vt 0.996965 0.543389
vt 0.994983 0.540204
vt 0.992914 0.537036
vt 0.990712 0.533930
vt 1.000765 0.530913
vt 0.985838 0.528013
vt 0.988363 0.530913
vt 0.983149 0.525227
vt 0.980281 0.522569
vt 0.977238 0.520042
vt 0.974011 0.517654
vt 0.998863 0.541238
vt 1.000765 0.543762
vt 0.996941 0.538589
vt 0.994969 0.535889
vt 0.992935 0.533209
vt 0.990806 0.530583
vt 0.988571 0.528035
vt 1.000765 0.525585
vt 0.983745 0.523228
vt 0.986213 0.525585
vt 0.981161 0.520969
vt 0.978467 0.518799
vt 0.975666 0.516715
vt 0.998866 0.536149
vt 1.000765 0.538219
vt 0.996952 0.533959
vt 0.995003 0.531728
vt 0.993008 0.529517
vt 0.990944 0.527352
vt 0.988804 0.525253
vt 0.986584 0.523236
vt 1.000765 0.521299
vt 0.981968 0.519444
vt 0.984302 0.521299
vt 0.979599 0.517639
vt 0.977213 0.515856
vt 0.998879 0.531293
vt 1.000765 0.532958
vt 0.996981 0.529538
vt 0.995056 0.527760
vt 0.993097 0.525994
vt 0.991084 0.524264
vt 0.989013 0.522584
vt 0.986894 0.520975
vt 0.984756 0.519445
vt 1.000765 0.518000
vt 0.980567 0.516589
vt 0.982631 0.518000
vt 0.978613 0.515127
vt 0.998891 0.526697
vt 1.000765 0.527998
vt 0.997006 0.525362
vt 0.995098 0.524010
vt 0.993160 0.522662
vt 0.991176 0.521333
vt 0.989144 0.520035
vt 0.987080 0.518796
vt 0.985026 0.517637
vt 0.983039 0.516588
vt 1.000765 0.515648
vt 0.979869 0.500000
vt 0.666922 0.337500
vt 0.666560 0.330963
vt 0.666922 0.325047
vt 0.666922 0.330963
vt 0.665610 0.324460
vt 0.664819 0.319135
vt 0.666006 0.325047
vt 0.663959 0.318035
vt 0.663137 0.313272
vt 0.661719 0.311712
vt 0.660975 0.307488
vt 0.658814 0.305542
vt 0.658251 0.301837
vt 0.655335 0.299541
vt 0.655023 0.296342
vt 0.651240 0.293762
vt 0.651247 0.291053
vt 0.646601 0.288219
vt 0.646984 0.285986
vt 0.641407 0.282958
vt 0.642217 0.281187
vt 0.635712 0.277998
vt 0.636982 0.276684
vt 0.629534 0.273372
vt 0.631272 0.272529
vt 0.665594 0.319161
vt 0.666922 0.324460
vt 0.666922 0.313838
vt 0.662377 0.308535
vt 0.664138 0.313838
vt 0.660262 0.303290
vt 0.657701 0.298159
vt 0.654711 0.293170
vt 0.651244 0.288371
vt 0.647348 0.283779
vt 0.643005 0.279436
vt 0.638242 0.275369
vt 0.633054 0.271619
vt 0.665342 0.313340
vt 0.666922 0.318035
vt 0.663680 0.308593
vt 0.666922 0.303841
vt 0.659719 0.299130
vt 0.661820 0.303841
vt 0.657281 0.294514
vt 0.654494 0.290027
vt 0.651307 0.285714
vt 0.647756 0.281587
vt 0.643822 0.277685
vt 0.639525 0.274029
vt 0.634860 0.270649
vt 0.665177 0.307602
vt 0.666922 0.311712
vt 0.663376 0.303417
vt 0.661445 0.299204
vt 0.666922 0.295019
vt 0.657001 0.290914
vt 0.659348 0.295019
vt 0.654382 0.286924
vt 0.651445 0.283089
vt 0.648213 0.279419
vt 0.644667 0.275945
vt 0.640818 0.272681
vt 0.636660 0.269650
vt 0.665085 0.301992
vt 0.666922 0.305542
vt 0.663209 0.298344
vt 0.661239 0.294654
vt 0.659148 0.290984
vt 0.666922 0.287382
vt 0.654396 0.283883
vt 0.656874 0.287382
vt 0.651677 0.280519
vt 0.648731 0.277296
vt 0.645542 0.274235
vt 0.642112 0.271345
vt 0.638435 0.268644
vt 0.665036 0.296523
vt 0.666922 0.299541
vt 0.663122 0.293389
vt 0.661140 0.290204
vt 0.659071 0.287036
vt 0.656868 0.283930
vt 0.666922 0.280913
vt 0.651995 0.278013
vt 0.654519 0.280913
vt 0.649306 0.275227
vt 0.646438 0.272569
vt 0.643394 0.270042
vt 0.640167 0.267654
vt 0.665020 0.291238
vt 0.666922 0.293762
vt 0.663097 0.288589
vt 0.661126 0.285889
vt 0.659092 0.283209
vt 0.656962 0.280583
vt 0.654727 0.278035
vt 0.666922 0.275585
vt 0.649902 0.273228
vt 0.652370 0.275585
vt 0.647317 0.270969
vt 0.644624 0.268799
vt 0.641822 0.266715
vt 0.665023 0.286149
vt 0.666922 0.288219
vt 0.663108 0.283959
vt 0.661159 0.281728
vt 0.659164 0.279517
vt 0.657100 0.277352
vt 0.654961 0.275253
vt 0.652741 0.273236
vt 0.666922 0.271299
vt 0.648124 0.269444
vt 0.650459 0.271299
vt 0.645755 0.267639
vt 0.643369 0.265856
vt 0.665035 0.281293
vt 0.666922 0.282958
vt 0.663138 0.279538
vt 0.661213 0.277759
vt 0.659253 0.275994
vt 0.657240 0.274264
vt 0.655169 0.272584
vt 0.653050 0.270975
vt 0.650913 0.269445
vt 0.666922 0.268000
vt 0.646723 0.266589
vt 0.648787 0.268000
vt 0.665047 0.276697
vt 0.666922 0.277998
vt 0.663162 0.275362
vt 0.661254 0.274010
vt 0.659316 0.272662
vt 0.657333 0.271333
vt 0.655300 0.270035
vt 0.653237 0.268796
vt 0.651183 0.267637
vt 0.649195 0.266588
vt 0.666922 0.265648
vt 0.646025 0.264611
vt 0.647410 0.234352
vt 0.979869 0.514611
vt 0.441194 0.250271
vt 0.433294 0.250000
vt 0.432510 0.250982
vt 0.425399 0.251574
vt 0.433294 0.250686
vt 0.423931 0.252219
vt 0.417570 0.252834
vt 0.415486 0.253896
vt 0.409846 0.254453
vt 0.407247 0.256072
vt 0.402300 0.256493
vt 0.399234 0.258677
vt 0.394962 0.258910
vt 0.391516 0.261743
vt 0.387899 0.261738
vt 0.384115 0.265217
vt 0.381133 0.264931
vt 0.377089 0.269107
vt 0.374724 0.268500
vt 0.370466 0.273372
vt 0.368711 0.272420
vt 0.364288 0.277998
vt 0.363163 0.276697
vt 0.441194 0.250000
vt 0.425434 0.250994
vt 0.432510 0.250000
vt 0.418326 0.250000
vt 0.425434 0.248124
vt 0.411244 0.253403
vt 0.418325 0.252085
vt 0.404241 0.254987
vt 0.397389 0.256905
vt 0.390726 0.259144
vt 0.384318 0.261741
vt 0.378186 0.264658
vt 0.372386 0.267910
vt 0.366955 0.271477
vt 0.361947 0.275362
vt 0.417660 0.251183
vt 0.423931 0.250000
vt 0.411322 0.252428
vt 0.404976 0.250000
vt 0.411322 0.246111
vt 0.398685 0.255394
vt 0.404976 0.253821
vt 0.392522 0.257220
vt 0.386529 0.259307
vt 0.380770 0.261694
vt 0.375259 0.264353
vt 0.370049 0.267298
vt 0.365165 0.270516
vt 0.360652 0.274010
vt 0.409998 0.251307
vt 0.415486 0.250000
vt 0.404409 0.252655
vt 0.398784 0.254101
vt 0.393195 0.250000
vt 0.398784 0.244100
vt 0.387713 0.257429
vt 0.393195 0.255672
vt 0.382385 0.259390
vt 0.377265 0.261590
vt 0.372364 0.264010
vt 0.367725 0.266666
vt 0.363365 0.269548
vt 0.359319 0.272662
vt 0.402507 0.251375
vt 0.407247 0.250000
vt 0.397636 0.252780
vt 0.392708 0.254256
vt 0.387807 0.255821
vt 0.382998 0.250000
vt 0.387807 0.242159
vt 0.378325 0.259380
vt 0.382998 0.257525
vt 0.373833 0.261416
vt 0.369528 0.263622
vt 0.365441 0.266011
vt 0.361582 0.268579
vt 0.357975 0.271333
vt 0.395204 0.251412
vt 0.399234 0.250000
vt 0.391019 0.252846
vt 0.386765 0.254330
vt 0.382536 0.255879
vt 0.378387 0.257529
vt 0.374359 0.250000
vt 0.378387 0.240365
vt 0.370486 0.261178
vt 0.374359 0.259288
vt 0.366766 0.263192
vt 0.363217 0.265339
vt 0.359842 0.267619
vt 0.356653 0.270035
vt 0.388146 0.251424
vt 0.391516 0.250000
vt 0.384609 0.252864
vt 0.381004 0.254340
vt 0.377424 0.255864
vt 0.373918 0.257458
vt 0.370516 0.259132
vt 0.367244 0.250000
vt 0.370516 0.238700
vt 0.364096 0.262746
vt 0.367244 0.260897
vt 0.361079 0.264681
vt 0.358182 0.266698
vt 0.355399 0.268796
vt 0.381350 0.251422
vt 0.384115 0.250000
vt 0.378426 0.252856
vt 0.375447 0.254315
vt 0.372494 0.255809
vt 0.369604 0.257355
vt 0.366801 0.258957
vt 0.364108 0.260620
vt 0.361521 0.250000
vt 0.364108 0.237209
vt 0.359043 0.264077
vt 0.361521 0.262328
vt 0.356632 0.265851
vt 0.354253 0.267637
vt 0.374867 0.251413
vt 0.377089 0.250000
vt 0.372522 0.252834
vt 0.370148 0.254275
vt 0.367790 0.255743
vt 0.365480 0.257250
vt 0.363237 0.258801
vt 0.361088 0.260388
vt 0.359045 0.261988
vt 0.357115 0.250000
vt 0.359045 0.235912
vt 0.355230 0.265126
vt 0.357115 0.263580
vt 0.353279 0.266588
vt 0.368728 0.251404
vt 0.370466 0.250000
vt 0.366946 0.252815
vt 0.365140 0.254244
vt 0.363340 0.255695
vt 0.361565 0.257181
vt 0.359833 0.258703
vt 0.358178 0.260248
vt 0.356631 0.261786
vt 0.355230 0.263274
vt 0.353975 0.250000
vt 0.355230 0.234873
vt 0.333078 0.265648
vt 0.116080 0.500000
vt 0.099450 0.500000
vt 0.107351 0.500000
vt 0.091556 0.501574
vt 0.099450 0.500686
vt 0.083726 0.502834
vt 0.076003 0.504453
vt 0.068457 0.506493
vt 0.061118 0.508910
vt 0.054056 0.511738
vt 0.047289 0.514931
vt 0.040881 0.518500
vt 0.034867 0.522420
vt 0.029319 0.526697
vt 0.091590 0.500994
vt 0.098666 0.500000
vt 0.084482 0.500000
vt 0.077400 0.503403
vt 0.084482 0.502085
vt 0.070397 0.504987
vt 0.063545 0.506905
vt 0.056882 0.509144
vt 0.050475 0.511741
vt 0.044342 0.514658
vt 0.038543 0.517910
vt 0.033112 0.521477
vt 0.028104 0.525362
vt 0.083817 0.501183
vt 0.090087 0.500000
vt 0.077478 0.502428
vt 0.071132 0.500000
vt 0.064841 0.505394
vt 0.071132 0.503821
vt 0.058678 0.507220
vt 0.052686 0.509307
vt 0.046926 0.511694
vt 0.041416 0.514353
vt 0.036205 0.517298
vt 0.031322 0.520516
vt 0.026809 0.524010
vt 0.076155 0.501307
vt 0.081643 0.500000
vt 0.070566 0.502655
vt 0.064940 0.504101
vt 0.059351 0.500000
vt 0.053870 0.507429
vt 0.059351 0.505672
vt 0.048542 0.509390
vt 0.043421 0.511590
vt 0.038521 0.514010
vt 0.033881 0.516666
vt 0.029522 0.519548
vt 0.025475 0.522662
vt 0.068663 0.501375
vt 0.073404 0.500000
vt 0.063793 0.502780
vt 0.058865 0.504256
vt 0.053964 0.505821
vt 0.049154 0.500000
vt 0.044481 0.509380
vt 0.049154 0.507524
vt 0.039990 0.511416
vt 0.035685 0.513622
vt 0.031597 0.516011
vt 0.027739 0.518579
vt 0.024131 0.521333
vt 0.061360 0.501412
vt 0.065390 0.500000
vt 0.057175 0.502846
vt 0.052922 0.504330
vt 0.048692 0.505879
vt 0.044544 0.507529
vt 0.040515 0.500000
vt 0.036642 0.511178
vt 0.040515 0.509288
vt 0.032922 0.513192
vt 0.029373 0.515339
vt 0.025998 0.517619
vt 0.022810 0.520035
vt 0.054303 0.501424
vt 0.057673 0.500000
vt 0.050766 0.502864
vt 0.047160 0.504340
vt 0.043580 0.505863
vt 0.040074 0.507458
vt 0.036672 0.509132
vt 0.033401 0.500000
vt 0.030252 0.512746
vt 0.033401 0.510897
vt 0.027236 0.514681
vt 0.024339 0.516698
vt 0.021555 0.518796
vt 0.047507 0.501422
vt 0.050271 0.500000
vt 0.044582 0.502856
vt 0.041604 0.504315
vt 0.038650 0.505809
vt 0.035760 0.507355
vt 0.032957 0.508957
vt 0.030264 0.510620
vt 0.027677 0.500000
vt 0.025199 0.514077
vt 0.027677 0.512328
vt 0.022789 0.515851
vt 0.020409 0.517637
vt 0.041023 0.501413
vt 0.043246 0.500000
vt 0.038679 0.502834
vt 0.036304 0.504275
vt 0.033947 0.505743
vt 0.031637 0.507250
vt 0.029393 0.508801
vt 0.027244 0.510388
vt 0.025201 0.511988
vt 0.023272 0.500000
vt 0.021387 0.515126
vt 0.023272 0.513580
vt 0.019435 0.516588
vt 0.034885 0.501404
vt 0.036623 0.500000
vt 0.033102 0.502815
vt 0.031297 0.504244
vt 0.029496 0.505695
vt 0.027722 0.507181
vt 0.025989 0.508703
vt 0.024334 0.510248
vt 0.022787 0.511786
vt 0.021386 0.513274
vt 0.020131 0.500000
vt -0.000765 0.515648
vt 0.333078 0.174953
vt 0.333078 0.169037
vt 0.335181 0.180865
vt 0.333994 0.174953
vt 0.336863 0.186728
vt 0.339025 0.192512
vt 0.341749 0.198163
vt 0.344977 0.203658
vt 0.348752 0.208947
vt 0.353016 0.214014
vt 0.357783 0.218813
vt 0.363018 0.223316
vt 0.368728 0.227471
vt 0.334406 0.180839
vt 0.333078 0.175540
vt 0.333078 0.186162
vt 0.337623 0.191465
vt 0.335862 0.186162
vt 0.339738 0.196710
vt 0.342299 0.201841
vt 0.345289 0.206830
vt 0.348756 0.211629
vt 0.352652 0.216221
vt 0.356995 0.220564
vt 0.361758 0.224631
vt 0.366946 0.228381
vt 0.334658 0.186660
vt 0.333078 0.181965
vt 0.336320 0.191407
vt 0.333078 0.196159
vt 0.340281 0.200870
vt 0.338180 0.196159
vt 0.342719 0.205486
vt 0.345506 0.209973
vt 0.348693 0.214286
vt 0.352244 0.218413
vt 0.356178 0.222315
vt 0.360475 0.225971
vt 0.365140 0.229351
vt 0.334823 0.192398
vt 0.333078 0.188288
vt 0.336624 0.196583
vt 0.338555 0.200796
vt 0.333078 0.204981
vt 0.342998 0.209086
vt 0.340652 0.204981
vt 0.345618 0.213076
vt 0.348555 0.216911
vt 0.351787 0.220581
vt 0.355333 0.224055
vt 0.359182 0.227319
vt 0.363340 0.230350
vt 0.334915 0.198008
vt 0.333078 0.194458
vt 0.336791 0.201656
vt 0.338761 0.205346
vt 0.340852 0.209016
vt 0.333078 0.212618
vt 0.345604 0.216117
vt 0.343126 0.212618
vt 0.348323 0.219481
vt 0.351268 0.222704
vt 0.354458 0.225765
vt 0.357888 0.228655
vt 0.361565 0.231356
vt 0.334964 0.203477
vt 0.333078 0.200459
vt 0.336878 0.206611
vt 0.338860 0.209796
vt 0.340929 0.212964
vt 0.343132 0.216070
vt 0.333078 0.219087
vt 0.348005 0.221987
vt 0.345481 0.219087
vt 0.350694 0.224773
vt 0.353562 0.227431
vt 0.356606 0.229958
vt 0.359833 0.232346
vt 0.334980 0.208762
vt 0.333078 0.206238
vt 0.336903 0.211411
vt 0.338874 0.214111
vt 0.340908 0.216791
vt 0.343038 0.219417
vt 0.345273 0.221965
vt 0.333078 0.224415
vt 0.350098 0.226772
vt 0.347630 0.224415
vt 0.352683 0.229031
vt 0.355376 0.231201
vt 0.358178 0.233285
vt 0.334977 0.213851
vt 0.333078 0.211781
vt 0.336892 0.216041
vt 0.338841 0.218272
vt 0.340836 0.220483
vt 0.342900 0.222648
vt 0.345039 0.224747
vt 0.347259 0.226764
vt 0.333078 0.228701
vt 0.351876 0.230556
vt 0.349541 0.228701
vt 0.354245 0.232361
vt 0.356631 0.234144
vt 0.334965 0.218707
vt 0.333078 0.217042
vt 0.336862 0.220462
vt 0.338787 0.222241
vt 0.340747 0.224006
vt 0.342760 0.225736
vt 0.344831 0.227416
vt 0.346950 0.229025
vt 0.349087 0.230555
vt 0.333078 0.232000
vt 0.353277 0.233411
vt 0.351213 0.232000
vt 0.334953 0.223303
vt 0.333078 0.222002
vt 0.336838 0.224638
vt 0.338746 0.225990
vt 0.340683 0.227338
vt 0.342667 0.228667
vt 0.344700 0.229965
vt 0.346763 0.231204
vt 0.348817 0.232363
vt 0.350805 0.233412
vt 0.333078 0.234352
vt 0.353975 0.235389
vt 0.352590 0.265648
vt 0.018746 0.515648
vt 0.566706 1.000000
vt 0.558806 1.000000
vt 0.574601 0.998426
vt 0.566706 0.999314
vt 0.582430 0.997166
vt 0.590154 0.995547
vt 0.597700 0.993507
vt 0.605038 0.991090
vt 0.612101 0.988262
vt 0.618867 0.985069
vt 0.625276 0.981500
vt 0.631289 0.977580
vt 0.636837 0.973303
vt 0.574566 0.999006
vt 0.567490 1.000000
vt 0.581674 1.000000
vt 0.588756 0.996597
vt 0.581674 0.997915
vt 0.595759 0.995013
vt 0.602611 0.993095
vt 0.609274 0.990856
vt 0.615682 0.988259
vt 0.621814 0.985342
vt 0.627614 0.982090
vt 0.633045 0.978523
vt 0.638053 0.974638
vt 0.582340 0.998817
vt 0.576069 1.000000
vt 0.588678 0.997572
vt 0.595024 1.000000
vt 0.601315 0.994606
vt 0.595024 0.996179
vt 0.607478 0.992780
vt 0.613471 0.990693
vt 0.619230 0.988306
vt 0.624741 0.985647
vt 0.629951 0.982702
vt 0.634835 0.979484
vt 0.639348 0.975990
vt 0.590002 0.998693
vt 0.584513 1.000000
vt 0.595591 0.997345
vt 0.601216 0.995899
vt 0.606805 1.000000
vt 0.612286 0.992571
vt 0.606805 0.994328
vt 0.617615 0.990610
vt 0.622735 0.988410
vt 0.627636 0.985990
vt 0.632275 0.983334
vt 0.636635 0.980452
vt 0.640681 0.977338
vt 0.597493 0.998625
vt 0.592753 1.000000
vt 0.602364 0.997220
vt 0.607292 0.995744
vt 0.612193 0.994179
vt 0.617002 1.000000
vt 0.621675 0.990620
vt 0.617002 0.992475
vt 0.626167 0.988584
vt 0.630472 0.986378
vt 0.634559 0.983989
vt 0.638418 0.981421
vt 0.642025 0.978667
vt 0.604796 0.998588
vt 0.600766 1.000000
vt 0.608981 0.997154
vt 0.613235 0.995670
vt 0.617464 0.994121
vt 0.621613 0.992472
vt 0.625641 1.000000
vt 0.629514 0.988822
vt 0.625641 0.990712
vt 0.633234 0.986808
vt 0.636783 0.984661
vt 0.640158 0.982381
vt 0.643347 0.979965
vt 0.611854 0.998576
vt 0.608484 1.000000
vt 0.615391 0.997136
vt 0.618996 0.995660
vt 0.622576 0.994137
vt 0.626082 0.992542
vt 0.629484 0.990868
vt 0.632756 1.000000
vt 0.635904 0.987254
vt 0.632756 0.989103
vt 0.638920 0.985319
vt 0.641818 0.983302
vt 0.644601 0.981204
vt 0.618650 0.998578
vt 0.615885 1.000000
vt 0.621574 0.997144
vt 0.624553 0.995685
vt 0.627506 0.994191
vt 0.630396 0.992645
vt 0.633199 0.991043
vt 0.635892 0.989380
vt 0.638479 1.000000
vt 0.640957 0.985923
vt 0.638479 0.987672
vt 0.643368 0.984149
vt 0.645747 0.982363
vt 0.625133 0.998587
vt 0.622911 1.000000
vt 0.627478 0.997166
vt 0.629853 0.995725
vt 0.632210 0.994257
vt 0.634520 0.992750
vt 0.636763 0.991199
vt 0.638912 0.989612
vt 0.640955 0.988012
vt 0.642885 1.000000
vt 0.644770 0.984874
vt 0.642885 0.986420
vt 0.646721 0.983412
vt 0.631272 0.998596
vt 0.629534 1.000000
vt 0.633054 0.997185
vt 0.634860 0.995756
vt 0.636660 0.994305
vt 0.638435 0.992819
vt 0.640167 0.991297
vt 0.641822 0.989752
vt 0.643369 0.988214
vt 0.644770 0.986726
vt 0.646025 1.000000
vt 0.666922 0.984352
vt 0.883920 0.750000
vt 0.900550 0.750000
vt 0.892649 0.750000
vt 0.908444 0.748426
vt 0.900550 0.749314
vt 0.916274 0.747166
vt 0.923997 0.745547
vt 0.931543 0.743507
vt 0.938882 0.741090
vt 0.945944 0.738262
vt 0.952710 0.735069
vt 0.959119 0.731500
vt 0.965133 0.727580
vt 0.970681 0.723303
vt 0.908410 0.749006
vt 0.901334 0.750000
vt 0.915518 0.750000
vt 0.922600 0.746597
vt 0.915518 0.747916
vt 0.929603 0.745013
vt 0.936455 0.743095
vt 0.943118 0.740856
vt 0.949525 0.738259
vt 0.955658 0.735342
vt 0.961457 0.732090
vt 0.966888 0.728523
vt 0.971896 0.724638
vt 0.916183 0.748817
vt 0.909913 0.750000
vt 0.922522 0.747572
vt 0.928868 0.750000
vt 0.935159 0.744606
vt 0.928868 0.746179
vt 0.941322 0.742781
vt 0.947314 0.740693
vt 0.953074 0.738307
vt 0.958585 0.735647
vt 0.963795 0.732702
vt 0.968678 0.729484
vt 0.973191 0.725990
vt 0.923845 0.748693
vt 0.918357 0.750000
vt 0.929434 0.747345
vt 0.935060 0.745899
vt 0.940649 0.750000
vt 0.946130 0.742571
vt 0.940649 0.744329
vt 0.951458 0.740610
vt 0.956579 0.738410
vt 0.961480 0.735990
vt 0.966119 0.733334
vt 0.970478 0.730452
vt 0.974525 0.727338
vt 0.931337 0.748625
vt 0.926596 0.750000
vt 0.936207 0.747220
vt 0.941135 0.745744
vt 0.946036 0.744179
vt 0.950846 0.750000
vt 0.955519 0.740620
vt 0.950846 0.742476
vt 0.960010 0.738584
vt 0.964315 0.736378
vt 0.968403 0.733990
vt 0.972261 0.731421
vt 0.975869 0.728667
vt 0.938640 0.748588
vt 0.934610 0.750000
vt 0.942825 0.747155
vt 0.947078 0.745670
vt 0.951308 0.744121
vt 0.955456 0.742472
vt 0.959485 0.750000
vt 0.963358 0.738822
vt 0.959485 0.740712
vt 0.967078 0.736808
vt 0.970627 0.734661
vt 0.974002 0.732381
vt 0.977190 0.729965
vt 0.945697 0.748576
vt 0.942327 0.750000
vt 0.949234 0.747136
vt 0.952840 0.745660
vt 0.956420 0.744137
vt 0.959926 0.742542
vt 0.963328 0.740868
vt 0.966599 0.750000
vt 0.969748 0.737255
vt 0.966599 0.739103
vt 0.972764 0.735319
vt 0.975661 0.733302
vt 0.978445 0.731204
vt 0.952493 0.748578
vt 0.949729 0.750000
vt 0.955418 0.747144
vt 0.958396 0.745685
vt 0.961350 0.744191
vt 0.964240 0.742645
vt 0.967043 0.741043
vt 0.969736 0.739380
vt 0.972323 0.750000
vt 0.974801 0.735923
vt 0.972323 0.737672
vt 0.977211 0.734150
vt 0.979591 0.732363
vt 0.958977 0.748587
vt 0.956754 0.750000
vt 0.961321 0.747166
vt 0.963696 0.745725
vt 0.966053 0.744257
vt 0.968363 0.742750
vt 0.970607 0.741199
vt 0.972756 0.739612
vt 0.974799 0.738012
vt 0.976728 0.750000
vt 0.978613 0.734874
vt 0.976728 0.736420
vt 0.980565 0.733412
vt 0.965115 0.748596
vt 0.963377 0.750000
vt 0.966898 0.747185
vt 0.968703 0.745756
vt 0.970504 0.744305
vt 0.972278 0.742819
vt 0.974011 0.741297
vt 0.975666 0.739752
vt 0.977213 0.738214
vt 0.978613 0.736726
vt 0.979869 0.750000
vt 1.000765 0.734352
vt 0.666922 0.075047
vt 0.666922 0.080963
vt 0.664819 0.069135
vt 0.666006 0.075047
vt 0.663137 0.063272
vt 0.660975 0.057488
vt 0.658251 0.051837
vt 0.655023 0.046342
vt 0.651247 0.041053
vt 0.646984 0.035986
vt 0.642217 0.031187
vt 0.636982 0.026684
vt 0.631272 0.022529
vt 0.665594 0.069161
vt 0.666922 0.074460
vt 0.666922 0.063838
vt 0.662377 0.058534
vt 0.664138 0.063838
vt 0.660262 0.053290
vt 0.657701 0.048159
vt 0.654711 0.043170
vt 0.651244 0.038371
vt 0.647348 0.033779
vt 0.643005 0.029436
vt 0.638242 0.025369
vt 0.633054 0.021619
vt 0.665342 0.063339
vt 0.666922 0.068035
vt 0.663680 0.058593
vt 0.666922 0.053841
vt 0.659719 0.049130
vt 0.661820 0.053841
vt 0.657281 0.044514
vt 0.654494 0.040027
vt 0.651307 0.035714
vt 0.647756 0.031587
vt 0.643822 0.027686
vt 0.639525 0.024029
vt 0.634860 0.020649
vt 0.665177 0.057602
vt 0.666922 0.061712
vt 0.663376 0.053417
vt 0.661445 0.049204
vt 0.666922 0.045019
vt 0.657001 0.040914
vt 0.659348 0.045019
vt 0.654382 0.036924
vt 0.651445 0.033089
vt 0.648213 0.029419
vt 0.644667 0.025945
vt 0.640818 0.022681
vt 0.636660 0.019650
vt 0.665085 0.051992
vt 0.666922 0.055542
vt 0.663209 0.048344
vt 0.661239 0.044654
vt 0.659148 0.040984
vt 0.666922 0.037382
vt 0.654396 0.033883
vt 0.656874 0.037382
vt 0.651677 0.030519
vt 0.648731 0.027296
vt 0.645542 0.024235
vt 0.642112 0.021345
vt 0.638435 0.018644
vt 0.665036 0.046523
vt 0.666922 0.049541
vt 0.663122 0.043389
vt 0.661140 0.040204
vt 0.659071 0.037036
vt 0.656868 0.033930
vt 0.666922 0.030913
vt 0.651995 0.028013
vt 0.654519 0.030913
vt 0.649306 0.025227
vt 0.646438 0.022569
vt 0.643394 0.020042
vt 0.640167 0.017654
vt 0.665020 0.041238
vt 0.666922 0.043762
vt 0.663097 0.038589
vt 0.661126 0.035889
vt 0.659092 0.033209
vt 0.656962 0.030583
vt 0.654727 0.028035
vt 0.666922 0.025585
vt 0.649902 0.023228
vt 0.652370 0.025585
vt 0.647317 0.020969
vt 0.644624 0.018799
vt 0.641822 0.016715
vt 0.665023 0.036149
vt 0.666922 0.038219
vt 0.663108 0.033959
vt 0.661159 0.031728
vt 0.659164 0.029517
vt 0.657100 0.027352
vt 0.654961 0.025253
vt 0.652741 0.023236
vt 0.666922 0.021299
vt 0.648124 0.019444
vt 0.650459 0.021299
vt 0.645755 0.017639
vt 0.643369 0.015856
vt 0.665035 0.031293
vt 0.666922 0.032958
vt 0.663138 0.029538
vt 0.661213 0.027759
vt 0.659253 0.025994
vt 0.657240 0.024264
vt 0.655169 0.022584
vt 0.653050 0.020975
vt 0.650913 0.019445
vt 0.666922 0.018000
vt 0.646723 0.016589
vt 0.648787 0.018000
vt 0.644770 0.015127
vt 0.665047 0.026697
vt 0.666922 0.027998
vt 0.663162 0.025362
vt 0.661254 0.024010
vt 0.659316 0.022662
vt 0.657333 0.021333
vt 0.655300 0.020035
vt 0.653237 0.018796
vt 0.651183 0.017637
vt 0.649195 0.016588
vt 0.666922 0.015648
vt 0.646025 0.000000
vt 0.646025 0.014611
vt 0.647410 0.984352
vt 0.981254 0.734352
vt 0.333078 0.924953
vt 0.333078 0.919037
vt 0.335181 0.930865
vt 0.333994 0.924953
vt 0.336863 0.936728
vt 0.339025 0.942512
vt 0.341749 0.948163
vt 0.344977 0.953658
vt 0.348752 0.958947
vt 0.353016 0.964014
vt 0.357783 0.968813
vt 0.363018 0.973316
vt 0.368728 0.977471
vt 0.334406 0.930839
vt 0.333078 0.925540
vt 0.333078 0.936162
vt 0.337623 0.941465
vt 0.335862 0.936162
vt 0.339738 0.946710
vt 0.342299 0.951841
vt 0.345289 0.956830
vt 0.348756 0.961629
vt 0.352652 0.966221
vt 0.356995 0.970564
vt 0.361758 0.974631
vt 0.366946 0.978382
vt 0.334658 0.936660
vt 0.333078 0.931965
vt 0.336320 0.941407
vt 0.333078 0.946159
vt 0.340281 0.950870
vt 0.338180 0.946159
vt 0.342719 0.955486
vt 0.345506 0.959973
vt 0.348693 0.964286
vt 0.352244 0.968413
vt 0.356178 0.972315
vt 0.360475 0.975971
vt 0.365140 0.979351
vt 0.334823 0.942398
vt 0.333078 0.938288
vt 0.336624 0.946584
vt 0.338555 0.950796
vt 0.333078 0.954981
vt 0.342998 0.959086
vt 0.340652 0.954981
vt 0.345618 0.963076
vt 0.348555 0.966911
vt 0.351787 0.970581
vt 0.355333 0.974055
vt 0.359182 0.977319
vt 0.363340 0.980350
vt 0.334915 0.948008
vt 0.333078 0.944458
vt 0.336791 0.951656
vt 0.338761 0.955346
vt 0.340852 0.959016
vt 0.333078 0.962618
vt 0.345604 0.966117
vt 0.343126 0.962618
vt 0.348323 0.969481
vt 0.351268 0.972704
vt 0.354458 0.975765
vt 0.357888 0.978655
vt 0.361565 0.981356
vt 0.334964 0.953477
vt 0.333078 0.950459
vt 0.336878 0.956611
vt 0.338860 0.959796
vt 0.340929 0.962964
vt 0.343132 0.966070
vt 0.333078 0.969087
vt 0.348005 0.971987
vt 0.345481 0.969087
vt 0.350694 0.974773
vt 0.353562 0.977431
vt 0.356606 0.979958
vt 0.359833 0.982346
vt 0.334980 0.958762
vt 0.333078 0.956238
vt 0.336903 0.961411
vt 0.338874 0.964111
vt 0.340908 0.966792
vt 0.343038 0.969417
vt 0.345273 0.971965
vt 0.333078 0.974415
vt 0.350098 0.976772
vt 0.347630 0.974415
vt 0.352683 0.979031
vt 0.355376 0.981201
vt 0.358178 0.983285
vt 0.334977 0.963851
vt 0.333078 0.961781
vt 0.336892 0.966041
vt 0.338841 0.968272
vt 0.340836 0.970484
vt 0.342900 0.972648
vt 0.345039 0.974747
vt 0.347259 0.976763
vt 0.333078 0.978701
vt 0.351876 0.980556
vt 0.349541 0.978701
vt 0.354245 0.982361
vt 0.356631 0.984144
vt 0.334965 0.968707
vt 0.333078 0.967042
vt 0.336862 0.970462
vt 0.338787 0.972241
vt 0.340747 0.974006
vt 0.342760 0.975736
vt 0.344831 0.977416
vt 0.346950 0.979025
vt 0.349087 0.980555
vt 0.333078 0.982000
vt 0.353277 0.983411
vt 0.351213 0.982000
vt 0.355230 0.984873
vt 0.334953 0.973303
vt 0.333078 0.972002
vt 0.336838 0.974638
vt 0.338746 0.975990
vt 0.340683 0.977338
vt 0.342667 0.978667
vt 0.344700 0.979965
vt 0.346763 0.981204
vt 0.348817 0.982363
vt 0.350805 0.983412
vt 0.333078 0.984352
vt 0.353975 1.000000
vt 0.433294 0.000000
vt 0.441194 0.000000
vt 0.425399 0.001574
vt 0.433294 0.000686
vt 0.417570 0.002834
vt 0.409846 0.004453
vt 0.402300 0.006493
vt 0.394962 0.008910
vt 0.387899 0.011738
vt 0.381133 0.014931
vt 0.374724 0.018500
vt 0.368711 0.022420
vt 0.363163 0.026697
vt 0.425434 0.000994
vt 0.432510 0.000000
vt 0.418326 0.000000
vt 0.411244 0.003403
vt 0.418325 0.002085
vt 0.404241 0.004987
vt 0.397389 0.006905
vt 0.390726 0.009144
vt 0.384318 0.011741
vt 0.378186 0.014658
vt 0.372386 0.017910
vt 0.366955 0.021477
vt 0.361947 0.025362
vt 0.417660 0.001183
vt 0.423931 0.000000
vt 0.411322 0.002428
vt 0.404976 0.000000
vt 0.398685 0.005394
vt 0.404976 0.003821
vt 0.392522 0.007220
vt 0.386529 0.009307
vt 0.380770 0.011694
vt 0.375259 0.014353
vt 0.370049 0.017298
vt 0.365165 0.020516
vt 0.360652 0.024010
vt 0.409998 0.001307
vt 0.415486 0.000000
vt 0.404409 0.002655
vt 0.398784 0.004101
vt 0.393195 0.000000
vt 0.387713 0.007429
vt 0.393195 0.005672
vt 0.382385 0.009390
vt 0.377265 0.011590
vt 0.372364 0.014010
vt 0.367725 0.016666
vt 0.363365 0.019548
vt 0.359319 0.022662
vt 0.402507 0.001375
vt 0.407247 0.000000
vt 0.397636 0.002780
vt 0.392708 0.004256
vt 0.387807 0.005821
vt 0.382998 0.000000
vt 0.378325 0.009380
vt 0.382998 0.007525
vt 0.373833 0.011416
vt 0.369528 0.013622
vt 0.365441 0.016011
vt 0.361582 0.018579
vt 0.357975 0.021333
vt 0.395204 0.001412
vt 0.399234 0.000000
vt 0.391019 0.002846
vt 0.386765 0.004330
vt 0.382536 0.005879
vt 0.378387 0.007528
vt 0.374359 0.000000
vt 0.370486 0.011178
vt 0.374359 0.009288
vt 0.366766 0.013192
vt 0.363217 0.015339
vt 0.359842 0.017619
vt 0.356653 0.020035
vt 0.388146 0.001424
vt 0.391516 0.000000
vt 0.384609 0.002864
vt 0.381004 0.004340
vt 0.377424 0.005864
vt 0.373918 0.007458
vt 0.370516 0.009132
vt 0.367244 0.000000
vt 0.364096 0.012746
vt 0.367244 0.010897
vt 0.361079 0.014681
vt 0.358182 0.016698
vt 0.355399 0.018796
vt 0.381350 0.001422
vt 0.384115 0.000000
vt 0.378426 0.002856
vt 0.375447 0.004315
vt 0.372494 0.005809
vt 0.369604 0.007355
vt 0.366801 0.008957
vt 0.364108 0.010620
vt 0.361521 0.000000
vt 0.359043 0.014077
vt 0.361521 0.012328
vt 0.356632 0.015851
vt 0.354253 0.017637
vt 0.374867 0.001413
vt 0.377089 0.000000
vt 0.372522 0.002834
vt 0.370148 0.004275
vt 0.367790 0.005743
vt 0.365480 0.007250
vt 0.363237 0.008801
vt 0.361088 0.010388
vt 0.359045 0.011988
vt 0.357115 0.000000
vt 0.355230 0.015126
vt 0.357115 0.013580
vt 0.353279 0.016588
vt 0.368728 0.001404
vt 0.370466 0.000000
vt 0.366946 0.002815
vt 0.365140 0.004244
vt 0.363340 0.005695
vt 0.361565 0.007181
vt 0.359833 0.008703
vt 0.358178 0.010248
vt 0.356631 0.011786
vt 0.355230 0.013274
vt 0.353975 0.000000
vt 0.333078 0.015648
vt -0.000765 0.674953
vt -0.000765 0.669037
vt 0.001337 0.680865
vt 0.000151 0.674953
vt 0.003019 0.686728
vt 0.005181 0.692512
vt 0.007906 0.698163
vt 0.011133 0.703658
vt 0.014909 0.708947
vt 0.019173 0.714014
vt 0.023939 0.718813
vt 0.029174 0.723316
vt 0.034885 0.727471
vt 0.000562 0.680839
vt -0.000765 0.675540
vt -0.000765 0.686162
vt 0.003779 0.691466
vt 0.002018 0.686162
vt 0.005894 0.696710
vt 0.008456 0.701841
vt 0.011446 0.706830
vt 0.014913 0.711629
vt 0.018809 0.716221
vt 0.023151 0.720564
vt 0.027915 0.724631
vt 0.033102 0.728382
vt 0.000814 0.686660
vt -0.000765 0.681965
vt 0.002477 0.691407
vt -0.000765 0.696159
vt 0.006438 0.700870
vt 0.004337 0.696159
vt 0.008875 0.705486
vt 0.011663 0.709973
vt 0.014850 0.714286
vt 0.018401 0.718413
vt 0.022334 0.722315
vt 0.026632 0.725971
vt 0.031297 0.729351
vt 0.000980 0.692398
vt -0.000765 0.688288
vt 0.002780 0.696584
vt 0.004711 0.700796
vt -0.000765 0.704981
vt 0.009155 0.709086
vt 0.006808 0.704981
vt 0.011774 0.713076
vt 0.014712 0.716911
vt 0.017944 0.720581
vt 0.021490 0.724055
vt 0.025338 0.727320
vt 0.029496 0.730350
vt 0.001071 0.698008
vt -0.000765 0.694458
vt 0.002948 0.701656
vt 0.004918 0.705346
vt 0.007008 0.709016
vt -0.000765 0.712618
vt 0.011761 0.716117
vt 0.009283 0.712618
vt 0.014480 0.719481
vt 0.017425 0.722704
vt 0.020615 0.725765
vt 0.024044 0.728655
vt 0.027722 0.731356
vt 0.001120 0.703477
vt -0.000765 0.700459
vt 0.003035 0.706611
vt 0.005017 0.709796
vt 0.007086 0.712964
vt 0.009288 0.716070
vt -0.000765 0.719087
vt 0.014162 0.721987
vt 0.011637 0.719087
vt 0.016850 0.724773
vt 0.019718 0.727431
vt 0.022762 0.729958
vt 0.025989 0.732346
vt 0.001137 0.708762
vt -0.000765 0.706238
vt 0.003059 0.711411
vt 0.005031 0.714111
vt 0.007065 0.716792
vt 0.009194 0.719417
vt 0.011429 0.721965
vt -0.000765 0.724415
vt 0.016255 0.726772
vt 0.013787 0.724415
vt 0.018839 0.729031
vt 0.021533 0.731201
vt 0.024334 0.733285
vt 0.001134 0.713851
vt -0.000765 0.711781
vt 0.003048 0.716041
vt 0.004997 0.718272
vt 0.006992 0.720484
vt 0.009056 0.722648
vt 0.011196 0.724747
vt 0.013416 0.726764
vt -0.000765 0.728701
vt 0.018033 0.730556
vt 0.015698 0.728701
vt 0.020401 0.732361
vt 0.022787 0.734144
vt 0.001121 0.718707
vt -0.000765 0.717042
vt 0.003019 0.720462
vt 0.004944 0.722241
vt 0.006903 0.724006
vt 0.008916 0.725736
vt 0.010987 0.727416
vt 0.013106 0.729025
vt 0.015244 0.730555
vt -0.000765 0.732000
vt 0.019433 0.733411
vt 0.017369 0.732000
vt 0.021386 0.734873
vt 0.001109 0.723303
vt -0.000765 0.722002
vt 0.002994 0.724638
vt 0.004902 0.725990
vt 0.006840 0.727338
vt 0.008824 0.728667
vt 0.010856 0.729965
vt 0.012920 0.731204
vt 0.014974 0.732363
vt 0.016961 0.733412
vt -0.000765 0.734352
vt 0.020131 0.750000
vt 0.020131 0.735389
vt 0.353975 0.985389
vt 0.352590 0.015648
vt 0.333078 0.337500
vt 0.333440 0.330963
vt 0.334390 0.324460
vt 0.336041 0.318035
vt 0.338281 0.311712
vt 0.341186 0.305542
vt 0.344665 0.299541
vt 0.348760 0.293762
vt 0.353399 0.288219
vt 0.358593 0.282958
vt 0.567490 0.250982
vt 0.576069 0.252219
vt 0.584513 0.253896
vt 0.592753 0.256072
vt 0.600766 0.258677
vt 0.608484 0.261743
vt 0.615885 0.265217
vt 0.622910 0.269107
vt 0.666922 0.412500
vt 0.666560 0.419037
vt 0.665610 0.425540
vt 0.663959 0.431965
vt 0.661719 0.438288
vt 0.658814 0.444458
vt 0.655335 0.450459
vt 0.651240 0.456238
vt 0.646601 0.461781
vt 0.641407 0.467042
vt 0.432510 0.499018
vt 0.423931 0.497781
vt 0.415486 0.496104
vt 0.407247 0.493928
vt 0.399234 0.491323
vt 0.391516 0.488257
vt 0.384115 0.484783
vt 0.377089 0.480893
s 0
usemtl Material
f 1818/1/1 2069/2/1 2080/3/1 2091/4/1 2102/5/1 2113/6/1 2124/7/1 2135/8/1 2146/9/1 2157/10/1 2168/11/1 1948/12/1 1947/13/1 1946/14/1 1945/15/1 1944/16/1 1943/17/1 1942/18/1 1941/19/1 1940/20/1 1939/21/1 1817/22/1 364/23/1 377/24/1 388/25/1 399/26/1 410/27/1 421/28/1 432/29/1 443/30/1 454/31/1 465/32/1 476/33/1 616/34/1 615/35/1 614/36/1 613/37/1 612/38/1 611/39/1 610/40/1 609/41/1 608/42/1 607/43/1 366/44/1 1092/45/1 1343/46/1 1354/47/1 1365/48/1 1376/49/1 1387/50/1 1398/51/1 1409/52/1 1420/53/1 1431/54/1 1442/55/1 1222/56/1 1221/57/1 1220/58/1 1219/59/1 1218/60/1 1217/61/1 1216/62/1 1215/63/1 1214/64/1 1213/65/1 1091/66/1 2542/67/1 2555/68/1 2566/69/1 2577/70/1 2588/71/1 2599/72/1 2610/73/1 2621/74/1 2632/75/1 2643/76/1 2654/77/1 2794/78/1 2793/79/1 2792/80/1 2791/81/1 2790/82/1 2789/83/1 2788/84/1 2787/85/1 2786/86/1 2785/87/1 2544/88/1
f 2544/89/2 2795/90/2 2806/91/2 2817/92/2 2828/93/2 2839/94/2 2850/95/2 2861/96/2 2872/97/2 2883/98/2 2894/99/2 2674/100/2 2673/101/2 2672/102/2 2671/103/2 2670/104/2 2669/105/2 2668/106/2 2667/107/2 2666/108/2 2665/109/2 2543/110/2 2179/111/2 2192/112/2 2203/113/2 2214/114/2 2225/115/2 2236/116/2 2247/117/2 2258/118/2 2269/119/2 2280/120/2 2291/121/2 2431/122/2 2430/123/2 2429/124/2 2428/125/2 2427/126/2 2426/127/2 2425/128/2 2424/129/2 2423/130/2 2422/131/2 2181/132/2 1454/133/2 1586/134/2 1597/135/2 1608/136/2 1619/137/2 1630/138/2 1641/139/2 1652/140/2 1663/141/2 1674/142/2 1685/143/2 1465/144/2 1464/145/2 1463/146/2 1462/147/2 1461/148/2 1460/149/2 1459/150/2 1458/151/2 1457/152/2 1456/153/2 1453/154/2 1816/155/2 1829/156/2 1840/157/2 1851/158/2 1862/159/2 1873/160/2 1884/161/2 1895/162/2 1906/163/2 1917/164/2 1928/165/2 2068/166/2 2067/167/2 2066/168/2 2065/169/2 2064/170/2 2063/171/2 2062/172/2 2061/173/2 2060/174/2 2059/175/2 1818/176/2
f 1091/177/3 1223/178/3 1234/179/3 1245/180/3 1256/181/3 1267/182/3 1278/183/3 1289/184/3 1300/185/3 1311/186/3 1322/187/3 1102/188/3 1101/189/3 1100/190/3 1099/191/3 1098/192/3 1097/193/3 1096/194/3 1095/195/3 1094/196/3 1093/197/3 1090/198/3 729/199/3 980/200/3 991/201/3 1002/202/3 1013/203/3 1024/204/3 1035/205/3 1046/206/3 1057/207/3 1068/208/3 1079/209/3 859/210/3 858/211/3 857/212/3 856/213/3 855/214/3 854/215/3 853/216/3 852/217/3 851/218/3 850/219/3 728/220/3 2180/221/3 2312/222/3 2323/223/3 2334/224/3 2345/225/3 2356/226/3 2367/227/3 2378/228/3 2389/229/3 2400/230/3 2411/231/3 2191/232/3 2190/233/3 2189/234/3 2188/235/3 2187/236/3 2186/237/3 2185/238/3 2184/239/3 2183/240/3 2182/241/3 2179/242/3 2543/243/3 2675/244/3 2686/245/3 2697/246/3 2708/247/3 2719/248/3 2730/249/3 2741/250/3 2752/251/3 2763/252/3 2774/253/3 2554/254/3 2553/255/3 2552/256/3 2551/257/3 2550/258/3 2549/259/3 2548/260/3 2547/261/3 2546/262/3 2545/263/3 2542/264/3
f 2/265/4 134/266/4 145/267/4 156/268/4 167/269/4 178/270/4 189/271/4 200/272/4 211/273/4 222/274/4 233/275/4 13/276/4 12/277/4 11/278/4 10/279/4 9/280/4 8/281/4 7/282/4 6/283/4 5/284/4 4/285/4 1/286/4 1455/287/4 1706/288/4 1717/289/4 1728/290/4 1739/291/4 1750/292/4 1761/293/4 1772/294/4 1783/295/4 1794/296/4 1805/297/4 1585/298/4 1584/299/4 1583/300/4 1582/301/4 1581/302/4 1580/303/4 1579/304/4 1578/305/4 1577/306/4 1576/307/4 1454/308/4 2181/309/4 2432/310/4 2443/311/4 2454/312/4 2465/313/4 2476/314/4 2487/315/4 2498/316/4 2509/317/4 2520/318/4 2531/319/4 2311/320/4 2310/321/4 2309/322/4 2308/323/4 2307/324/4 2306/325/4 2305/326/4 2304/327/4 2303/328/4 2302/329/4 2180/330/4 728/331/4 860/332/4 871/333/4 882/334/4 893/335/4 904/336/4 915/337/4 926/338/4 937/339/4 948/340/4 959/341/4 739/342/4 738/343/4 737/344/4 736/345/4 735/346/4 734/347/4 733/348/4 732/349/4 731/350/4 730/351/4 727/352/4
f 366/353/5 617/354/5 628/355/5 639/356/5 650/357/5 661/358/5 672/359/5 683/360/5 694/361/5 705/362/5 716/363/5 496/364/5 495/365/5 494/366/5 493/367/5 492/368/5 491/369/5 490/370/5 489/371/5 488/372/5 487/373/5 365/374/5 3/375/5 254/376/5 265/377/5 276/378/5 287/379/5 298/380/5 309/381/5 320/382/5 331/383/5 342/384/5 353/385/5 133/386/5 132/387/5 131/388/5 130/389/5 129/390/5 128/391/5 127/392/5 126/393/5 125/394/5 124/395/5 2/396/5 727/352/5 740/397/5 751/398/5 762/399/5 773/400/5 784/401/5 795/402/5 806/403/5 817/404/5 828/405/5 839/406/5 979/407/5 978/408/5 977/409/5 976/410/5 975/411/5 974/412/5 973/413/5 972/414/5 971/415/5 970/416/5 729/417/5 1090/418/5 1103/419/5 1114/420/5 1125/421/5 1136/422/5 1147/423/5 1158/424/5 1169/425/5 1180/426/5 1191/427/5 1202/428/5 1342/429/5 1341/430/5 1340/431/5 1339/432/5 1338/433/5 1337/434/5 1336/435/5 1335/436/5 1334/437/5 1333/438/5 1092/45/5
f 1/286/6 4/285/6 15/439/6 14/440/6
f 4/285/7 5/284/7 16/441/7 15/442/7
f 5/284/8 6/283/8 17/443/8 16/441/8
f 6/283/9 7/282/9 18/444/9 17/443/9
f 7/282/10 8/281/10 19/445/10 18/444/10
f 8/281/11 9/280/11 20/446/11 19/445/11
f 9/280/12 10/279/12 21/447/12 20/446/12
f 10/279/13 11/278/13 22/448/13 21/447/13
f 11/278/14 12/277/14 23/449/14 22/448/14
f 12/277/15 13/276/15 24/450/15 23/449/15
f 13/276/16 233/275/16 234/451/16 24/450/16
f 14/440/17 15/442/17 26/452/17 25/453/17
f 15/439/18 16/441/18 27/454/18 26/452/18
f 16/441/19 17/443/19 28/455/19 27/456/19
f 17/443/20 18/444/20 29/457/20 28/455/20
f 18/444/21 19/445/21 30/458/21 29/457/21
f 19/445/22 20/446/22 31/459/22 30/458/22
f 20/446/23 21/447/23 32/460/23 31/459/23
f 21/447/24 22/448/24 33/461/24 32/460/24
f 22/448/25 23/449/25 34/462/25 33/461/25
f 23/449/26 24/450/26 35/463/26 34/462/26
f 24/450/27 234/451/27 235/464/27 35/463/27
f 25/453/28 26/452/28 37/465/28 36/466/28
f 26/452/29 27/456/29 38/467/29 37/465/29
f 27/454/30 28/455/30 39/468/30 38/467/30
f 28/455/31 29/457/31 40/469/31 39/470/31
f 29/457/32 30/458/32 41/471/32 40/469/32
f 30/458/33 31/459/33 42/472/33 41/471/33
f 31/459/34 32/460/34 43/473/34 42/472/34
f 32/460/35 33/461/35 44/474/35 43/473/35
f 33/461/36 34/462/36 45/475/36 44/474/36
f 34/462/37 35/463/37 46/476/37 45/475/37
f 35/463/38 235/464/38 236/477/38 46/476/38
f 36/466/39 37/465/39 48/478/39 47/479/39
f 37/465/40 38/467/40 49/480/40 48/478/40
f 38/467/41 39/470/41 50/481/41 49/480/41
f 39/468/42 40/469/42 51/482/42 50/481/42
f 40/469/43 41/471/43 52/483/43 51/484/43
f 41/471/44 42/472/44 53/485/44 52/483/44
f 42/472/45 43/473/45 54/486/45 53/485/45
f 43/473/46 44/474/46 55/487/46 54/486/46
f 44/474/47 45/475/47 56/488/47 55/487/47
f 45/475/48 46/476/48 57/489/48 56/488/48
f 46/476/49 236/477/49 237/490/49 57/489/49
f 47/479/50 48/478/50 59/491/50 58/492/50
f 48/478/51 49/480/51 60/493/51 59/491/51
f 49/480/52 50/481/52 61/494/52 60/493/52
f 50/481/53 51/484/53 62/495/53 61/494/53
f 51/482/54 52/483/54 63/496/54 62/495/54
f 52/483/55 53/485/55 64/497/55 63/498/55
f 53/485/56 54/486/56 65/499/56 64/497/56
f 54/486/57 55/487/57 66/500/57 65/499/57
f 55/487/58 56/488/58 67/501/58 66/500/58
f 56/488/59 57/489/59 68/502/59 67/501/59
f 57/489/60 237/490/60 238/503/60 68/502/60
f 58/492/61 59/491/61 70/504/61 69/505/61
f 59/491/62 60/493/62 71/506/62 70/504/62
f 60/493/63 61/494/63 72/507/63 71/506/63
f 61/494/64 62/495/64 73/508/64 72/507/64
f 62/495/65 63/498/65 74/509/65 73/508/65
f 63/496/66 64/497/66 75/510/66 74/509/66
f 64/497/67 65/499/67 76/511/67 75/512/67
f 65/499/68 66/500/68 77/513/68 76/511/68
f 66/500/69 67/501/69 78/514/69 77/513/69
f 67/501/70 68/502/70 79/515/70 78/514/70
f 68/502/71 238/503/71 239/516/71 79/515/71
f 69/505/72 70/504/72 81/517/72 80/518/72
f 70/504/73 71/506/73 82/519/73 81/517/73
f 71/506/74 72/507/74 83/520/74 82/519/74
f 72/507/75 73/508/75 84/521/75 83/520/75
f 73/508/76 74/509/76 85/522/76 84/521/76
f 74/509/77 75/512/77 86/523/77 85/522/77
f 75/510/78 76/511/78 87/524/78 86/523/78
f 76/511/79 77/513/79 88/525/79 87/526/79
f 77/513/80 78/514/80 89/527/80 88/525/80
f 78/514/81 79/515/81 90/528/81 89/527/81
f 79/515/82 239/516/82 240/529/82 90/528/82
f 80/518/83 81/517/83 92/530/83 91/531/83
f 81/517/84 82/519/84 93/532/84 92/530/84
f 82/519/85 83/520/85 94/533/85 93/532/85
f 83/520/86 84/521/86 95/534/86 94/533/86
f 84/521/87 85/522/87 96/535/87 95/534/87
f 85/522/88 86/523/88 97/536/88 96/535/88
f 86/523/89 87/526/89 98/537/89 97/536/89
f 87/524/90 88/525/90 99/538/90 98/537/90
f 88/525/91 89/527/91 100/539/91 99/540/91
f 89/527/92 90/528/92 101/541/92 100/539/92
f 90/528/93 240/529/93 241/542/93 101/541/93
f 91/531/94 92/530/94 103/543/94 102/544/94
f 92/530/95 93/532/95 104/545/95 103/543/95
f 93/532/96 94/533/96 105/546/96 104/545/96
f 94/533/97 95/534/97 106/547/97 105/546/97
f 95/534/98 96/535/98 107/548/98 106/547/98
f 96/535/99 97/536/99 108/549/99 107/548/99
f 97/536/100 98/537/100 109/550/100 108/549/100
f 98/537/101 99/540/101 110/551/101 109/550/101
f 99/538/102 100/539/102 111/552/102 110/551/102
f 100/539/103 101/541/103 112/553/103 111/554/103
f 101/541/104 241/542/104 242/555/104 112/553/104
f 102/544/105 103/543/105 114/556/105 113/557/105
f 103/543/106 104/545/106 115/558/106 114/556/106
f 104/545/107 105/546/107 116/559/107 115/558/107
f 105/546/108 106/547/108 117/560/108 116/559/108
f 106/547/109 107/548/109 118/561/109 117/560/109
f 107/548/110 108/549/110 119/562/110 118/561/110
f 108/549/111 109/550/111 120/563/111 119/562/111
f 109/550/112 110/551/112 121/564/112 120/563/112
f 110/551/113 111/554/113 122/565/113 121/564/113
f 111/552/114 112/553/114 123/566/114 122/565/114
f 112/553/115 242/555/115 243/567/115 123/566/115
f 2/396/116 124/395/116 135/568/116 134/266/116
f 124/395/117 125/394/117 136/569/117 135/570/117
f 125/394/118 126/393/118 137/571/118 136/569/118
f 126/393/119 127/392/119 138/572/119 137/571/119
f 127/392/120 128/391/120 139/573/120 138/572/120
f 128/391/121 129/390/121 140/574/121 139/573/121
f 129/390/122 130/389/122 141/575/122 140/574/122
f 130/389/123 131/388/123 142/576/123 141/575/123
f 131/388/124 132/387/124 143/577/124 142/576/124
f 132/387/125 133/386/125 144/578/125 143/577/125
f 133/386/126 353/385/126 354/579/126 144/578/126
f 134/580/127 135/570/127 146/581/127 145/582/127
f 135/568/128 136/569/128 147/583/128 146/584/128
f 136/569/129 137/571/129 148/585/129 147/586/129
f 137/571/130 138/572/130 149/587/130 148/585/130
f 138/572/131 139/573/131 150/588/131 149/587/131
f 139/573/132 140/574/132 151/589/132 150/588/132
f 140/574/133 141/575/133 152/590/133 151/589/133
f 141/575/134 142/576/134 153/591/134 152/590/134
f 142/576/135 143/577/135 154/592/135 153/591/135
f 143/577/136 144/578/136 155/593/136 154/592/136
f 144/578/137 354/579/137 355/594/137 155/593/137
f 145/582/138 146/581/138 157/595/138 156/596/138
f 146/581/139 147/586/139 158/597/139 157/595/139
f 147/583/140 148/585/140 159/598/140 158/599/140
f 148/585/141 149/587/141 160/600/141 159/601/141
f 149/587/142 150/588/142 161/602/142 160/600/142
f 150/588/143 151/589/143 162/603/143 161/602/143
f 151/589/144 152/590/144 163/604/144 162/603/144
f 152/590/145 153/591/145 164/605/145 163/604/145
f 153/591/146 154/592/146 165/606/146 164/605/146
f 154/592/147 155/593/147 166/607/147 165/606/147
f 155/593/148 355/594/148 356/608/148 166/607/148
f 156/596/149 157/595/149 168/609/149 167/610/149
f 157/595/150 158/597/150 169/611/150 168/609/150
f 158/597/151 159/601/151 170/612/151 169/611/151
f 159/598/152 160/600/152 171/613/152 170/614/152
f 160/600/153 161/602/153 172/615/153 171/616/153
f 161/602/154 162/603/154 173/617/154 172/615/154
f 162/603/155 163/604/155 174/618/155 173/617/155
f 163/604/156 164/605/156 175/619/156 174/618/156
f 164/605/157 165/606/157 176/620/157 175/619/157
f 165/606/158 166/607/158 177/621/158 176/620/158
f 166/607/159 356/608/159 357/622/159 177/621/159
f 167/610/160 168/609/160 179/623/160 178/624/160
f 168/609/161 169/611/161 180/625/161 179/623/161
f 169/611/162 170/612/162 181/626/162 180/625/162
f 170/612/163 171/616/163 182/627/163 181/626/163
f 171/613/164 172/615/164 183/628/164 182/629/164
f 172/615/165 173/617/165 184/630/165 183/631/165
f 173/617/166 174/618/166 185/632/166 184/630/166
f 174/618/167 175/619/167 186/633/167 185/632/167
f 175/619/168 176/620/168 187/634/168 186/633/168
f 176/620/169 177/621/169 188/635/169 187/634/169
f 177/621/170 357/622/170 358/636/170 188/635/170
f 178/624/171 179/623/171 190/637/171 189/638/171
f 179/623/172 180/625/172 191/639/172 190/637/172
f 180/625/173 181/626/173 192/640/173 191/639/173
f 181/626/174 182/627/174 193/641/174 192/640/174
f 182/627/175 183/631/175 194/642/175 193/641/175
f 183/628/176 184/630/176 195/643/176 194/644/176
f 184/630/177 185/632/177 196/645/177 195/646/177
f 185/632/178 186/633/178 197/647/178 196/645/178
f 186/633/179 187/634/179 198/648/179 197/647/179
f 187/634/180 188/635/180 199/649/180 198/648/180
f 188/635/181 358/636/181 359/650/181 199/649/181
f 189/638/182 190/637/182 201/651/182 200/652/182
f 190/637/183 191/639/183 202/653/183 201/651/183
f 191/639/184 192/640/184 203/654/184 202/653/184
f 192/640/185 193/641/185 204/655/185 203/654/185
f 193/641/186 194/642/186 205/656/186 204/655/186
f 194/642/187 195/646/187 206/657/187 205/656/187
f 195/643/188 196/645/188 207/658/188 206/659/188
f 196/645/189 197/647/189 208/660/189 207/661/189
f 197/647/190 198/648/190 209/662/190 208/660/190
f 198/648/191 199/649/191 210/663/191 209/662/191
f 199/649/192 359/650/192 360/664/192 210/663/192
f 200/652/193 201/651/193 212/665/193 211/666/193
f 201/651/194 202/653/194 213/667/194 212/665/194
f 202/653/195 203/654/195 214/668/195 213/667/195
f 203/654/196 204/655/196 215/669/196 214/668/196
f 204/655/197 205/656/197 216/670/197 215/669/197
f 205/656/198 206/657/198 217/671/198 216/670/198
f 206/657/199 207/661/199 218/672/199 217/671/199
f 207/658/200 208/660/200 219/673/200 218/674/200
f 208/660/201 209/662/201 220/675/201 219/676/201
f 209/662/202 210/663/202 221/677/202 220/675/202
f 210/663/203 360/664/203 361/678/203 221/677/203
f 211/666/204 212/665/204 223/679/204 222/680/204
f 212/665/205 213/667/205 224/681/205 223/679/205
f 213/667/206 214/668/206 225/682/206 224/681/206
f 214/668/207 215/669/207 226/683/207 225/682/207
f 215/669/208 216/670/208 227/684/208 226/683/208
f 216/670/209 217/671/209 228/685/209 227/684/209
f 217/671/210 218/672/210 229/686/210 228/685/210
f 218/672/211 219/676/211 230/687/211 229/686/211
f 219/673/212 220/675/212 231/688/212 230/689/212
f 220/675/213 221/677/213 232/690/213 231/691/213
f 221/677/214 361/678/214 362/692/214 232/690/214
f 222/680/215 223/679/215 234/693/215 233/694/215
f 223/679/216 224/681/216 235/695/216 234/693/216
f 224/681/217 225/682/217 236/696/217 235/695/217
f 225/682/218 226/683/218 237/697/218 236/696/218
f 226/683/219 227/684/219 238/698/219 237/697/219
f 227/684/220 228/685/220 239/699/220 238/698/220
f 228/685/221 229/686/221 240/700/221 239/699/221
f 229/686/222 230/687/222 241/701/222 240/700/222
f 230/687/223 231/691/223 242/702/223 241/701/223
f 231/688/224 232/690/224 243/567/224 242/555/224
f 232/690/225 362/692/225 363/703/225 243/567/225
f 3/375/226 244/704/226 255/705/226 254/376/226
f 244/704/227 245/706/227 256/707/227 255/708/227
f 245/706/228 246/709/228 257/710/228 256/707/228
f 246/709/229 247/711/229 258/712/229 257/710/229
f 247/711/230 248/713/230 259/714/230 258/712/230
f 248/713/231 249/715/231 260/716/231 259/714/231
f 249/715/232 250/717/232 261/718/232 260/716/232
f 250/717/233 251/719/233 262/720/233 261/718/233
f 251/719/234 252/721/234 263/722/234 262/720/234
f 252/721/235 253/723/235 264/724/235 263/722/235
f 253/723/236 113/725/236 114/726/236 264/724/236
f 254/727/237 255/708/237 266/728/237 265/729/237
f 255/705/238 256/707/238 267/730/238 266/731/238
f 256/707/239 257/710/239 268/732/239 267/733/239
f 257/710/240 258/712/240 269/734/240 268/732/240
f 258/712/241 259/714/241 270/735/241 269/734/241
f 259/714/242 260/716/242 271/736/242 270/735/242
f 260/716/243 261/718/243 272/737/243 271/736/243
f 261/718/244 262/720/244 273/738/244 272/737/244
f 262/720/245 263/722/245 274/739/245 273/738/245
f 263/722/246 264/724/246 275/740/246 274/739/246
f 264/724/247 114/726/247 115/741/247 275/740/247
f 265/729/248 266/728/248 277/742/248 276/743/248
f 266/728/249 267/733/249 278/744/249 277/742/249
f 267/730/250 268/732/250 279/745/250 278/746/250
f 268/732/251 269/734/251 280/747/251 279/748/251
f 269/734/252 270/735/252 281/749/252 280/747/252
f 270/735/253 271/736/253 282/750/253 281/749/253
f 271/736/254 272/737/254 283/751/254 282/750/254
f 272/737/255 273/738/255 284/752/255 283/751/255
f 273/738/256 274/739/256 285/753/256 284/752/256
f 274/739/257 275/740/257 286/754/257 285/753/257
f 275/740/258 115/741/258 116/755/258 286/754/258
f 276/743/259 277/742/259 288/756/259 287/757/259
f 277/742/260 278/744/260 289/758/260 288/756/260
f 278/744/261 279/748/261 290/759/261 289/758/261
f 279/745/262 280/747/262 291/760/262 290/761/262
f 280/747/263 281/749/263 292/762/263 291/763/263
f 281/749/264 282/750/264 293/764/264 292/762/264
f 282/750/265 283/751/265 294/765/265 293/764/265
f 283/751/266 284/752/266 295/766/266 294/765/266
f 284/752/267 285/753/267 296/767/267 295/766/267
f 285/753/268 286/754/268 297/768/268 296/767/268
f 286/754/269 116/755/269 117/769/269 297/768/269
f 287/757/270 288/756/270 299/770/270 298/771/270
f 288/756/271 289/758/271 300/772/271 299/770/271
f 289/758/272 290/759/272 301/773/272 300/772/272
f 290/759/273 291/763/273 302/774/273 301/773/273
f 291/760/274 292/762/274 303/775/274 302/776/274
f 292/762/275 293/764/275 304/777/275 303/778/275
f 293/764/276 294/765/276 305/779/276 304/777/276
f 294/765/277 295/766/277 306/780/277 305/779/277
f 295/766/278 296/767/278 307/781/278 306/780/278
f 296/767/279 297/768/279 308/782/279 307/781/279
f 297/768/280 117/769/280 118/783/280 308/782/280
f 298/771/281 299/770/281 310/784/281 309/785/281
f 299/770/282 300/772/282 311/786/282 310/784/282
f 300/772/283 301/773/283 312/787/283 311/786/283
f 301/773/284 302/774/284 313/788/284 312/787/284
f 302/774/285 303/778/285 314/789/285 313/788/285
f 303/775/286 304/777/286 315/790/286 314/791/286
f 304/777/287 305/779/287 316/792/287 315/793/287
f 305/779/288 306/780/288 317/794/288 316/792/288
f 306/780/289 307/781/289 318/795/289 317/794/289
f 307/781/290 308/782/290 319/796/290 318/795/290
f 308/782/291 118/783/291 119/797/291 319/796/291
f 309/785/292 310/784/292 321/798/292 320/799/292
f 310/784/293 311/786/293 322/800/293 321/798/293
f 311/786/294 312/787/294 323/801/294 322/800/294
f 312/787/295 313/788/295 324/802/295 323/801/295
f 313/788/296 314/789/296 325/803/296 324/802/296
f 314/789/297 315/793/297 326/804/297 325/803/297
f 315/790/298 316/792/298 327/805/298 326/806/298
f 316/792/299 317/794/299 328/807/299 327/808/299
f 317/794/300 318/795/300 329/809/300 328/807/300
f 318/795/301 319/796/301 330/810/301 329/809/301
f 319/796/302 119/797/302 120/811/302 330/810/302
f 320/799/303 321/798/303 332/812/303 331/813/303
f 321/798/304 322/800/304 333/814/304 332/812/304
f 322/800/305 323/801/305 334/815/305 333/814/305
f 323/801/306 324/802/306 335/816/306 334/815/306
f 324/802/307 325/803/307 336/817/307 335/816/307
f 325/803/308 326/804/308 337/818/308 336/817/308
f 326/804/309 327/808/309 338/819/309 337/818/309
f 327/805/310 328/807/310 339/820/310 338/821/310
f 328/807/311 329/809/311 340/822/311 339/823/311
f 329/809/312 330/810/312 341/824/312 340/822/312
f 330/810/313 120/811/313 121/825/313 341/824/313
f 331/813/314 332/812/314 343/826/314 342/827/314
f 332/812/315 333/814/315 344/828/315 343/826/315
f 333/814/316 334/815/316 345/829/316 344/828/316
f 334/815/317 335/816/317 346/830/317 345/829/317
f 335/816/318 336/817/318 347/831/318 346/830/318
f 336/817/319 337/818/319 348/832/319 347/831/319
f 337/818/320 338/819/320 349/833/320 348/832/320
f 338/819/321 339/823/321 350/834/321 349/833/321
f 339/820/322 340/822/322 351/835/322 350/836/322
f 340/822/323 341/824/323 352/837/323 351/838/323
f 341/824/324 121/825/324 122/839/324 352/837/324
f 342/827/325 343/826/325 354/840/325 353/841/325
f 343/826/326 344/828/326 355/842/326 354/840/326
f 344/828/327 345/829/327 356/843/327 355/842/327
f 345/829/328 346/830/328 357/844/328 356/843/328
f 346/830/329 347/831/329 358/845/329 357/844/329
f 347/831/330 348/832/330 359/846/330 358/845/330
f 348/832/331 349/833/331 360/847/331 359/846/331
f 349/833/332 350/834/332 361/848/332 360/847/332
f 350/834/333 351/838/333 362/849/333 361/848/333
f 351/835/334 352/837/334 363/703/334 362/692/334
f 352/837/335 122/839/335 123/850/335 363/703/335
f 123/851/336 243/852/336 363/853/336
f 364/854/337 367/855/337 378/856/337 377/857/337
f 367/855/338 368/858/338 379/859/338 378/860/338
f 368/858/339 369/861/339 380/862/339 379/859/339
f 369/861/340 370/863/340 381/864/340 380/862/340
f 370/863/341 371/865/341 382/866/341 381/864/341
f 371/865/342 372/867/342 383/868/342 382/866/342
f 372/867/343 373/869/343 384/870/343 383/868/343
f 373/869/344 374/871/344 385/872/344 384/870/344
f 374/871/345 375/873/345 386/874/345 385/872/345
f 375/873/346 376/875/346 387/876/346 386/874/346
f 376/875/347 596/877/347 597/878/347 387/876/347
f 377/857/348 378/860/348 389/879/348 388/880/348
f 378/856/349 379/859/349 390/881/349 389/879/349
f 379/859/350 380/862/350 391/882/350 390/883/350
f 380/862/351 381/864/351 392/884/351 391/882/351
f 381/864/352 382/866/352 393/885/352 392/884/352
f 382/866/353 383/868/353 394/886/353 393/885/353
f 383/868/354 384/870/354 395/887/354 394/886/354
f 384/870/355 385/872/355 396/888/355 395/887/355
f 385/872/356 386/874/356 397/889/356 396/888/356
f 386/874/357 387/876/357 398/890/357 397/889/357
f 387/876/358 597/878/358 598/891/358 398/890/358
f 388/880/359 389/879/359 400/892/359 399/893/359
f 389/879/360 390/883/360 401/894/360 400/892/360
f 390/881/361 391/882/361 402/895/361 401/894/361
f 391/882/362 392/884/362 403/896/362 402/897/362
f 392/884/363 393/885/363 404/898/363 403/896/363
f 393/885/364 394/886/364 405/899/364 404/898/364
f 394/886/365 395/887/365 406/900/365 405/899/365
f 395/887/366 396/888/366 407/901/366 406/900/366
f 396/888/367 397/889/367 408/902/367 407/901/367
f 397/889/368 398/890/368 409/903/368 408/902/368
f 398/890/369 598/891/369 599/904/369 409/903/369
f 399/893/370 400/892/370 411/905/370 410/906/370
f 400/892/371 401/894/371 412/907/371 411/905/371
f 401/894/372 402/897/372 413/908/372 412/907/372
f 402/895/373 403/896/373 414/909/373 413/908/373
f 403/896/374 404/898/374 415/910/374 414/911/374
f 404/898/375 405/899/375 416/912/375 415/910/375
f 405/899/376 406/900/376 417/913/376 416/912/376
f 406/900/377 407/901/377 418/914/377 417/913/377
f 407/901/378 408/902/378 419/915/378 418/914/378
f 408/902/379 409/903/379 420/916/379 419/915/379
f 409/903/380 599/904/380 600/917/380 420/916/380
f 410/906/381 411/905/381 422/918/381 421/919/381
f 411/905/382 412/907/382 423/920/382 422/918/382
f 412/907/383 413/908/383 424/921/383 423/920/383
f 413/908/384 414/911/384 425/922/384 424/921/384
f 414/909/385 415/910/385 426/923/385 425/922/385
f 415/910/386 416/912/386 427/924/386 426/925/386
f 416/912/387 417/913/387 428/926/387 427/924/387
f 417/913/388 418/914/388 429/927/388 428/926/388
f 418/914/389 419/915/389 430/928/389 429/927/389
f 419/915/390 420/916/390 431/929/390 430/928/390
f 420/916/391 600/917/391 601/930/391 431/929/391
f 421/919/392 422/918/392 433/931/392 432/932/392
f 422/918/393 423/920/393 434/933/393 433/931/393
f 423/920/394 424/921/394 435/934/394 434/933/394
f 424/921/395 425/922/395 436/935/395 435/934/395
f 425/922/396 426/925/396 437/936/396 436/935/396
f 426/923/397 427/924/397 438/937/397 437/936/397
f 427/924/398 428/926/398 439/938/398 438/939/398
f 428/926/399 429/927/399 440/940/399 439/938/399
f 429/927/400 430/928/400 441/941/400 440/940/400
f 430/928/401 431/929/401 442/942/401 441/941/401
f 431/929/402 601/930/402 602/943/402 442/942/402
f 432/932/403 433/931/403 444/944/403 443/945/403
f 433/931/404 434/933/404 445/946/404 444/944/404
f 434/933/405 435/934/405 446/947/405 445/946/405
f 435/934/406 436/935/406 447/948/406 446/947/406
f 436/935/407 437/936/407 448/949/407 447/948/407
f 437/936/408 438/939/408 449/950/408 448/949/408
f 438/937/409 439/938/409 450/951/409 449/950/409
f 439/938/410 440/940/410 451/952/410 450/953/410
f 440/940/411 441/941/411 452/954/411 451/952/411
f 441/941/412 442/942/412 453/955/412 452/954/412
f 442/942/413 602/943/413 603/956/413 453/955/413
f 443/945/414 444/944/414 455/957/414 454/958/414
f 444/944/415 445/946/415 456/959/415 455/957/415
f 445/946/416 446/947/416 457/960/416 456/959/416
f 446/947/417 447/948/417 458/961/417 457/960/417
f 447/948/418 448/949/418 459/962/418 458/961/418
f 448/949/419 449/950/419 460/963/419 459/962/419
f 449/950/420 450/953/420 461/964/420 460/963/420
f 450/951/421 451/952/421 462/965/421 461/964/421
f 451/952/422 452/954/422 463/966/422 462/967/422
f 452/954/423 453/955/423 464/968/423 463/966/423
f 453/955/424 603/956/424 604/969/424 464/968/424
f 454/958/425 455/957/425 466/970/425 465/971/425
f 455/957/426 456/959/426 467/972/426 466/970/426
f 456/959/427 457/960/427 468/973/427 467/972/427
f 457/960/428 458/961/428 469/974/428 468/973/428
f 458/961/429 459/962/429 470/975/429 469/974/429
f 459/962/430 460/963/430 471/976/430 470/975/430
f 460/963/431 461/964/431 472/977/431 471/976/431
f 461/964/432 462/967/432 473/978/432 472/977/432
f 462/965/433 463/966/433 474/979/433 473/978/433
f 463/966/434 464/968/434 475/980/434 474/981/434
f 464/968/435 604/969/435 605/982/435 475/980/435
f 465/971/436 466/970/436 477/983/436 476/984/436
f 466/970/437 467/972/437 478/985/437 477/983/437
f 467/972/438 468/973/438 479/986/438 478/985/438
f 468/973/439 469/974/439 480/987/439 479/986/439
f 469/974/440 470/975/440 481/988/440 480/987/440
f 470/975/441 471/976/441 482/989/441 481/988/441
f 471/976/442 472/977/442 483/990/442 482/989/442
f 472/977/443 473/978/443 484/991/443 483/990/443
f 473/978/444 474/981/444 485/992/444 484/991/444
f 474/979/445 475/980/445 486/993/445 485/992/445
f 475/980/446 605/982/446 606/994/446 486/993/446
f 365/374/447 487/373/447 498/995/447 497/996/447
f 487/373/448 488/372/448 499/997/448 498/998/448
f 488/372/449 489/371/449 500/999/449 499/997/449
f 489/371/450 490/370/450 501/1000/450 500/999/450
f 490/370/451 491/369/451 502/1001/451 501/1000/451
f 491/369/452 492/368/452 503/1002/452 502/1001/452
f 492/368/453 493/367/453 504/1003/453 503/1002/453
f 493/367/454 494/366/454 505/1004/454 504/1003/454
f 494/366/455 495/365/455 506/1005/455 505/1004/455
f 495/365/456 496/364/456 507/1006/456 506/1005/456
f 496/364/457 716/363/457 717/1007/457 507/1006/457
f 497/1008/458 498/998/458 509/1009/458 508/1010/458
f 498/995/459 499/997/459 510/1011/459 509/1012/459
f 499/997/460 500/999/460 511/1013/460 510/1014/460
f 500/999/461 501/1000/461 512/1015/461 511/1013/461
f 501/1000/462 502/1001/462 513/1016/462 512/1015/462
f 502/1001/463 503/1002/463 514/1017/463 513/1016/463
f 503/1002/464 504/1003/464 515/1018/464 514/1017/464
f 504/1003/465 505/1004/465 516/1019/465 515/1018/465
f 505/1004/466 506/1005/466 517/1020/466 516/1019/466
f 506/1005/467 507/1006/467 518/1021/467 517/1020/467
f 507/1006/468 717/1007/468 718/1022/468 518/1021/468
f 508/1010/469 509/1009/469 520/1023/469 519/1024/469
f 509/1009/470 510/1014/470 521/1025/470 520/1023/470
f 510/1011/471 511/1013/471 522/1026/471 521/1027/471
f 511/1013/472 512/1015/472 523/1028/472 522/1029/472
f 512/1015/473 513/1016/473 524/1030/473 523/1028/473
f 513/1016/474 514/1017/474 525/1031/474 524/1030/474
f 514/1017/475 515/1018/475 526/1032/475 525/1031/475
f 515/1018/476 516/1019/476 527/1033/476 526/1032/476
f 516/1019/477 517/1020/477 528/1034/477 527/1033/477
f 517/1020/478 518/1021/478 529/1035/478 528/1034/478
f 518/1021/479 718/1022/479 719/1036/479 529/1035/479
f 519/1024/480 520/1023/480 531/1037/480 530/1038/480
f 520/1023/481 521/1025/481 532/1039/481 531/1037/481
f 521/1025/482 522/1029/482 533/1040/482 532/1039/482
f 522/1026/483 523/1028/483 534/1041/483 533/1042/483
f 523/1028/484 524/1030/484 535/1043/484 534/1044/484
f 524/1030/485 525/1031/485 536/1045/485 535/1043/485
f 525/1031/486 526/1032/486 537/1046/486 536/1045/486
f 526/1032/487 527/1033/487 538/1047/487 537/1046/487
f 527/1033/488 528/1034/488 539/1048/488 538/1047/488
f 528/1034/489 529/1035/489 540/1049/489 539/1048/489
f 529/1035/490 719/1036/490 720/1050/490 540/1049/490
f 530/1038/491 531/1037/491 542/1051/491 541/1052/491
f 531/1037/492 532/1039/492 543/1053/492 542/1051/492
f 532/1039/493 533/1040/493 544/1054/493 543/1053/493
f 533/1040/494 534/1044/494 545/1055/494 544/1054/494
f 534/1041/495 535/1043/495 546/1056/495 545/1057/495
f 535/1043/496 536/1045/496 547/1058/496 546/1059/496
f 536/1045/497 537/1046/497 548/1060/497 547/1058/497
f 537/1046/498 538/1047/498 549/1061/498 548/1060/498
f 538/1047/499 539/1048/499 550/1062/499 549/1061/499
f 539/1048/500 540/1049/500 551/1063/500 550/1062/500
f 540/1049/501 720/1050/501 721/1064/501 551/1063/501
f 541/1052/502 542/1051/502 553/1065/502 552/1066/502
f 542/1051/503 543/1053/503 554/1067/503 553/1065/503
f 543/1053/504 544/1054/504 555/1068/504 554/1067/504
f 544/1054/505 545/1055/505 556/1069/505 555/1068/505
f 545/1055/506 546/1059/506 557/1070/506 556/1069/506
f 546/1056/507 547/1058/507 558/1071/507 557/1072/507
f 547/1058/508 548/1060/508 559/1073/508 558/1074/508
f 548/1060/509 549/1061/509 560/1075/509 559/1073/509
f 549/1061/510 550/1062/510 561/1076/510 560/1075/510
f 550/1062/511 551/1063/511 562/1077/511 561/1076/511
f 551/1063/512 721/1064/512 722/1078/512 562/1077/512
f 552/1066/513 553/1065/513 564/1079/513 563/1080/513
f 553/1065/514 554/1067/514 565/1081/514 564/1079/514
f 554/1067/515 555/1068/515 566/1082/515 565/1081/515
f 555/1068/516 556/1069/516 567/1083/516 566/1082/516
f 556/1069/517 557/1070/517 568/1084/517 567/1083/517
f 557/1070/518 558/1074/518 569/1085/518 568/1084/518
f 558/1071/519 559/1073/519 570/1086/519 569/1087/519
f 559/1073/520 560/1075/520 571/1088/520 570/1089/520
f 560/1075/521 561/1076/521 572/1090/521 571/1088/521
f 561/1076/522 562/1077/522 573/1091/522 572/1090/522
f 562/1077/523 722/1078/523 723/1092/523 573/1091/523
f 563/1080/524 564/1079/524 575/1093/524 574/1094/524
f 564/1079/525 565/1081/525 576/1095/525 575/1093/525
f 565/1081/526 566/1082/526 577/1096/526 576/1095/526
f 566/1082/527 567/1083/527 578/1097/527 577/1096/527
f 567/1083/528 568/1084/528 579/1098/528 578/1097/528
f 568/1084/529 569/1085/529 580/1099/529 579/1098/529
f 569/1085/530 570/1089/530 581/1100/530 580/1099/530
f 570/1086/531 571/1088/531 582/1101/531 581/1102/531
f 571/1088/532 572/1090/532 583/1103/532 582/1104/532
f 572/1090/533 573/1091/533 584/1105/533 583/1103/533
f 573/1091/534 723/1092/534 724/1106/534 584/1105/534
f 574/1094/535 575/1093/535 586/1107/535 585/1108/535
f 575/1093/536 576/1095/536 587/1109/536 586/1107/536
f 576/1095/537 577/1096/537 588/1110/537 587/1109/537
f 577/1096/538 578/1097/538 589/1111/538 588/1110/538
f 578/1097/539 579/1098/539 590/1112/539 589/1111/539
f 579/1098/540 580/1099/540 591/1113/540 590/1112/540
f 580/1099/541 581/1100/541 592/1114/541 591/1113/541
f 581/1100/542 582/1104/542 593/1115/542 592/1114/542
f 582/1101/543 583/1103/543 594/1116/543 593/1117/543
f 583/1103/544 584/1105/544 595/1118/544 594/1119/544
f 584/1105/545 724/1106/545 725/1120/545 595/1118/545
f 585/1108/546 586/1107/546 597/1121/546 596/1122/546
f 586/1107/547 587/1109/547 598/1123/547 597/1121/547
f 587/1109/548 588/1110/548 599/1124/548 598/1123/548
f 588/1110/549 589/1111/549 600/1125/549 599/1124/549
f 589/1111/550 590/1112/550 601/1126/550 600/1125/550
f 590/1112/551 591/1113/551 602/1127/551 601/1126/551
f 591/1113/552 592/1114/552 603/1128/552 602/1127/552
f 592/1114/553 593/1115/553 604/1129/553 603/1128/553
f 593/1115/554 594/1119/554 605/1130/554 604/1129/554
f 594/1116/555 595/1118/555 606/994/555 605/982/555
f 595/1118/556 725/1120/556 726/1131/556 606/994/556
f 366/353/557 607/43/557 618/1132/557 617/354/557
f 607/43/558 608/42/558 619/1133/558 618/1134/558
f 608/42/559 609/41/559 620/1135/559 619/1133/559
f 609/41/560 610/40/560 621/1136/560 620/1135/560
f 610/40/561 611/39/561 622/1137/561 621/1136/561
f 611/39/562 612/38/562 623/1138/562 622/1137/562
f 612/38/563 613/37/563 624/1139/563 623/1138/563
f 613/37/564 614/36/564 625/1140/564 624/1139/564
f 614/36/565 615/35/565 626/1141/565 625/1140/565
f 615/35/566 616/34/566 627/1142/566 626/1141/566
f 616/34/567 476/33/567 477/1143/567 627/1142/567
f 617/1144/568 618/1134/568 629/1145/568 628/1146/568
f 618/1132/569 619/1133/569 630/1147/569 629/1148/569
f 619/1133/570 620/1135/570 631/1149/570 630/1150/570
f 620/1135/571 621/1136/571 632/1151/571 631/1149/571
f 621/1136/572 622/1137/572 633/1152/572 632/1151/572
f 622/1137/573 623/1138/573 634/1153/573 633/1152/573
f 623/1138/574 624/1139/574 635/1154/574 634/1153/574
f 624/1139/575 625/1140/575 636/1155/575 635/1154/575
f 625/1140/576 626/1141/576 637/1156/576 636/1155/576
f 626/1141/577 627/1142/577 638/1157/577 637/1156/577
f 627/1142/578 477/1143/578 478/1158/578 638/1157/578
f 628/1146/579 629/1145/579 640/1159/579 639/1160/579
f 629/1145/580 630/1150/580 641/1161/580 640/1159/580
f 630/1147/581 631/1149/581 642/1162/581 641/1163/581
f 631/1149/582 632/1151/582 643/1164/582 642/1165/582
f 632/1151/583 633/1152/583 644/1166/583 643/1164/583
f 633/1152/584 634/1153/584 645/1167/584 644/1166/584
f 634/1153/585 635/1154/585 646/1168/585 645/1167/585
f 635/1154/586 636/1155/586 647/1169/586 646/1168/586
f 636/1155/587 637/1156/587 648/1170/587 647/1169/587
f 637/1156/588 638/1157/588 649/1171/588 648/1170/588
f 638/1157/589 478/1158/589 479/1172/589 649/1171/589
f 639/1160/590 640/1159/590 651/1173/590 650/1174/590
f 640/1159/591 641/1161/591 652/1175/591 651/1173/591
f 641/1161/592 642/1165/592 653/1176/592 652/1175/592
f 642/1162/593 643/1164/593 654/1177/593 653/1178/593
f 643/1164/594 644/1166/594 655/1179/594 654/1180/594
f 644/1166/595 645/1167/595 656/1181/595 655/1179/595
f 645/1167/596 646/1168/596 657/1182/596 656/1181/596
f 646/1168/597 647/1169/597 658/1183/597 657/1182/597
f 647/1169/598 648/1170/598 659/1184/598 658/1183/598
f 648/1170/599 649/1171/599 660/1185/599 659/1184/599
f 649/1171/600 479/1172/600 480/1186/600 660/1185/600
f 650/1174/601 651/1173/601 662/1187/601 661/1188/601
f 651/1173/602 652/1175/602 663/1189/602 662/1187/602
f 652/1175/603 653/1176/603 664/1190/603 663/1189/603
f 653/1176/604 654/1180/604 665/1191/604 664/1190/604
f 654/1177/605 655/1179/605 666/1192/605 665/1193/605
f 655/1179/606 656/1181/606 667/1194/606 666/1195/606
f 656/1181/607 657/1182/607 668/1196/607 667/1194/607
f 657/1182/608 658/1183/608 669/1197/608 668/1196/608
f 658/1183/609 659/1184/609 670/1198/609 669/1197/609
f 659/1184/610 660/1185/610 671/1199/610 670/1198/610
f 660/1185/611 480/1186/611 481/1200/611 671/1199/611
f 661/1188/612 662/1187/612 673/1201/612 672/1202/612
f 662/1187/613 663/1189/613 674/1203/613 673/1201/613
f 663/1189/614 664/1190/614 675/1204/614 674/1203/614
f 664/1190/615 665/1191/615 676/1205/615 675/1204/615
f 665/1191/616 666/1195/616 677/1206/616 676/1205/616
f 666/1192/617 667/1194/617 678/1207/617 677/1208/617
f 667/1194/618 668/1196/618 679/1209/618 678/1210/618
f 668/1196/619 669/1197/619 680/1211/619 679/1209/619
f 669/1197/620 670/1198/620 681/1212/620 680/1211/620
f 670/1198/621 671/1199/621 682/1213/621 681/1212/621
f 671/1199/622 481/1200/622 482/1214/622 682/1213/622
f 672/1202/623 673/1201/623 684/1215/623 683/1216/623
f 673/1201/624 674/1203/624 685/1217/624 684/1215/624
f 674/1203/625 675/1204/625 686/1218/625 685/1217/625
f 675/1204/626 676/1205/626 687/1219/626 686/1218/626
f 676/1205/627 677/1206/627 688/1220/627 687/1219/627
f 677/1206/628 678/1210/628 689/1221/628 688/1220/628
f 678/1207/629 679/1209/629 690/1222/629 689/1223/629
f 679/1209/630 680/1211/630 691/1224/630 690/1225/630
f 680/1211/631 681/1212/631 692/1226/631 691/1224/631
f 681/1212/632 682/1213/632 693/1227/632 692/1226/632
f 682/1213/633 482/1214/633 483/1228/633 693/1227/633
f 683/1216/634 684/1215/634 695/1229/634 694/1230/634
f 684/1215/635 685/1217/635 696/1231/635 695/1229/635
f 685/1217/636 686/1218/636 697/1232/636 696/1231/636
f 686/1218/637 687/1219/637 698/1233/637 697/1232/637
f 687/1219/638 688/1220/638 699/1234/638 698/1233/638
f 688/1220/639 689/1221/639 700/1235/639 699/1234/639
f 689/1221/640 690/1225/640 701/1236/640 700/1235/640
f 690/1222/641 691/1224/641 702/1237/641 701/1238/641
f 691/1224/642 692/1226/642 703/1239/642 702/1240/642
f 692/1226/643 693/1227/643 704/1241/643 703/1239/643
f 693/1227/644 483/1228/644 484/1242/644 704/1241/644
f 694/1230/645 695/1229/645 706/1243/645 705/1244/645
f 695/1229/646 696/1231/646 707/1245/646 706/1243/646
f 696/1231/647 697/1232/647 708/1246/647 707/1245/647
f 697/1232/648 698/1233/648 709/1247/648 708/1246/648
f 698/1233/649 699/1234/649 710/1248/649 709/1247/649
f 699/1234/650 700/1235/650 711/1249/650 710/1248/650
f 700/1235/651 701/1236/651 712/1250/651 711/1249/651
f 701/1236/652 702/1240/652 713/1251/652 712/1250/652
f 702/1237/653 703/1239/653 714/1252/653 713/1253/653
f 703/1239/654 704/1241/654 715/1254/654 714/1255/654
f 704/1241/655 484/1242/655 485/1256/655 715/1254/655
f 705/1244/656 706/1243/656 717/1257/656 716/1258/656
f 706/1243/657 707/1245/657 718/1259/657 717/1257/657
f 707/1245/658 708/1246/658 719/1260/658 718/1259/658
f 708/1246/659 709/1247/659 720/1261/659 719/1260/659
f 709/1247/660 710/1248/660 721/1262/660 720/1261/660
f 710/1248/661 711/1249/661 722/1263/661 721/1262/661
f 711/1249/662 712/1250/662 723/1264/662 722/1263/662
f 712/1250/663 713/1251/663 724/1265/663 723/1264/663
f 713/1251/664 714/1255/664 725/1266/664 724/1265/664
f 714/1252/665 715/1254/665 726/1131/665 725/1120/665
f 715/1254/666 485/1256/666 486/1267/666 726/1131/666
f 486/1268/667 606/1269/667 726/1270/667
f 727/352/668 730/351/668 741/1271/668 740/397/668
f 730/351/669 731/350/669 742/1272/669 741/1273/669
f 731/350/670 732/349/670 743/1274/670 742/1272/670
f 732/349/671 733/348/671 744/1275/671 743/1274/671
f 733/348/672 734/347/672 745/1276/672 744/1275/672
f 734/347/673 735/346/673 746/1277/673 745/1276/673
f 735/346/674 736/345/674 747/1278/674 746/1277/674
f 736/345/675 737/344/675 748/1279/675 747/1278/675
f 737/344/676 738/343/676 749/1280/676 748/1279/676
f 738/343/677 739/342/677 750/1281/677 749/1280/677
f 739/342/678 959/341/678 960/1282/678 750/1281/678
f 740/1283/679 741/1273/679 752/1284/679 751/1285/679
f 741/1271/680 742/1272/680 753/1286/680 752/1287/680
f 742/1272/681 743/1274/681 754/1288/681 753/1289/681
f 743/1274/682 744/1275/682 755/1290/682 754/1288/682
f 744/1275/683 745/1276/683 756/1291/683 755/1290/683
f 745/1276/684 746/1277/684 757/1292/684 756/1291/684
f 746/1277/685 747/1278/685 758/1293/685 757/1292/685
f 747/1278/686 748/1279/686 759/1294/686 758/1293/686
f 748/1279/687 749/1280/687 760/1295/687 759/1294/687
f 749/1280/688 750/1281/688 761/1296/688 760/1295/688
f 750/1281/689 960/1282/689 961/1297/689 761/1296/689
f 751/1285/690 752/1284/690 763/1298/690 762/1299/690
f 752/1284/691 753/1289/691 764/1300/691 763/1298/691
f 753/1286/692 754/1288/692 765/1301/692 764/1302/692
f 754/1288/693 755/1290/693 766/1303/693 765/1304/693
f 755/1290/694 756/1291/694 767/1305/694 766/1303/694
f 756/1291/695 757/1292/695 768/1306/695 767/1305/695
f 757/1292/696 758/1293/696 769/1307/696 768/1306/696
f 758/1293/697 759/1294/697 770/1308/697 769/1307/697
f 759/1294/698 760/1295/698 771/1309/698 770/1308/698
f 760/1295/699 761/1296/699 772/1310/699 771/1309/699
f 761/1296/700 961/1297/700 962/1311/700 772/1310/700
f 762/1299/701 763/1298/701 774/1312/701 773/1313/701
f 763/1298/702 764/1300/702 775/1314/702 774/1312/702
f 764/1300/703 765/1304/703 776/1315/703 775/1314/703
f 765/1301/704 766/1303/704 777/1316/704 776/1317/704
f 766/1303/705 767/1305/705 778/1318/705 777/1319/705
f 767/1305/706 768/1306/706 779/1320/706 778/1318/706
f 768/1306/707 769/1307/707 780/1321/707 779/1320/707
f 769/1307/708 770/1308/708 781/1322/708 780/1321/708
f 770/1308/709 771/1309/709 782/1323/709 781/1322/709
f 771/1309/710 772/1310/710 783/1324/710 782/1323/710
f 772/1310/711 962/1311/711 963/1325/711 783/1324/711
f 773/1313/712 774/1312/712 785/1326/712 784/1327/712
f 774/1312/713 775/1314/713 786/1328/713 785/1326/713
f 775/1314/714 776/1315/714 787/1329/714 786/1328/714
f 776/1315/715 777/1319/715 788/1330/715 787/1329/715
f 777/1316/716 778/1318/716 789/1331/716 788/1332/716
f 778/1318/717 779/1320/717 790/1333/717 789/1334/717
f 779/1320/718 780/1321/718 791/1335/718 790/1333/718
f 780/1321/719 781/1322/719 792/1336/719 791/1335/719
f 781/1322/720 782/1323/720 793/1337/720 792/1336/720
f 782/1323/721 783/1324/721 794/1338/721 793/1337/721
f 783/1324/722 963/1325/722 964/1339/722 794/1338/722
f 784/1327/723 785/1326/723 796/1340/723 795/1341/723
f 785/1326/724 786/1328/724 797/1342/724 796/1340/724
f 786/1328/725 787/1329/725 798/1343/725 797/1342/725
f 787/1329/726 788/1330/726 799/1344/726 798/1343/726
f 788/1330/727 789/1334/727 800/1345/727 799/1344/727
f 789/1331/728 790/1333/728 801/1346/728 800/1347/728
f 790/1333/729 791/1335/729 802/1348/729 801/1349/729
f 791/1335/730 792/1336/730 803/1350/730 802/1348/730
f 792/1336/731 793/1337/731 804/1351/731 803/1350/731
f 793/1337/732 794/1338/732 805/1352/732 804/1351/732
f 794/1338/733 964/1339/733 965/1353/733 805/1352/733
f 795/1341/734 796/1340/734 807/1354/734 806/1355/734
f 796/1340/735 797/1342/735 808/1356/735 807/1354/735
f 797/1342/736 798/1343/736 809/1357/736 808/1356/736
f 798/1343/737 799/1344/737 810/1358/737 809/1357/737
f 799/1344/738 800/1345/738 811/1359/738 810/1358/738
f 800/1345/739 801/1349/739 812/1360/739 811/1359/739
f 801/1346/740 802/1348/740 813/1361/740 812/1362/740
f 802/1348/741 803/1350/741 814/1363/741 813/1364/741
f 803/1350/742 804/1351/742 815/1365/742 814/1363/742
f 804/1351/743 805/1352/743 816/1366/743 815/1365/743
f 805/1352/744 965/1353/744 966/1367/744 816/1366/744
f 806/1355/745 807/1354/745 818/1368/745 817/1369/745
f 807/1354/746 808/1356/746 819/1370/746 818/1368/746
f 808/1356/747 809/1357/747 820/1371/747 819/1370/747
f 809/1357/748 810/1358/748 821/1372/748 820/1371/748
f 810/1358/749 811/1359/749 822/1373/749 821/1372/749
f 811/1359/750 812/1360/750 823/1374/750 822/1373/750
f 812/1360/751 813/1364/751 824/1375/751 823/1374/751
f 813/1361/752 814/1363/752 825/1376/752 824/1377/752
f 814/1363/753 815/1365/753 826/1378/753 825/1379/753
f 815/1365/754 816/1366/754 827/1380/754 826/1378/754
f 816/1366/755 966/1367/755 967/1381/755 827/1380/755
f 817/1369/756 818/1368/756 829/1382/756 828/1383/756
f 818/1368/757 819/1370/757 830/1384/757 829/1382/757
f 819/1370/758 820/1371/758 831/1385/758 830/1384/758
f 820/1371/759 821/1372/759 832/1386/759 831/1385/759
f 821/1372/760 822/1373/760 833/1387/760 832/1386/760
f 822/1373/761 823/1374/761 834/1388/761 833/1387/761
f 823/1374/762 824/1375/762 835/1389/762 834/1388/762
f 824/1375/763 825/1379/763 836/1390/763 835/1389/763
f 825/1376/764 826/1378/764 837/1391/764 836/1392/764
f 826/1378/765 827/1380/765 838/1393/765 837/1394/765
f 827/1380/766 967/1381/766 968/1395/766 838/1393/766
f 828/1383/767 829/1382/767 840/1396/767 839/1397/767
f 829/1382/768 830/1384/768 841/1398/768 840/1396/768
f 830/1384/769 831/1385/769 842/1399/769 841/1398/769
f 831/1385/770 832/1386/770 843/1400/770 842/1399/770
f 832/1386/771 833/1387/771 844/1401/771 843/1400/771
f 833/1387/772 834/1388/772 845/1402/772 844/1401/772
f 834/1388/773 835/1389/773 846/1403/773 845/1402/773
f 835/1389/774 836/1390/774 847/1404/774 846/1403/774
f 836/1390/775 837/1394/775 848/1405/775 847/1404/775
f 837/1391/776 838/1393/776 849/1406/776 848/1407/776
f 838/1393/777 968/1395/777 969/1408/777 849/1406/777
f 728/220/778 850/219/778 861/1409/778 860/1410/778
f 850/219/779 851/218/779 862/1411/779 861/1412/779
f 851/218/780 852/217/780 863/1413/780 862/1411/780
f 852/217/781 853/216/781 864/1414/781 863/1413/781
f 853/216/782 854/215/782 865/1415/782 864/1414/782
f 854/215/783 855/214/783 866/1416/783 865/1415/783
f 855/214/784 856/213/784 867/1417/784 866/1416/784
f 856/213/785 857/212/785 868/1418/785 867/1417/785
f 857/212/786 858/211/786 869/1419/786 868/1418/786
f 858/211/787 859/210/787 870/1420/787 869/1419/787
f 859/210/788 1079/209/788 1080/1421/788 870/1420/788
f 860/1410/789 861/1412/789 872/1422/789 871/1423/789
f 861/1409/790 862/1411/790 873/1424/790 872/1422/790
f 862/1411/791 863/1413/791 874/1425/791 873/1426/791
f 863/1413/792 864/1414/792 875/1427/792 874/1425/792
f 864/1414/793 865/1415/793 876/1428/793 875/1427/793
f 865/1415/794 866/1416/794 877/1429/794 876/1428/794
f 866/1416/795 867/1417/795 878/1430/795 877/1429/795
f 867/1417/796 868/1418/796 879/1431/796 878/1430/796
f 868/1418/797 869/1419/797 880/1432/797 879/1431/797
f 869/1419/798 870/1420/798 881/1433/798 880/1432/798
f 870/1420/799 1080/1421/799 1081/1434/799 881/1433/799
f 871/1423/800 872/1422/800 883/1435/800 882/1436/800
f 872/1422/801 873/1426/801 884/1437/801 883/1435/801
f 873/1424/802 874/1425/802 885/1438/802 884/1437/802
f 874/1425/803 875/1427/803 886/1439/803 885/1440/803
f 875/1427/804 876/1428/804 887/1441/804 886/1439/804
f 876/1428/805 877/1429/805 888/1442/805 887/1441/805
f 877/1429/806 878/1430/806 889/1443/806 888/1442/806
f 878/1430/807 879/1431/807 890/1444/807 889/1443/807
f 879/1431/808 880/1432/808 891/1445/808 890/1444/808
f 880/1432/809 881/1433/809 892/1446/809 891/1445/809
f 881/1433/810 1081/1434/810 1082/1447/810 892/1446/810
f 882/1436/811 883/1435/811 894/1448/811 893/1449/811
f 883/1435/812 884/1437/812 895/1450/812 894/1448/812
f 884/1437/813 885/1440/813 896/1451/813 895/1450/813
f 885/1438/814 886/1439/814 897/1452/814 896/1451/814
f 886/1439/815 887/1441/815 898/1453/815 897/1454/815
f 887/1441/816 888/1442/816 899/1455/816 898/1453/816
f 888/1442/817 889/1443/817 900/1456/817 899/1455/817
f 889/1443/818 890/1444/818 901/1457/818 900/1456/818
f 890/1444/819 891/1445/819 902/1458/819 901/1457/819
f 891/1445/820 892/1446/820 903/1459/820 902/1458/820
f 892/1446/821 1082/1447/821 1083/1460/821 903/1459/821
f 893/1449/822 894/1448/822 905/1461/822 904/1462/822
f 894/1448/823 895/1450/823 906/1463/823 905/1461/823
f 895/1450/824 896/1451/824 907/1464/824 906/1463/824
f 896/1451/825 897/1454/825 908/1465/825 907/1464/825
f 897/1452/826 898/1453/826 909/1466/826 908/1465/826
f 898/1453/827 899/1455/827 910/1467/827 909/1468/827
f 899/1455/828 900/1456/828 911/1469/828 910/1467/828
f 900/1456/829 901/1457/829 912/1470/829 911/1469/829
f 901/1457/830 902/1458/830 913/1471/830 912/1470/830
f 902/1458/831 903/1459/831 914/1472/831 913/1471/831
f 903/1459/832 1083/1460/832 1084/1473/832 914/1472/832
f 904/1462/833 905/1461/833 916/1474/833 915/1475/833
f 905/1461/834 906/1463/834 917/1476/834 916/1474/834
f 906/1463/835 907/1464/835 918/1477/835 917/1476/835
f 907/1464/836 908/1465/836 919/1478/836 918/1477/836
f 908/1465/837 909/1468/837 920/1479/837 919/1478/837
f 909/1466/838 910/1467/838 921/1480/838 920/1479/838
f 910/1467/839 911/1469/839 922/1481/839 921/1482/839
f 911/1469/840 912/1470/840 923/1483/840 922/1481/840
f 912/1470/841 913/1471/841 924/1484/841 923/1483/841
f 913/1471/842 914/1472/842 925/1485/842 924/1484/842
f 914/1472/843 1084/1473/843 1085/1486/843 925/1485/843
f 915/1475/844 916/1474/844 927/1487/844 926/1488/844
f 916/1474/845 917/1476/845 928/1489/845 927/1487/845
f 917/1476/846 918/1477/846 929/1490/846 928/1489/846
f 918/1477/847 919/1478/847 930/1491/847 929/1490/847
f 919/1478/848 920/1479/848 931/1492/848 930/1491/848
f 920/1479/849 921/1482/849 932/1493/849 931/1492/849
f 921/1480/850 922/1481/850 933/1494/850 932/1493/850
f 922/1481/851 923/1483/851 934/1495/851 933/1496/851
f 923/1483/852 924/1484/852 935/1497/852 934/1495/852
f 924/1484/853 925/1485/853 936/1498/853 935/1497/853
f 925/1485/854 1085/1486/854 1086/1499/854 936/1498/854
f 926/1488/855 927/1487/855 938/1500/855 937/1501/855
f 927/1487/856 928/1489/856 939/1502/856 938/1500/856
f 928/1489/857 929/1490/857 940/1503/857 939/1502/857
f 929/1490/858 930/1491/858 941/1504/858 940/1503/858
f 930/1491/859 931/1492/859 942/1505/859 941/1504/859
f 931/1492/860 932/1493/860 943/1506/860 942/1505/860
f 932/1493/861 933/1496/861 944/1507/861 943/1506/861
f 933/1494/862 934/1495/862 945/1508/862 944/1507/862
f 934/1495/863 935/1497/863 946/1509/863 945/1510/863
f 935/1497/864 936/1498/864 947/1511/864 946/1509/864
f 936/1498/865 1086/1499/865 1087/1512/865 947/1511/865
f 937/1501/866 938/1500/866 949/1513/866 948/1514/866
f 938/1500/867 939/1502/867 950/1515/867 949/1513/867
f 939/1502/868 940/1503/868 951/1516/868 950/1515/868
f 940/1503/869 941/1504/869 952/1517/869 951/1516/869
f 941/1504/870 942/1505/870 953/1518/870 952/1517/870
f 942/1505/871 943/1506/871 954/1519/871 953/1518/871
f 943/1506/872 944/1507/872 955/1520/872 954/1519/872
f 944/1507/873 945/1510/873 956/1521/873 955/1520/873
f 945/1508/874 946/1509/874 957/1522/874 956/1521/874
f 946/1509/875 947/1511/875 958/1523/875 957/1524/875
f 947/1511/876 1087/1512/876 1088/1525/876 958/1523/876
f 948/1514/877 949/1513/877 960/1526/877 959/1527/877
f 949/1513/878 950/1515/878 961/1528/878 960/1526/878
f 950/1515/879 951/1516/879 962/1529/879 961/1528/879
f 951/1516/880 952/1517/880 963/1530/880 962/1529/880
f 952/1517/881 953/1518/881 964/1531/881 963/1530/881
f 953/1518/882 954/1519/882 965/1532/882 964/1531/882
f 954/1519/883 955/1520/883 966/1533/883 965/1532/883
f 955/1520/884 956/1521/884 967/1534/884 966/1533/884
f 956/1521/885 957/1524/885 968/1535/885 967/1534/885
f 957/1522/886 958/1523/886 969/1536/886 968/1535/886
f 958/1523/887 1088/1525/887 1089/1537/887 969/1536/887
f 729/417/888 970/416/888 981/1538/888 980/200/888
f 970/416/889 971/415/889 982/1539/889 981/1540/889
f 971/415/890 972/414/890 983/1541/890 982/1539/890
f 972/414/891 973/413/891 984/1542/891 983/1541/891
f 973/413/892 974/412/892 985/1543/892 984/1542/892
f 974/412/893 975/411/893 986/1544/893 985/1543/893
f 975/411/894 976/410/894 987/1545/894 986/1544/894
f 976/410/895 977/409/895 988/1546/895 987/1545/895
f 977/409/896 978/408/896 989/1547/896 988/1546/896
f 978/408/897 979/407/897 990/1548/897 989/1547/897
f 979/407/898 839/406/898 840/1549/898 990/1548/898
f 980/1550/899 981/1540/899 992/1551/899 991/1552/899
f 981/1538/900 982/1539/900 993/1553/900 992/1554/900
f 982/1539/901 983/1541/901 994/1555/901 993/1556/901
f 983/1541/902 984/1542/902 995/1557/902 994/1555/902
f 984/1542/903 985/1543/903 996/1558/903 995/1557/903
f 985/1543/904 986/1544/904 997/1559/904 996/1558/904
f 986/1544/905 987/1545/905 998/1560/905 997/1559/905
f 987/1545/906 988/1546/906 999/1561/906 998/1560/906
f 988/1546/907 989/1547/907 1000/1562/907 999/1561/907
f 989/1547/908 990/1548/908 1001/1563/908 1000/1562/908
f 990/1548/909 840/1549/909 841/1564/909 1001/1563/909
f 991/1552/910 992/1551/910 1003/1565/910 1002/1566/910
f 992/1551/911 993/1556/911 1004/1567/911 1003/1565/911
f 993/1553/912 994/1555/912 1005/1568/912 1004/1569/912
f 994/1555/913 995/1557/913 1006/1570/913 1005/1571/913
f 995/1557/914 996/1558/914 1007/1572/914 1006/1570/914
f 996/1558/915 997/1559/915 1008/1573/915 1007/1572/915
f 997/1559/916 998/1560/916 1009/1574/916 1008/1573/916
f 998/1560/917 999/1561/917 1010/1575/917 1009/1574/917
f 999/1561/918 1000/1562/918 1011/1576/918 1010/1575/918
f 1000/1562/919 1001/1563/919 1012/1577/919 1011/1576/919
f 1001/1563/920 841/1564/920 842/1578/920 1012/1577/920
f 1002/1566/921 1003/1565/921 1014/1579/921 1013/1580/921
f 1003/1565/922 1004/1567/922 1015/1581/922 1014/1579/922
f 1004/1567/923 1005/1571/923 1016/1582/923 1015/1581/923
f 1005/1568/924 1006/1570/924 1017/1583/924 1016/1584/924
f 1006/1570/925 1007/1572/925 1018/1585/925 1017/1586/925
f 1007/1572/926 1008/1573/926 1019/1587/926 1018/1585/926
f 1008/1573/927 1009/1574/927 1020/1588/927 1019/1587/927
f 1009/1574/928 1010/1575/928 1021/1589/928 1020/1588/928
f 1010/1575/929 1011/1576/929 1022/1590/929 1021/1589/929
f 1011/1576/930 1012/1577/930 1023/1591/930 1022/1590/930
f 1012/1577/931 842/1578/931 843/1592/931 1023/1591/931
f 1013/1580/932 1014/1579/932 1025/1593/932 1024/1594/932
f 1014/1579/933 1015/1581/933 1026/1595/933 1025/1593/933
f 1015/1581/934 1016/1582/934 1027/1596/934 1026/1595/934
f 1016/1582/935 1017/1586/935 1028/1597/935 1027/1596/935
f 1017/1583/936 1018/1585/936 1029/1598/936 1028/1599/936
f 1018/1585/937 1019/1587/937 1030/1600/937 1029/1601/937
f 1019/1587/938 1020/1588/938 1031/1602/938 1030/1600/938
f 1020/1588/939 1021/1589/939 1032/1603/939 1031/1602/939
f 1021/1589/940 1022/1590/940 1033/1604/940 1032/1603/940
f 1022/1590/941 1023/1591/941 1034/1605/941 1033/1604/941
f 1023/1591/942 843/1592/942 844/1606/942 1034/1605/942
f 1024/1594/943 1025/1593/943 1036/1607/943 1035/1608/943
f 1025/1593/944 1026/1595/944 1037/1609/944 1036/1607/944
f 1026/1595/945 1027/1596/945 1038/1610/945 1037/1609/945
f 1027/1596/946 1028/1597/946 1039/1611/946 1038/1610/946
f 1028/1597/947 1029/1601/947 1040/1612/947 1039/1611/947
f 1029/1598/948 1030/1600/948 1041/1613/948 1040/1614/948
f 1030/1600/949 1031/1602/949 1042/1615/949 1041/1616/949
f 1031/1602/950 1032/1603/950 1043/1617/950 1042/1615/950
f 1032/1603/951 1033/1604/951 1044/1618/951 1043/1617/951
f 1033/1604/952 1034/1605/952 1045/1619/952 1044/1618/952
f 1034/1605/953 844/1606/953 845/1620/953 1045/1619/953
f 1035/1608/954 1036/1607/954 1047/1621/954 1046/1622/954
f 1036/1607/955 1037/1609/955 1048/1623/955 1047/1621/955
f 1037/1609/956 1038/1610/956 1049/1624/956 1048/1623/956
f 1038/1610/957 1039/1611/957 1050/1625/957 1049/1624/957
f 1039/1611/958 1040/1612/958 1051/1626/958 1050/1625/958
f 1040/1612/959 1041/1616/959 1052/1627/959 1051/1626/959
f 1041/1613/960 1042/1615/960 1053/1628/960 1052/1629/960
f 1042/1615/961 1043/1617/961 1054/1630/961 1053/1631/961
f 1043/1617/962 1044/1618/962 1055/1632/962 1054/1630/962
f 1044/1618/963 1045/1619/963 1056/1633/963 1055/1632/963
f 1045/1619/964 845/1620/964 846/1634/964 1056/1633/964
f 1046/1622/965 1047/1621/965 1058/1635/965 1057/1636/965
f 1047/1621/966 1048/1623/966 1059/1637/966 1058/1635/966
f 1048/1623/967 1049/1624/967 1060/1638/967 1059/1637/967
f 1049/1624/968 1050/1625/968 1061/1639/968 1060/1638/968
f 1050/1625/969 1051/1626/969 1062/1640/969 1061/1639/969
f 1051/1626/970 1052/1627/970 1063/1641/970 1062/1640/970
f 1052/1627/971 1053/1631/971 1064/1642/971 1063/1641/971
f 1053/1628/972 1054/1630/972 1065/1643/972 1064/1644/972
f 1054/1630/973 1055/1632/973 1066/1645/973 1065/1646/973
f 1055/1632/974 1056/1633/974 1067/1647/974 1066/1645/974
f 1056/1633/975 846/1634/975 847/1648/975 1067/1647/975
f 1057/1636/976 1058/1635/976 1069/1649/976 1068/1650/976
f 1058/1635/977 1059/1637/977 1070/1651/977 1069/1649/977
f 1059/1637/978 1060/1638/978 1071/1652/978 1070/1651/978
f 1060/1638/979 1061/1639/979 1072/1653/979 1071/1652/979
f 1061/1639/980 1062/1640/980 1073/1654/980 1072/1653/980
f 1062/1640/981 1063/1641/981 1074/1655/981 1073/1654/981
f 1063/1641/982 1064/1642/982 1075/1656/982 1074/1655/982
f 1064/1642/983 1065/1646/983 1076/1657/983 1075/1656/983
f 1065/1643/984 1066/1645/984 1077/1658/984 1076/1659/984
f 1066/1645/985 1067/1647/985 1078/1660/985 1077/1661/985
f 1067/1647/986 847/1648/986 848/1407/986 1078/1660/986
f 1068/1650/987 1069/1649/987 1080/1662/987 1079/1663/987
f 1069/1649/988 1070/1651/988 1081/1664/988 1080/1662/988
f 1070/1651/989 1071/1652/989 1082/1665/989 1081/1664/989
f 1071/1652/990 1072/1653/990 1083/1666/990 1082/1665/990
f 1072/1653/991 1073/1654/991 1084/1667/991 1083/1666/991
f 1073/1654/992 1074/1655/992 1085/1668/992 1084/1667/992
f 1074/1655/993 1075/1656/993 1086/1669/993 1085/1668/993
f 1075/1656/994 1076/1657/994 1087/1670/994 1086/1669/994
f 1076/1657/995 1077/1661/995 1088/1671/995 1087/1670/995
f 1077/1658/996 1078/1660/996 1089/1537/996 1088/1525/996
f 1078/1660/997 848/1407/997 849/1406/997 1089/1537/997
f 849/1672/998 969/1673/998 1089/1674/998
f 1090/418/999 1093/197/999 1104/1675/999 1103/419/999
f 1093/197/1000 1094/196/1000 1105/1676/1000 1104/1677/1000
f 1094/196/1001 1095/195/1001 1106/1678/1001 1105/1676/1001
f 1095/195/1002 1096/194/1002 1107/1679/1002 1106/1678/1002
f 1096/194/1003 1097/193/1003 1108/1680/1003 1107/1679/1003
f 1097/193/1004 1098/192/1004 1109/1681/1004 1108/1680/1004
f 1098/192/1005 1099/191/1005 1110/1682/1005 1109/1681/1005
f 1099/191/1006 1100/190/1006 1111/1683/1006 1110/1682/1006
f 1100/190/1007 1101/189/1007 1112/1684/1007 1111/1683/1007
f 1101/189/1008 1102/188/1008 1113/1685/1008 1112/1684/1008
f 1102/188/1009 1322/187/1009 1323/1686/1009 1113/1685/1009
f 1103/1687/1010 1104/1677/1010 1115/1688/1010 1114/1689/1010
f 1104/1675/1011 1105/1676/1011 1116/1690/1011 1115/1691/1011
f 1105/1676/1012 1106/1678/1012 1117/1692/1012 1116/1693/1012
f 1106/1678/1013 1107/1679/1013 1118/1694/1013 1117/1692/1013
f 1107/1679/1014 1108/1680/1014 1119/1695/1014 1118/1694/1014
f 1108/1680/1015 1109/1681/1015 1120/1696/1015 1119/1695/1015
f 1109/1681/1016 1110/1682/1016 1121/1697/1016 1120/1696/1016
f 1110/1682/1017 1111/1683/1017 1122/1698/1017 1121/1697/1017
f 1111/1683/1018 1112/1684/1018 1123/1699/1018 1122/1698/1018
f 1112/1684/1019 1113/1685/1019 1124/1700/1019 1123/1699/1019
f 1113/1685/1020 1323/1686/1020 1324/1701/1020 1124/1700/1020
f 1114/1689/1021 1115/1688/1021 1126/1702/1021 1125/1703/1021
f 1115/1688/1022 1116/1693/1022 1127/1704/1022 1126/1702/1022
f 1116/1690/1023 1117/1692/1023 1128/1705/1023 1127/1706/1023
f 1117/1692/1024 1118/1694/1024 1129/1707/1024 1128/1708/1024
f 1118/1694/1025 1119/1695/1025 1130/1709/1025 1129/1707/1025
f 1119/1695/1026 1120/1696/1026 1131/1710/1026 1130/1709/1026
f 1120/1696/1027 1121/1697/1027 1132/1711/1027 1131/1710/1027
f 1121/1697/1028 1122/1698/1028 1133/1712/1028 1132/1711/1028
f 1122/1698/1029 1123/1699/1029 1134/1713/1029 1133/1712/1029
f 1123/1699/1030 1124/1700/1030 1135/1714/1030 1134/1713/1030
f 1124/1700/1031 1324/1701/1031 1325/1715/1031 1135/1714/1031
f 1125/1703/1032 1126/1702/1032 1137/1716/1032 1136/1717/1032
f 1126/1702/1033 1127/1704/1033 1138/1718/1033 1137/1716/1033
f 1127/1704/1034 1128/1708/1034 1139/1719/1034 1138/1718/1034
f 1128/1705/1035 1129/1707/1035 1140/1720/1035 1139/1721/1035
f 1129/1707/1036 1130/1709/1036 1141/1722/1036 1140/1723/1036
f 1130/1709/1037 1131/1710/1037 1142/1724/1037 1141/1722/1037
f 1131/1710/1038 1132/1711/1038 1143/1725/1038 1142/1724/1038
f 1132/1711/1039 1133/1712/1039 1144/1726/1039 1143/1725/1039
f 1133/1712/1040 1134/1713/1040 1145/1727/1040 1144/1726/1040
f 1134/1713/1041 1135/1714/1041 1146/1728/1041 1145/1727/1041
f 1135/1714/1042 1325/1715/1042 1326/1729/1042 1146/1728/1042
f 1136/1717/1043 1137/1716/1043 1148/1730/1043 1147/1731/1043
f 1137/1716/1044 1138/1718/1044 1149/1732/1044 1148/1730/1044
f 1138/1718/1045 1139/1719/1045 1150/1733/1045 1149/1732/1045
f 1139/1719/1046 1140/1723/1046 1151/1734/1046 1150/1733/1046
f 1140/1720/1047 1141/1722/1047 1152/1735/1047 1151/1736/1047
f 1141/1722/1048 1142/1724/1048 1153/1737/1048 1152/1738/1048
f 1142/1724/1049 1143/1725/1049 1154/1739/1049 1153/1737/1049
f 1143/1725/1050 1144/1726/1050 1155/1740/1050 1154/1739/1050
f 1144/1726/1051 1145/1727/1051 1156/1741/1051 1155/1740/1051
f 1145/1727/1052 1146/1728/1052 1157/1742/1052 1156/1741/1052
f 1146/1728/1053 1326/1729/1053 1327/1743/1053 1157/1742/1053
f 1147/1731/1054 1148/1730/1054 1159/1744/1054 1158/1745/1054
f 1148/1730/1055 1149/1732/1055 1160/1746/1055 1159/1744/1055
f 1149/1732/1056 1150/1733/1056 1161/1747/1056 1160/1746/1056
f 1150/1733/1057 1151/1734/1057 1162/1748/1057 1161/1747/1057
f 1151/1734/1058 1152/1738/1058 1163/1749/1058 1162/1748/1058
f 1152/1735/1059 1153/1737/1059 1164/1750/1059 1163/1751/1059
f 1153/1737/1060 1154/1739/1060 1165/1752/1060 1164/1753/1060
f 1154/1739/1061 1155/1740/1061 1166/1754/1061 1165/1752/1061
f 1155/1740/1062 1156/1741/1062 1167/1755/1062 1166/1754/1062
f 1156/1741/1063 1157/1742/1063 1168/1756/1063 1167/1755/1063
f 1157/1742/1064 1327/1743/1064 1328/1757/1064 1168/1756/1064
f 1158/1745/1065 1159/1744/1065 1170/1758/1065 1169/1759/1065
f 1159/1744/1066 1160/1746/1066 1171/1760/1066 1170/1758/1066
f 1160/1746/1067 1161/1747/1067 1172/1761/1067 1171/1760/1067
f 1161/1747/1068 1162/1748/1068 1173/1762/1068 1172/1761/1068
f 1162/1748/1069 1163/1749/1069 1174/1763/1069 1173/1762/1069
f 1163/1749/1070 1164/1753/1070 1175/1764/1070 1174/1763/1070
f 1164/1750/1071 1165/1752/1071 1176/1765/1071 1175/1766/1071
f 1165/1752/1072 1166/1754/1072 1177/1767/1072 1176/1768/1072
f 1166/1754/1073 1167/1755/1073 1178/1769/1073 1177/1767/1073
f 1167/1755/1074 1168/1756/1074 1179/1770/1074 1178/1769/1074
f 1168/1756/1075 1328/1757/1075 1329/1771/1075 1179/1770/1075
f 1169/1759/1076 1170/1758/1076 1181/1772/1076 1180/1773/1076
f 1170/1758/1077 1171/1760/1077 1182/1774/1077 1181/1772/1077
f 1171/1760/1078 1172/1761/1078 1183/1775/1078 1182/1774/1078
f 1172/1761/1079 1173/1762/1079 1184/1776/1079 1183/1775/1079
f 1173/1762/1080 1174/1763/1080 1185/1777/1080 1184/1776/1080
f 1174/1763/1081 1175/1764/1081 1186/1778/1081 1185/1777/1081
f 1175/1764/1082 1176/1768/1082 1187/1779/1082 1186/1778/1082
f 1176/1765/1083 1177/1767/1083 1188/1780/1083 1187/1781/1083
f 1177/1767/1084 1178/1769/1084 1189/1782/1084 1188/1783/1084
f 1178/1769/1085 1179/1770/1085 1190/1784/1085 1189/1782/1085
f 1179/1770/1086 1329/1771/1086 1330/1785/1086 1190/1784/1086
f 1180/1773/1087 1181/1772/1087 1192/1786/1087 1191/1787/1087
f 1181/1772/1088 1182/1774/1088 1193/1788/1088 1192/1786/1088
f 1182/1774/1089 1183/1775/1089 1194/1789/1089 1193/1788/1089
f 1183/1775/1090 1184/1776/1090 1195/1790/1090 1194/1789/1090
f 1184/1776/1091 1185/1777/1091 1196/1791/1091 1195/1790/1091
f 1185/1777/1092 1186/1778/1092 1197/1792/1092 1196/1791/1092
f 1186/1778/1093 1187/1779/1093 1198/1793/1093 1197/1792/1093
f 1187/1779/1094 1188/1783/1094 1199/1794/1094 1198/1793/1094
f 1188/1780/1095 1189/1782/1095 1200/1795/1095 1199/1796/1095
f 1189/1782/1096 1190/1784/1096 1201/1797/1096 1200/1798/1096
f 1190/1784/1097 1330/1785/1097 1331/1799/1097 1201/1797/1097
f 1191/1787/1098 1192/1786/1098 1203/1800/1098 1202/1801/1098
f 1192/1786/1099 1193/1788/1099 1204/1802/1099 1203/1800/1099
f 1193/1788/1100 1194/1789/1100 1205/1803/1100 1204/1802/1100
f 1194/1789/1101 1195/1790/1101 1206/1804/1101 1205/1803/1101
f 1195/1790/1102 1196/1791/1102 1207/1805/1102 1206/1804/1102
f 1196/1791/1103 1197/1792/1103 1208/1806/1103 1207/1805/1103
f 1197/1792/1104 1198/1793/1104 1209/1807/1104 1208/1806/1104
f 1198/1793/1105 1199/1794/1105 1210/1808/1105 1209/1807/1105
f 1199/1794/1106 1200/1798/1106 1211/1809/1106 1210/1808/1106
f 1200/1795/1107 1201/1797/1107 1212/1810/1107 1211/1811/1107
f 1201/1797/1108 1331/1799/1108 1332/1812/1108 1212/1810/1108
f 1091/1813/1109 1213/65/1109 1224/1814/1109 1223/1815/1109
f 1213/65/1110 1214/64/1110 1225/1816/1110 1224/1817/1110
f 1214/64/1111 1215/63/1111 1226/1818/1111 1225/1816/1111
f 1215/63/1112 1216/62/1112 1227/1819/1112 1226/1818/1112
f 1216/62/1113 1217/61/1113 1228/1820/1113 1227/1819/1113
f 1217/61/1114 1218/60/1114 1229/1821/1114 1228/1820/1114
f 1218/60/1115 1219/59/1115 1230/1822/1115 1229/1821/1115
f 1219/59/1116 1220/58/1116 1231/1823/1116 1230/1822/1116
f 1220/58/1117 1221/57/1117 1232/1824/1117 1231/1823/1117
f 1221/57/1118 1222/56/1118 1233/1825/1118 1232/1824/1118
f 1222/56/1119 1442/55/1119 1443/1826/1119 1233/1825/1119
f 1223/1815/1120 1224/1817/1120 1235/1827/1120 1234/1828/1120
f 1224/1814/1121 1225/1816/1121 1236/1829/1121 1235/1827/1121
f 1225/1816/1122 1226/1818/1122 1237/1830/1122 1236/1831/1122
f 1226/1818/1123 1227/1819/1123 1238/1832/1123 1237/1830/1123
f 1227/1819/1124 1228/1820/1124 1239/1833/1124 1238/1832/1124
f 1228/1820/1125 1229/1821/1125 1240/1834/1125 1239/1833/1125
f 1229/1821/1126 1230/1822/1126 1241/1835/1126 1240/1834/1126
f 1230/1822/1127 1231/1823/1127 1242/1836/1127 1241/1835/1127
f 1231/1823/1128 1232/1824/1128 1243/1837/1128 1242/1836/1128
f 1232/1824/1129 1233/1825/1129 1244/1838/1129 1243/1837/1129
f 1233/1825/1130 1443/1826/1130 1444/1839/1130 1244/1838/1130
f 1234/1828/1131 1235/1827/1131 1246/1840/1131 1245/1841/1131
f 1235/1827/1132 1236/1831/1132 1247/1842/1132 1246/1840/1132
f 1236/1829/1133 1237/1830/1133 1248/1843/1133 1247/1842/1133
f 1237/1830/1134 1238/1832/1134 1249/1844/1134 1248/1845/1134
f 1238/1832/1135 1239/1833/1135 1250/1846/1135 1249/1844/1135
f 1239/1833/1136 1240/1834/1136 1251/1847/1136 1250/1846/1136
f 1240/1834/1137 1241/1835/1137 1252/1848/1137 1251/1847/1137
f 1241/1835/1138 1242/1836/1138 1253/1849/1138 1252/1848/1138
f 1242/1836/1139 1243/1837/1139 1254/1850/1139 1253/1849/1139
f 1243/1837/1140 1244/1838/1140 1255/1851/1140 1254/1850/1140
f 1244/1838/1141 1444/1839/1141 1445/1852/1141 1255/1851/1141
f 1245/1841/1142 1246/1840/1142 1257/1853/1142 1256/1854/1142
f 1246/1840/1143 1247/1842/1143 1258/1855/1143 1257/1853/1143
f 1247/1842/1144 1248/1845/1144 1259/1856/1144 1258/1855/1144
f 1248/1843/1145 1249/1844/1145 1260/1857/1145 1259/1856/1145
f 1249/1844/1146 1250/1846/1146 1261/1858/1146 1260/1859/1146
f 1250/1846/1147 1251/1847/1147 1262/1860/1147 1261/1858/1147
f 1251/1847/1148 1252/1848/1148 1263/1861/1148 1262/1860/1148
f 1252/1848/1149 1253/1849/1149 1264/1862/1149 1263/1861/1149
f 1253/1849/1150 1254/1850/1150 1265/1863/1150 1264/1862/1150
f 1254/1850/1151 1255/1851/1151 1266/1864/1151 1265/1863/1151
f 1255/1851/1152 1445/1852/1152 1446/1865/1152 1266/1864/1152
f 1256/1854/1153 1257/1853/1153 1268/1866/1153 1267/1867/1153
f 1257/1853/1154 1258/1855/1154 1269/1868/1154 1268/1866/1154
f 1258/1855/1155 1259/1856/1155 1270/1869/1155 1269/1868/1155
f 1259/1856/1156 1260/1859/1156 1271/1870/1156 1270/1869/1156
f 1260/1857/1157 1261/1858/1157 1272/1871/1157 1271/1870/1157
f 1261/1858/1158 1262/1860/1158 1273/1872/1158 1272/1873/1158
f 1262/1860/1159 1263/1861/1159 1274/1874/1159 1273/1872/1159
f 1263/1861/1160 1264/1862/1160 1275/1875/1160 1274/1874/1160
f 1264/1862/1161 1265/1863/1161 1276/1876/1161 1275/1875/1161
f 1265/1863/1162 1266/1864/1162 1277/1877/1162 1276/1876/1162
f 1266/1864/1163 1446/1865/1163 1447/1878/1163 1277/1877/1163
f 1267/1867/1164 1268/1866/1164 1279/1879/1164 1278/1880/1164
f 1268/1866/1165 1269/1868/1165 1280/1881/1165 1279/1879/1165
f 1269/1868/1166 1270/1869/1166 1281/1882/1166 1280/1881/1166
f 1270/1869/1167 1271/1870/1167 1282/1883/1167 1281/1882/1167
f 1271/1870/1168 1272/1873/1168 1283/1884/1168 1282/1883/1168
f 1272/1871/1169 1273/1872/1169 1284/1885/1169 1283/1884/1169
f 1273/1872/1170 1274/1874/1170 1285/1886/1170 1284/1887/1170
f 1274/1874/1171 1275/1875/1171 1286/1888/1171 1285/1886/1171
f 1275/1875/1172 1276/1876/1172 1287/1889/1172 1286/1888/1172
f 1276/1876/1173 1277/1877/1173 1288/1890/1173 1287/1889/1173
f 1277/1877/1174 1447/1878/1174 1448/1891/1174 1288/1890/1174
f 1278/1880/1175 1279/1879/1175 1290/1892/1175 1289/1893/1175
f 1279/1879/1176 1280/1881/1176 1291/1894/1176 1290/1892/1176
f 1280/1881/1177 1281/1882/1177 1292/1895/1177 1291/1894/1177
f 1281/1882/1178 1282/1883/1178 1293/1896/1178 1292/1895/1178
f 1282/1883/1179 1283/1884/1179 1294/1897/1179 1293/1896/1179
f 1283/1884/1180 1284/1887/1180 1295/1898/1180 1294/1897/1180
f 1284/1885/1181 1285/1886/1181 1296/1899/1181 1295/1898/1181
f 1285/1886/1182 1286/1888/1182 1297/1900/1182 1296/1901/1182
f 1286/1888/1183 1287/1889/1183 1298/1902/1183 1297/1900/1183
f 1287/1889/1184 1288/1890/1184 1299/1903/1184 1298/1902/1184
f 1288/1890/1185 1448/1891/1185 1449/1904/1185 1299/1903/1185
f 1289/1893/1186 1290/1892/1186 1301/1905/1186 1300/1906/1186
f 1290/1892/1187 1291/1894/1187 1302/1907/1187 1301/1905/1187
f 1291/1894/1188 1292/1895/1188 1303/1908/1188 1302/1907/1188
f 1292/1895/1189 1293/1896/1189 1304/1909/1189 1303/1908/1189
f 1293/1896/1190 1294/1897/1190 1305/1910/1190 1304/1909/1190
f 1294/1897/1191 1295/1898/1191 1306/1911/1191 1305/1910/1191
f 1295/1898/1192 1296/1901/1192 1307/1912/1192 1306/1911/1192
f 1296/1899/1193 1297/1900/1193 1308/1913/1193 1307/1912/1193
f 1297/1900/1194 1298/1902/1194 1309/1914/1194 1308/1915/1194
f 1298/1902/1195 1299/1903/1195 1310/1916/1195 1309/1914/1195
f 1299/1903/1196 1449/1904/1196 1450/1917/1196 1310/1916/1196
f 1300/1906/1197 1301/1905/1197 1312/1918/1197 1311/1919/1197
f 1301/1905/1198 1302/1907/1198 1313/1920/1198 1312/1918/1198
f 1302/1907/1199 1303/1908/1199 1314/1921/1199 1313/1920/1199
f 1303/1908/1200 1304/1909/1200 1315/1922/1200 1314/1921/1200
f 1304/1909/1201 1305/1910/1201 1316/1923/1201 1315/1922/1201
f 1305/1910/1202 1306/1911/1202 1317/1924/1202 1316/1923/1202
f 1306/1911/1203 1307/1912/1203 1318/1925/1203 1317/1924/1203
f 1307/1912/1204 1308/1915/1204 1319/1926/1204 1318/1925/1204
f 1308/1913/1205 1309/1914/1205 1320/1927/1205 1319/1926/1205
f 1309/1914/1206 1310/1916/1206 1321/1928/1206 1320/1929/1206
f 1310/1916/1207 1450/1917/1207 1451/1930/1207 1321/1928/1207
f 1311/1919/1208 1312/1918/1208 1323/1931/1208 1322/1932/1208
f 1312/1918/1209 1313/1920/1209 1324/1933/1209 1323/1931/1209
f 1313/1920/1210 1314/1921/1210 1325/1934/1210 1324/1933/1210
f 1314/1921/1211 1315/1922/1211 1326/1935/1211 1325/1934/1211
f 1315/1922/1212 1316/1923/1212 1327/1936/1212 1326/1935/1212
f 1316/1923/1213 1317/1924/1213 1328/1937/1213 1327/1936/1213
f 1317/1924/1214 1318/1925/1214 1329/1938/1214 1328/1937/1214
f 1318/1925/1215 1319/1926/1215 1330/1939/1215 1329/1938/1215
f 1319/1926/1216 1320/1929/1216 1331/1940/1216 1330/1939/1216
f 1320/1927/1217 1321/1928/1217 1332/1941/1217 1331/1940/1217
f 1321/1928/1218 1451/1930/1218 1452/1942/1218 1332/1941/1218
f 1092/45/1219 1333/438/1219 1344/1943/1219 1343/46/1219
f 1333/438/1220 1334/437/1220 1345/1944/1220 1344/1945/1220
f 1334/437/1221 1335/436/1221 1346/1946/1221 1345/1944/1221
f 1335/436/1222 1336/435/1222 1347/1947/1222 1346/1946/1222
f 1336/435/1223 1337/434/1223 1348/1948/1223 1347/1947/1223
f 1337/434/1224 1338/433/1224 1349/1949/1224 1348/1948/1224
f 1338/433/1225 1339/432/1225 1350/1950/1225 1349/1949/1225
f 1339/432/1226 1340/431/1226 1351/1951/1226 1350/1950/1226
f 1340/431/1227 1341/430/1227 1352/1952/1227 1351/1951/1227
f 1341/430/1228 1342/429/1228 1353/1953/1228 1352/1952/1228
f 1342/429/1229 1202/428/1229 1203/1954/1229 1353/1953/1229
f 1343/1955/1230 1344/1945/1230 1355/1956/1230 1354/1957/1230
f 1344/1943/1231 1345/1944/1231 1356/1958/1231 1355/1959/1231
f 1345/1944/1232 1346/1946/1232 1357/1960/1232 1356/1961/1232
f 1346/1946/1233 1347/1947/1233 1358/1962/1233 1357/1960/1233
f 1347/1947/1234 1348/1948/1234 1359/1963/1234 1358/1962/1234
f 1348/1948/1235 1349/1949/1235 1360/1964/1235 1359/1963/1235
f 1349/1949/1236 1350/1950/1236 1361/1965/1236 1360/1964/1236
f 1350/1950/1237 1351/1951/1237 1362/1966/1237 1361/1965/1237
f 1351/1951/1238 1352/1952/1238 1363/1967/1238 1362/1966/1238
f 1352/1952/1239 1353/1953/1239 1364/1968/1239 1363/1967/1239
f 1353/1953/1240 1203/1954/1240 1204/1969/1240 1364/1968/1240
f 1354/1957/1241 1355/1956/1241 1366/1970/1241 1365/1971/1241
f 1355/1956/1242 1356/1961/1242 1367/1972/1242 1366/1970/1242
f 1356/1958/1243 1357/1960/1243 1368/1973/1243 1367/1974/1243
f 1357/1960/1244 1358/1962/1244 1369/1975/1244 1368/1976/1244
f 1358/1962/1245 1359/1963/1245 1370/1977/1245 1369/1975/1245
f 1359/1963/1246 1360/1964/1246 1371/1978/1246 1370/1977/1246
f 1360/1964/1247 1361/1965/1247 1372/1979/1247 1371/1978/1247
f 1361/1965/1248 1362/1966/1248 1373/1980/1248 1372/1979/1248
f 1362/1966/1249 1363/1967/1249 1374/1981/1249 1373/1980/1249
f 1363/1967/1250 1364/1968/1250 1375/1982/1250 1374/1981/1250
f 1364/1968/1251 1204/1969/1251 1205/1983/1251 1375/1982/1251
f 1365/1971/1252 1366/1970/1252 1377/1984/1252 1376/1985/1252
f 1366/1970/1253 1367/1972/1253 1378/1986/1253 1377/1984/1253
f 1367/1972/1254 1368/1976/1254 1379/1987/1254 1378/1986/1254
f 1368/1973/1255 1369/1975/1255 1380/1988/1255 1379/1989/1255
f 1369/1975/1256 1370/1977/1256 1381/1990/1256 1380/1991/1256
f 1370/1977/1257 1371/1978/1257 1382/1992/1257 1381/1990/1257
f 1371/1978/1258 1372/1979/1258 1383/1993/1258 1382/1992/1258
f 1372/1979/1259 1373/1980/1259 1384/1994/1259 1383/1993/1259
f 1373/1980/1260 1374/1981/1260 1385/1995/1260 1384/1994/1260
f 1374/1981/1261 1375/1982/1261 1386/1996/1261 1385/1995/1261
f 1375/1982/1262 1205/1983/1262 1206/1997/1262 1386/1996/1262
f 1376/1985/1263 1377/1984/1263 1388/1998/1263 1387/1999/1263
f 1377/1984/1264 1378/1986/1264 1389/2000/1264 1388/1998/1264
f 1378/1986/1265 1379/1987/1265 1390/2001/1265 1389/2000/1265
f 1379/1987/1266 1380/1991/1266 1391/2002/1266 1390/2001/1266
f 1380/1988/1267 1381/1990/1267 1392/2003/1267 1391/2004/1267
f 1381/1990/1268 1382/1992/1268 1393/2005/1268 1392/2006/1268
f 1382/1992/1269 1383/1993/1269 1394/2007/1269 1393/2005/1269
f 1383/1993/1270 1384/1994/1270 1395/2008/1270 1394/2007/1270
f 1384/1994/1271 1385/1995/1271 1396/2009/1271 1395/2008/1271
f 1385/1995/1272 1386/1996/1272 1397/2010/1272 1396/2009/1272
f 1386/1996/1273 1206/1997/1273 1207/2011/1273 1397/2010/1273
f 1387/1999/1274 1388/1998/1274 1399/2012/1274 1398/2013/1274
f 1388/1998/1275 1389/2000/1275 1400/2014/1275 1399/2012/1275
f 1389/2000/1276 1390/2001/1276 1401/2015/1276 1400/2014/1276
f 1390/2001/1277 1391/2002/1277 1402/2016/1277 1401/2015/1277
f 1391/2002/1278 1392/2006/1278 1403/2017/1278 1402/2016/1278
f 1392/2003/1279 1393/2005/1279 1404/2018/1279 1403/2019/1279
f 1393/2005/1280 1394/2007/1280 1405/2020/1280 1404/2021/1280
f 1394/2007/1281 1395/2008/1281 1406/2022/1281 1405/2020/1281
f 1395/2008/1282 1396/2009/1282 1407/2023/1282 1406/2022/1282
f 1396/2009/1283 1397/2010/1283 1408/2024/1283 1407/2023/1283
f 1397/2010/1284 1207/2011/1284 1208/2025/1284 1408/2024/1284
f 1398/2013/1285 1399/2012/1285 1410/2026/1285 1409/2027/1285
f 1399/2012/1286 1400/2014/1286 1411/2028/1286 1410/2026/1286
f 1400/2014/1287 1401/2015/1287 1412/2029/1287 1411/2028/1287
f 1401/2015/1288 1402/2016/1288 1413/2030/1288 1412/2029/1288
f 1402/2016/1289 1403/2017/1289 1414/2031/1289 1413/2030/1289
f 1403/2017/1290 1404/2021/1290 1415/2032/1290 1414/2031/1290
f 1404/2018/1291 1405/2020/1291 1416/2033/1291 1415/2034/1291
f 1405/2020/1292 1406/2022/1292 1417/2035/1292 1416/2036/1292
f 1406/2022/1293 1407/2023/1293 1418/2037/1293 1417/2035/1293
f 1407/2023/1294 1408/2024/1294 1419/2038/1294 1418/2037/1294
f 1408/2024/1295 1208/2025/1295 1209/2039/1295 1419/2038/1295
f 1409/2027/1296 1410/2026/1296 1421/2040/1296 1420/2041/1296
f 1410/2026/1297 1411/2028/1297 1422/2042/1297 1421/2040/1297
f 1411/2028/1298 1412/2029/1298 1423/2043/1298 1422/2042/1298
f 1412/2029/1299 1413/2030/1299 1424/2044/1299 1423/2043/1299
f 1413/2030/1300 1414/2031/1300 1425/2045/1300 1424/2044/1300
f 1414/2031/1301 1415/2032/1301 1426/2046/1301 1425/2045/1301
f 1415/2032/1302 1416/2036/1302 1427/2047/1302 1426/2046/1302
f 1416/2033/1303 1417/2035/1303 1428/2048/1303 1427/2049/1303
f 1417/2035/1304 1418/2037/1304 1429/2050/1304 1428/2051/1304
f 1418/2037/1305 1419/2038/1305 1430/2052/1305 1429/2050/1305
f 1419/2038/1306 1209/2039/1306 1210/2053/1306 1430/2052/1306
f 1420/2041/1307 1421/2040/1307 1432/2054/1307 1431/2055/1307
f 1421/2040/1308 1422/2042/1308 1433/2056/1308 1432/2054/1308
f 1422/2042/1309 1423/2043/1309 1434/2057/1309 1433/2056/1309
f 1423/2043/1310 1424/2044/1310 1435/2058/1310 1434/2057/1310
f 1424/2044/1311 1425/2045/1311 1436/2059/1311 1435/2058/1311
f 1425/2045/1312 1426/2046/1312 1437/2060/1312 1436/2059/1312
f 1426/2046/1313 1427/2047/1313 1438/2061/1313 1437/2060/1313
f 1427/2047/1314 1428/2051/1314 1439/2062/1314 1438/2061/1314
f 1428/2048/1315 1429/2050/1315 1440/2063/1315 1439/2064/1315
f 1429/2050/1316 1430/2052/1316 1441/2065/1316 1440/2066/1316
f 1430/2052/1317 1210/2053/1317 1211/1811/1317 1441/2065/1317
f 1431/2055/1318 1432/2054/1318 1443/2067/1318 1442/2068/1318
f 1432/2054/1319 1433/2056/1319 1444/2069/1319 1443/2067/1319
f 1433/2056/1320 1434/2057/1320 1445/2070/1320 1444/2069/1320
f 1434/2057/1321 1435/2058/1321 1446/2071/1321 1445/2070/1321
f 1435/2058/1322 1436/2059/1322 1447/2072/1322 1446/2071/1322
f 1436/2059/1323 1437/2060/1323 1448/2073/1323 1447/2072/1323
f 1437/2060/1324 1438/2061/1324 1449/2074/1324 1448/2073/1324
f 1438/2061/1325 1439/2062/1325 1450/2075/1325 1449/2074/1325
f 1439/2062/1326 1440/2066/1326 1451/2076/1326 1450/2075/1326
f 1440/2063/1327 1441/2065/1327 1452/1942/1327 1451/1930/1327
f 1441/2065/1328 1211/1811/1328 1212/1810/1328 1452/1942/1328
f 1212/2077/1329 1332/2078/1329 1452/2079/1329
f 1453/154/1330 1456/153/1330 1467/2080/1330 1466/2081/1330
f 1456/153/1331 1457/152/1331 1468/2082/1331 1467/2083/1331
f 1457/152/1332 1458/151/1332 1469/2084/1332 1468/2082/1332
f 1458/151/1333 1459/150/1333 1470/2085/1333 1469/2084/1333
f 1459/150/1334 1460/149/1334 1471/2086/1334 1470/2085/1334
f 1460/149/1335 1461/148/1335 1472/2087/1335 1471/2086/1335
f 1461/148/1336 1462/147/1336 1473/2088/1336 1472/2087/1336
f 1462/147/1337 1463/146/1337 1474/2089/1337 1473/2088/1337
f 1463/146/1338 1464/145/1338 1475/2090/1338 1474/2089/1338
f 1464/145/1339 1465/144/1339 1476/2091/1339 1475/2090/1339
f 1465/144/1340 1685/143/1340 1686/2092/1340 1476/2091/1340
f 1466/2093/1341 1467/2083/1341 1478/2094/1341 1477/2095/1341
f 1467/2080/1342 1468/2082/1342 1479/2096/1342 1478/2097/1342
f 1468/2082/1343 1469/2084/1343 1480/2098/1343 1479/2099/1343
f 1469/2084/1344 1470/2085/1344 1481/2100/1344 1480/2098/1344
f 1470/2085/1345 1471/2086/1345 1482/2101/1345 1481/2100/1345
f 1471/2086/1346 1472/2087/1346 1483/2102/1346 1482/2101/1346
f 1472/2087/1347 1473/2088/1347 1484/2103/1347 1483/2102/1347
f 1473/2088/1348 1474/2089/1348 1485/2104/1348 1484/2103/1348
f 1474/2089/1349 1475/2090/1349 1486/2105/1349 1485/2104/1349
f 1475/2090/1350 1476/2091/1350 1487/2106/1350 1486/2105/1350
f 1476/2091/1351 1686/2092/1351 1687/2107/1351 1487/2106/1351
f 1477/2095/1352 1478/2094/1352 1489/2108/1352 1488/2109/1352
f 1478/2094/1353 1479/2099/1353 1490/2110/1353 1489/2108/1353
f 1479/2096/1354 1480/2098/1354 1491/2111/1354 1490/2112/1354
f 1480/2098/1355 1481/2100/1355 1492/2113/1355 1491/2114/1355
f 1481/2100/1356 1482/2101/1356 1493/2115/1356 1492/2113/1356
f 1482/2101/1357 1483/2102/1357 1494/2116/1357 1493/2115/1357
f 1483/2102/1358 1484/2103/1358 1495/2117/1358 1494/2116/1358
f 1484/2103/1359 1485/2104/1359 1496/2118/1359 1495/2117/1359
f 1485/2104/1360 1486/2105/1360 1497/2119/1360 1496/2118/1360
f 1486/2105/1361 1487/2106/1361 1498/2120/1361 1497/2119/1361
f 1487/2106/1362 1687/2107/1362 1688/2121/1362 1498/2120/1362
f 1488/2109/1363 1489/2108/1363 1500/2122/1363 1499/2123/1363
f 1489/2108/1364 1490/2110/1364 1501/2124/1364 1500/2122/1364
f 1490/2110/1365 1491/2114/1365 1502/2125/1365 1501/2124/1365
f 1491/2111/1366 1492/2113/1366 1503/2126/1366 1502/2127/1366
f 1492/2113/1367 1493/2115/1367 1504/2128/1367 1503/2129/1367
f 1493/2115/1368 1494/2116/1368 1505/2130/1368 1504/2128/1368
f 1494/2116/1369 1495/2117/1369 1506/2131/1369 1505/2130/1369
f 1495/2117/1370 1496/2118/1370 1507/2132/1370 1506/2131/1370
f 1496/2118/1371 1497/2119/1371 1508/2133/1371 1507/2132/1371
f 1497/2119/1372 1498/2120/1372 1509/2134/1372 1508/2133/1372
f 1498/2120/1373 1688/2121/1373 1689/2135/1373 1509/2134/1373
f 1499/2123/1374 1500/2122/1374 1511/2136/1374 1510/2137/1374
f 1500/2122/1375 1501/2124/1375 1512/2138/1375 1511/2136/1375
f 1501/2124/1376 1502/2125/1376 1513/2139/1376 1512/2138/1376
f 1502/2125/1377 1503/2129/1377 1514/2140/1377 1513/2139/1377
f 1503/2126/1378 1504/2128/1378 1515/2141/1378 1514/2142/1378
f 1504/2128/1379 1505/2130/1379 1516/2143/1379 1515/2144/1379
f 1505/2130/1380 1506/2131/1380 1517/2145/1380 1516/2143/1380
f 1506/2131/1381 1507/2132/1381 1518/2146/1381 1517/2145/1381
f 1507/2132/1382 1508/2133/1382 1519/2147/1382 1518/2146/1382
f 1508/2133/1383 1509/2134/1383 1520/2148/1383 1519/2147/1383
f 1509/2134/1384 1689/2135/1384 1690/2149/1384 1520/2148/1384
f 1510/2137/1385 1511/2136/1385 1522/2150/1385 1521/2151/1385
f 1511/2136/1386 1512/2138/1386 1523/2152/1386 1522/2150/1386
f 1512/2138/1387 1513/2139/1387 1524/2153/1387 1523/2152/1387
f 1513/2139/1388 1514/2140/1388 1525/2154/1388 1524/2153/1388
f 1514/2140/1389 1515/2144/1389 1526/2155/1389 1525/2154/1389
f 1515/2141/1390 1516/2143/1390 1527/2156/1390 1526/2157/1390
f 1516/2143/1391 1517/2145/1391 1528/2158/1391 1527/2159/1391
f 1517/2145/1392 1518/2146/1392 1529/2160/1392 1528/2158/1392
f 1518/2146/1393 1519/2147/1393 1530/2161/1393 1529/2160/1393
f 1519/2147/1394 1520/2148/1394 1531/2162/1394 1530/2161/1394
f 1520/2148/1395 1690/2149/1395 1691/2163/1395 1531/2162/1395
f 1521/2151/1396 1522/2150/1396 1533/2164/1396 1532/2165/1396
f 1522/2150/1397 1523/2152/1397 1534/2166/1397 1533/2164/1397
f 1523/2152/1398 1524/2153/1398 1535/2167/1398 1534/2166/1398
f 1524/2153/1399 1525/2154/1399 1536/2168/1399 1535/2167/1399
f 1525/2154/1400 1526/2155/1400 1537/2169/1400 1536/2168/1400
f 1526/2155/1401 1527/2159/1401 1538/2170/1401 1537/2169/1401
f 1527/2156/1402 1528/2158/1402 1539/2171/1402 1538/2172/1402
f 1528/2158/1403 1529/2160/1403 1540/2173/1403 1539/2174/1403
f 1529/2160/1404 1530/2161/1404 1541/2175/1404 1540/2173/1404
f 1530/2161/1405 1531/2162/1405 1542/2176/1405 1541/2175/1405
f 1531/2162/1406 1691/2163/1406 1692/2177/1406 1542/2176/1406
f 1532/2165/1407 1533/2164/1407 1544/2178/1407 1543/2179/1407
f 1533/2164/1408 1534/2166/1408 1545/2180/1408 1544/2178/1408
f 1534/2166/1409 1535/2167/1409 1546/2181/1409 1545/2180/1409
f 1535/2167/1410 1536/2168/1410 1547/2182/1410 1546/2181/1410
f 1536/2168/1411 1537/2169/1411 1548/2183/1411 1547/2182/1411
f 1537/2169/1412 1538/2170/1412 1549/2184/1412 1548/2183/1412
f 1538/2170/1413 1539/2174/1413 1550/2185/1413 1549/2184/1413
f 1539/2171/1414 1540/2173/1414 1551/2186/1414 1550/2187/1414
f 1540/2173/1415 1541/2175/1415 1552/2188/1415 1551/2189/1415
f 1541/2175/1416 1542/2176/1416 1553/2190/1416 1552/2188/1416
f 1542/2176/1417 1692/2177/1417 1693/2191/1417 1553/2190/1417
f 1543/2179/1418 1544/2178/1418 1555/2192/1418 1554/2193/1418
f 1544/2178/1419 1545/2180/1419 1556/2194/1419 1555/2192/1419
f 1545/2180/1420 1546/2181/1420 1557/2195/1420 1556/2194/1420
f 1546/2181/1421 1547/2182/1421 1558/2196/1421 1557/2195/1421
f 1547/2182/1422 1548/2183/1422 1559/2197/1422 1558/2196/1422
f 1548/2183/1423 1549/2184/1423 1560/2198/1423 1559/2197/1423
f 1549/2184/1424 1550/2185/1424 1561/2199/1424 1560/2198/1424
f 1550/2185/1425 1551/2189/1425 1562/2200/1425 1561/2199/1425
f 1551/2186/1426 1552/2188/1426 1563/2201/1426 1562/2202/1426
f 1552/2188/1427 1553/2190/1427 1564/2203/1427 1563/2204/1427
f 1553/2190/1428 1693/2191/1428 1694/2205/1428 1564/2203/1428
f 1554/2193/1429 1555/2192/1429 1566/2206/1429 1565/2207/1429
f 1555/2192/1430 1556/2194/1430 1567/2208/1430 1566/2206/1430
f 1556/2194/1431 1557/2195/1431 1568/2209/1431 1567/2208/1431
f 1557/2195/1432 1558/2196/1432 1569/2210/1432 1568/2209/1432
f 1558/2196/1433 1559/2197/1433 1570/2211/1433 1569/2210/1433
f 1559/2197/1434 1560/2198/1434 1571/2212/1434 1570/2211/1434
f 1560/2198/1435 1561/2199/1435 1572/2213/1435 1571/2212/1435
f 1561/2199/1436 1562/2200/1436 1573/2214/1436 1572/2213/1436
f 1562/2200/1437 1563/2204/1437 1574/2215/1437 1573/2214/1437
f 1563/2201/1438 1564/2203/1438 1575/2216/1438 1574/2217/1438
f 1564/2203/1439 1694/2205/1439 1695/2218/1439 1575/2216/1439
f 1454/2219/1440 1576/307/1440 1587/2220/1440 1586/2221/1440
f 1576/307/1441 1577/306/1441 1588/2222/1441 1587/2223/1441
f 1577/306/1442 1578/305/1442 1589/2224/1442 1588/2222/1442
f 1578/305/1443 1579/304/1443 1590/2225/1443 1589/2224/1443
f 1579/304/1444 1580/303/1444 1591/2226/1444 1590/2225/1444
f 1580/303/1445 1581/302/1445 1592/2227/1445 1591/2226/1445
f 1581/302/1446 1582/301/1446 1593/2228/1446 1592/2227/1446
f 1582/301/1447 1583/300/1447 1594/2229/1447 1593/2228/1447
f 1583/300/1448 1584/299/1448 1595/2230/1448 1594/2229/1448
f 1584/299/1449 1585/298/1449 1596/2231/1449 1595/2230/1449
f 1585/298/1450 1805/297/1450 1806/2232/1450 1596/2231/1450
f 1586/2221/1451 1587/2223/1451 1598/2233/1451 1597/2234/1451
f 1587/2220/1452 1588/2222/1452 1599/2235/1452 1598/2233/1452
f 1588/2222/1453 1589/2224/1453 1600/2236/1453 1599/2237/1453
f 1589/2224/1454 1590/2225/1454 1601/2238/1454 1600/2236/1454
f 1590/2225/1455 1591/2226/1455 1602/2239/1455 1601/2238/1455
f 1591/2226/1456 1592/2227/1456 1603/2240/1456 1602/2239/1456
f 1592/2227/1457 1593/2228/1457 1604/2241/1457 1603/2240/1457
f 1593/2228/1458 1594/2229/1458 1605/2242/1458 1604/2241/1458
f 1594/2229/1459 1595/2230/1459 1606/2243/1459 1605/2242/1459
f 1595/2230/1460 1596/2231/1460 1607/2244/1460 1606/2243/1460
f 1596/2231/1461 1806/2232/1461 1807/2245/1461 1607/2244/1461
f 1597/2234/1462 1598/2233/1462 1609/2246/1462 1608/2247/1462
f 1598/2233/1463 1599/2237/1463 1610/2248/1463 1609/2246/1463
f 1599/2235/1464 1600/2236/1464 1611/2249/1464 1610/2248/1464
f 1600/2236/1465 1601/2238/1465 1612/2250/1465 1611/2251/1465
f 1601/2238/1466 1602/2239/1466 1613/2252/1466 1612/2250/1466
f 1602/2239/1467 1603/2240/1467 1614/2253/1467 1613/2252/1467
f 1603/2240/1468 1604/2241/1468 1615/2254/1468 1614/2253/1468
f 1604/2241/1469 1605/2242/1469 1616/2255/1469 1615/2254/1469
f 1605/2242/1470 1606/2243/1470 1617/2256/1470 1616/2255/1470
f 1606/2243/1471 1607/2244/1471 1618/2257/1471 1617/2256/1471
f 1607/2244/1472 1807/2245/1472 1808/2258/1472 1618/2257/1472
f 1608/2247/1473 1609/2246/1473 1620/2259/1473 1619/2260/1473
f 1609/2246/1474 1610/2248/1474 1621/2261/1474 1620/2259/1474
f 1610/2248/1475 1611/2251/1475 1622/2262/1475 1621/2261/1475
f 1611/2249/1476 1612/2250/1476 1623/2263/1476 1622/2262/1476
f 1612/2250/1477 1613/2252/1477 1624/2264/1477 1623/2265/1477
f 1613/2252/1478 1614/2253/1478 1625/2266/1478 1624/2264/1478
f 1614/2253/1479 1615/2254/1479 1626/2267/1479 1625/2266/1479
f 1615/2254/1480 1616/2255/1480 1627/2268/1480 1626/2267/1480
f 1616/2255/1481 1617/2256/1481 1628/2269/1481 1627/2268/1481
f 1617/2256/1482 1618/2257/1482 1629/2270/1482 1628/2269/1482
f 1618/2257/1483 1808/2258/1483 1809/2271/1483 1629/2270/1483
f 1619/2260/1484 1620/2259/1484 1631/2272/1484 1630/2273/1484
f 1620/2259/1485 1621/2261/1485 1632/2274/1485 1631/2272/1485
f 1621/2261/1486 1622/2262/1486 1633/2275/1486 1632/2274/1486
f 1622/2262/1487 1623/2265/1487 1634/2276/1487 1633/2275/1487
f 1623/2263/1488 1624/2264/1488 1635/2277/1488 1634/2276/1488
f 1624/2264/1489 1625/2266/1489 1636/2278/1489 1635/2279/1489
f 1625/2266/1490 1626/2267/1490 1637/2280/1490 1636/2278/1490
f 1626/2267/1491 1627/2268/1491 1638/2281/1491 1637/2280/1491
f 1627/2268/1492 1628/2269/1492 1639/2282/1492 1638/2281/1492
f 1628/2269/1493 1629/2270/1493 1640/2283/1493 1639/2282/1493
f 1629/2270/1494 1809/2271/1494 1810/2284/1494 1640/2283/1494
f 1630/2273/1495 1631/2272/1495 1642/2285/1495 1641/2286/1495
f 1631/2272/1496 1632/2274/1496 1643/2287/1496 1642/2285/1496
f 1632/2274/1497 1633/2275/1497 1644/2288/1497 1643/2287/1497
f 1633/2275/1498 1634/2276/1498 1645/2289/1498 1644/2288/1498
f 1634/2276/1499 1635/2279/1499 1646/2290/1499 1645/2289/1499
f 1635/2277/1500 1636/2278/1500 1647/2291/1500 1646/2290/1500
f 1636/2278/1501 1637/2280/1501 1648/2292/1501 1647/2293/1501
f 1637/2280/1502 1638/2281/1502 1649/2294/1502 1648/2292/1502
f 1638/2281/1503 1639/2282/1503 1650/2295/1503 1649/2294/1503
f 1639/2282/1504 1640/2283/1504 1651/2296/1504 1650/2295/1504
f 1640/2283/1505 1810/2284/1505 1811/2297/1505 1651/2296/1505
f 1641/2286/1506 1642/2285/1506 1653/2298/1506 1652/2299/1506
f 1642/2285/1507 1643/2287/1507 1654/2300/1507 1653/2298/1507
f 1643/2287/1508 1644/2288/1508 1655/2301/1508 1654/2300/1508
f 1644/2288/1509 1645/2289/1509 1656/2302/1509 1655/2301/1509
f 1645/2289/1510 1646/2290/1510 1657/2303/1510 1656/2302/1510
f 1646/2290/1511 1647/2293/1511 1658/2304/1511 1657/2303/1511
f 1647/2291/1512 1648/2292/1512 1659/2305/1512 1658/2304/1512
f 1648/2292/1513 1649/2294/1513 1660/2306/1513 1659/2307/1513
f 1649/2294/1514 1650/2295/1514 1661/2308/1514 1660/2306/1514
f 1650/2295/1515 1651/2296/1515 1662/2309/1515 1661/2308/1515
f 1651/2296/1516 1811/2297/1516 1812/2310/1516 1662/2309/1516
f 1652/2299/1517 1653/2298/1517 1664/2311/1517 1663/2312/1517
f 1653/2298/1518 1654/2300/1518 1665/2313/1518 1664/2311/1518
f 1654/2300/1519 1655/2301/1519 1666/2314/1519 1665/2313/1519
f 1655/2301/1520 1656/2302/1520 1667/2315/1520 1666/2314/1520
f 1656/2302/1521 1657/2303/1521 1668/2316/1521 1667/2315/1521
f 1657/2303/1522 1658/2304/1522 1669/2317/1522 1668/2316/1522
f 1658/2304/1523 1659/2307/1523 1670/2318/1523 1669/2317/1523
f 1659/2305/1524 1660/2306/1524 1671/2319/1524 1670/2318/1524
f 1660/2306/1525 1661/2308/1525 1672/2320/1525 1671/2321/1525
f 1661/2308/1526 1662/2309/1526 1673/2322/1526 1672/2320/1526
f 1662/2309/1527 1812/2310/1527 1813/2323/1527 1673/2322/1527
f 1663/2312/1528 1664/2311/1528 1675/2324/1528 1674/2325/1528
f 1664/2311/1529 1665/2313/1529 1676/2326/1529 1675/2324/1529
f 1665/2313/1530 1666/2314/1530 1677/2327/1530 1676/2326/1530
f 1666/2314/1531 1667/2315/1531 1678/2328/1531 1677/2327/1531
f 1667/2315/1532 1668/2316/1532 1679/2329/1532 1678/2328/1532
f 1668/2316/1533 1669/2317/1533 1680/2330/1533 1679/2329/1533
f 1669/2317/1534 1670/2318/1534 1681/2331/1534 1680/2330/1534
f 1670/2318/1535 1671/2321/1535 1682/2332/1535 1681/2331/1535
f 1671/2319/1536 1672/2320/1536 1683/2333/1536 1682/2332/1536
f 1672/2320/1537 1673/2322/1537 1684/2334/1537 1683/2335/1537
f 1673/2322/1538 1813/2323/1538 1814/2336/1538 1684/2334/1538
f 1674/2325/1539 1675/2324/1539 1686/2337/1539 1685/2338/1539
f 1675/2324/1540 1676/2326/1540 1687/2339/1540 1686/2337/1540
f 1676/2326/1541 1677/2327/1541 1688/2340/1541 1687/2339/1541
f 1677/2327/1542 1678/2328/1542 1689/2341/1542 1688/2340/1542
f 1678/2328/1543 1679/2329/1543 1690/2342/1543 1689/2341/1543
f 1679/2329/1544 1680/2330/1544 1691/2343/1544 1690/2342/1544
f 1680/2330/1545 1681/2331/1545 1692/2344/1545 1691/2343/1545
f 1681/2331/1546 1682/2332/1546 1693/2345/1546 1692/2344/1546
f 1682/2332/1547 1683/2335/1547 1694/2346/1547 1693/2345/1547
f 1683/2333/1548 1684/2334/1548 1695/2347/1548 1694/2346/1548
f 1684/2334/1549 1814/2336/1549 1815/2348/1549 1695/2347/1549
f 1455/2349/1550 1696/2350/1550 1707/2351/1550 1706/2352/1550
f 1696/2350/1551 1697/2353/1551 1708/2354/1551 1707/2355/1551
f 1697/2353/1552 1698/2356/1552 1709/2357/1552 1708/2354/1552
f 1698/2356/1553 1699/2358/1553 1710/2359/1553 1709/2357/1553
f 1699/2358/1554 1700/2360/1554 1711/2361/1554 1710/2359/1554
f 1700/2360/1555 1701/2362/1555 1712/2363/1555 1711/2361/1555
f 1701/2362/1556 1702/2364/1556 1713/2365/1556 1712/2363/1556
f 1702/2364/1557 1703/2366/1557 1714/2367/1557 1713/2365/1557
f 1703/2366/1558 1704/2368/1558 1715/2369/1558 1714/2367/1558
f 1704/2368/1559 1705/2370/1559 1716/2371/1559 1715/2369/1559
f 1705/2370/1560 1565/2372/1560 1566/2373/1560 1716/2371/1560
f 1706/2352/1561 1707/2355/1561 1718/2374/1561 1717/2375/1561
f 1707/2351/1562 1708/2354/1562 1719/2376/1562 1718/2374/1562
f 1708/2354/1563 1709/2357/1563 1720/2377/1563 1719/2378/1563
f 1709/2357/1564 1710/2359/1564 1721/2379/1564 1720/2377/1564
f 1710/2359/1565 1711/2361/1565 1722/2380/1565 1721/2379/1565
f 1711/2361/1566 1712/2363/1566 1723/2381/1566 1722/2380/1566
f 1712/2363/1567 1713/2365/1567 1724/2382/1567 1723/2381/1567
f 1713/2365/1568 1714/2367/1568 1725/2383/1568 1724/2382/1568
f 1714/2367/1569 1715/2369/1569 1726/2384/1569 1725/2383/1569
f 1715/2369/1570 1716/2371/1570 1727/2385/1570 1726/2384/1570
f 1716/2371/1571 1566/2373/1571 1567/2386/1571 1727/2385/1571
f 1717/2375/1572 1718/2374/1572 1729/2387/1572 1728/2388/1572
f 1718/2374/1573 1719/2378/1573 1730/2389/1573 1729/2387/1573
f 1719/2376/1574 1720/2377/1574 1731/2390/1574 1730/2389/1574
f 1720/2377/1575 1721/2379/1575 1732/2391/1575 1731/2392/1575
f 1721/2379/1576 1722/2380/1576 1733/2393/1576 1732/2391/1576
f 1722/2380/1577 1723/2381/1577 1734/2394/1577 1733/2393/1577
f 1723/2381/1578 1724/2382/1578 1735/2395/1578 1734/2394/1578
f 1724/2382/1579 1725/2383/1579 1736/2396/1579 1735/2395/1579
f 1725/2383/1580 1726/2384/1580 1737/2397/1580 1736/2396/1580
f 1726/2384/1581 1727/2385/1581 1738/2398/1581 1737/2397/1581
f 1727/2385/1582 1567/2386/1582 1568/2399/1582 1738/2398/1582
f 1728/2388/1583 1729/2387/1583 1740/2400/1583 1739/2401/1583
f 1729/2387/1584 1730/2389/1584 1741/2402/1584 1740/2400/1584
f 1730/2389/1585 1731/2392/1585 1742/2403/1585 1741/2402/1585
f 1731/2390/1586 1732/2391/1586 1743/2404/1586 1742/2403/1586
f 1732/2391/1587 1733/2393/1587 1744/2405/1587 1743/2406/1587
f 1733/2393/1588 1734/2394/1588 1745/2407/1588 1744/2405/1588
f 1734/2394/1589 1735/2395/1589 1746/2408/1589 1745/2407/1589
f 1735/2395/1590 1736/2396/1590 1747/2409/1590 1746/2408/1590
f 1736/2396/1591 1737/2397/1591 1748/2410/1591 1747/2409/1591
f 1737/2397/1592 1738/2398/1592 1749/2411/1592 1748/2410/1592
f 1738/2398/1593 1568/2399/1593 1569/2412/1593 1749/2411/1593
f 1739/2401/1594 1740/2400/1594 1751/2413/1594 1750/2414/1594
f 1740/2400/1595 1741/2402/1595 1752/2415/1595 1751/2413/1595
f 1741/2402/1596 1742/2403/1596 1753/2416/1596 1752/2415/1596
f 1742/2403/1597 1743/2406/1597 1754/2417/1597 1753/2416/1597
f 1743/2404/1598 1744/2405/1598 1755/2418/1598 1754/2417/1598
f 1744/2405/1599 1745/2407/1599 1756/2419/1599 1755/2420/1599
f 1745/2407/1600 1746/2408/1600 1757/2421/1600 1756/2419/1600
f 1746/2408/1601 1747/2409/1601 1758/2422/1601 1757/2421/1601
f 1747/2409/1602 1748/2410/1602 1759/2423/1602 1758/2422/1602
f 1748/2410/1603 1749/2411/1603 1760/2424/1603 1759/2423/1603
f 1749/2411/1604 1569/2412/1604 1570/2425/1604 1760/2424/1604
f 1750/2414/1605 1751/2413/1605 1762/2426/1605 1761/2427/1605
f 1751/2413/1606 1752/2415/1606 1763/2428/1606 1762/2426/1606
f 1752/2415/1607 1753/2416/1607 1764/2429/1607 1763/2428/1607
f 1753/2416/1608 1754/2417/1608 1765/2430/1608 1764/2429/1608
f 1754/2417/1609 1755/2420/1609 1766/2431/1609 1765/2430/1609
f 1755/2418/1610 1756/2419/1610 1767/2432/1610 1766/2431/1610
f 1756/2419/1611 1757/2421/1611 1768/2433/1611 1767/2434/1611
f 1757/2421/1612 1758/2422/1612 1769/2435/1612 1768/2433/1612
f 1758/2422/1613 1759/2423/1613 1770/2436/1613 1769/2435/1613
f 1759/2423/1614 1760/2424/1614 1771/2437/1614 1770/2436/1614
f 1760/2424/1615 1570/2425/1615 1571/2438/1615 1771/2437/1615
f 1761/2427/1616 1762/2426/1616 1773/2439/1616 1772/2440/1616
f 1762/2426/1617 1763/2428/1617 1774/2441/1617 1773/2439/1617
f 1763/2428/1618 1764/2429/1618 1775/2442/1618 1774/2441/1618
f 1764/2429/1619 1765/2430/1619 1776/2443/1619 1775/2442/1619
f 1765/2430/1620 1766/2431/1620 1777/2444/1620 1776/2443/1620
f 1766/2431/1621 1767/2434/1621 1778/2445/1621 1777/2444/1621
f 1767/2432/1622 1768/2433/1622 1779/2446/1622 1778/2445/1622
f 1768/2433/1623 1769/2435/1623 1780/2447/1623 1779/2448/1623
f 1769/2435/1624 1770/2436/1624 1781/2449/1624 1780/2447/1624
f 1770/2436/1625 1771/2437/1625 1782/2450/1625 1781/2449/1625
f 1771/2437/1626 1571/2438/1626 1572/2451/1626 1782/2450/1626
f 1772/2440/1627 1773/2439/1627 1784/2452/1627 1783/2453/1627
f 1773/2439/1628 1774/2441/1628 1785/2454/1628 1784/2452/1628
f 1774/2441/1629 1775/2442/1629 1786/2455/1629 1785/2454/1629
f 1775/2442/1630 1776/2443/1630 1787/2456/1630 1786/2455/1630
f 1776/2443/1631 1777/2444/1631 1788/2457/1631 1787/2456/1631
f 1777/2444/1632 1778/2445/1632 1789/2458/1632 1788/2457/1632
f 1778/2445/1633 1779/2448/1633 1790/2459/1633 1789/2458/1633
f 1779/2446/1634 1780/2447/1634 1791/2460/1634 1790/2459/1634
f 1780/2447/1635 1781/2449/1635 1792/2461/1635 1791/2462/1635
f 1781/2449/1636 1782/2450/1636 1793/2463/1636 1792/2461/1636
f 1782/2450/1637 1572/2451/1637 1573/2464/1637 1793/2463/1637
f 1783/2453/1638 1784/2452/1638 1795/2465/1638 1794/2466/1638
f 1784/2452/1639 1785/2454/1639 1796/2467/1639 1795/2465/1639
f 1785/2454/1640 1786/2455/1640 1797/2468/1640 1796/2467/1640
f 1786/2455/1641 1787/2456/1641 1798/2469/1641 1797/2468/1641
f 1787/2456/1642 1788/2457/1642 1799/2470/1642 1798/2469/1642
f 1788/2457/1643 1789/2458/1643 1800/2471/1643 1799/2470/1643
f 1789/2458/1644 1790/2459/1644 1801/2472/1644 1800/2471/1644
f 1790/2459/1645 1791/2462/1645 1802/2473/1645 1801/2472/1645
f 1791/2460/1646 1792/2461/1646 1803/2474/1646 1802/2473/1646
f 1792/2461/1647 1793/2463/1647 1804/2475/1647 1803/2476/1647
f 1793/2463/1648 1573/2464/1648 1574/2217/1648 1804/2475/1648
f 1794/2466/1649 1795/2465/1649 1806/2477/1649 1805/2478/1649
f 1795/2465/1650 1796/2467/1650 1807/2479/1650 1806/2477/1650
f 1796/2467/1651 1797/2468/1651 1808/2480/1651 1807/2479/1651
f 1797/2468/1652 1798/2469/1652 1809/2481/1652 1808/2480/1652
f 1798/2469/1653 1799/2470/1653 1810/2482/1653 1809/2481/1653
f 1799/2470/1654 1800/2471/1654 1811/2483/1654 1810/2482/1654
f 1800/2471/1655 1801/2472/1655 1812/2484/1655 1811/2483/1655
f 1801/2472/1656 1802/2473/1656 1813/2485/1656 1812/2484/1656
f 1802/2473/1657 1803/2476/1657 1814/2486/1657 1813/2485/1657
f 1803/2474/1658 1804/2475/1658 1815/2487/1658 1814/2486/1658
f 1804/2475/1659 1574/2217/1659 1575/2216/1659 1815/2487/1659
f 1575/2488/1660 1695/2489/1660 1815/2490/1660
f 1816/155/1661 1819/2491/1661 1830/2492/1661 1829/156/1661
f 1819/2491/1662 1820/2493/1662 1831/2494/1662 1830/2495/1662
f 1820/2493/1663 1821/2496/1663 1832/2497/1663 1831/2494/1663
f 1821/2496/1664 1822/2498/1664 1833/2499/1664 1832/2497/1664
f 1822/2498/1665 1823/2500/1665 1834/2501/1665 1833/2499/1665
f 1823/2500/1666 1824/2502/1666 1835/2503/1666 1834/2501/1666
f 1824/2502/1667 1825/2504/1667 1836/2505/1667 1835/2503/1667
f 1825/2504/1668 1826/2506/1668 1837/2507/1668 1836/2505/1668
f 1826/2506/1669 1827/2508/1669 1838/2509/1669 1837/2507/1669
f 1827/2508/1670 1828/2510/1670 1839/2511/1670 1838/2509/1670
f 1828/2510/1671 2048/2512/1671 2049/2513/1671 1839/2511/1671
f 1829/2514/1672 1830/2495/1672 1841/2515/1672 1840/2516/1672
f 1830/2492/1673 1831/2494/1673 1842/2517/1673 1841/2518/1673
f 1831/2494/1674 1832/2497/1674 1843/2519/1674 1842/2520/1674
f 1832/2497/1675 1833/2499/1675 1844/2521/1675 1843/2519/1675
f 1833/2499/1676 1834/2501/1676 1845/2522/1676 1844/2521/1676
f 1834/2501/1677 1835/2503/1677 1846/2523/1677 1845/2522/1677
f 1835/2503/1678 1836/2505/1678 1847/2524/1678 1846/2523/1678
f 1836/2505/1679 1837/2507/1679 1848/2525/1679 1847/2524/1679
f 1837/2507/1680 1838/2509/1680 1849/2526/1680 1848/2525/1680
f 1838/2509/1681 1839/2511/1681 1850/2527/1681 1849/2526/1681
f 1839/2511/1682 2049/2513/1682 2050/2528/1682 1850/2527/1682
f 1840/2516/1683 1841/2515/1683 1852/2529/1683 1851/2530/1683
f 1841/2515/1684 1842/2520/1684 1853/2531/1684 1852/2529/1684
f 1842/2517/1685 1843/2519/1685 1854/2532/1685 1853/2533/1685
f 1843/2519/1686 1844/2521/1686 1855/2534/1686 1854/2535/1686
f 1844/2521/1687 1845/2522/1687 1856/2536/1687 1855/2534/1687
f 1845/2522/1688 1846/2523/1688 1857/2537/1688 1856/2536/1688
f 1846/2523/1689 1847/2524/1689 1858/2538/1689 1857/2537/1689
f 1847/2524/1690 1848/2525/1690 1859/2539/1690 1858/2538/1690
f 1848/2525/1691 1849/2526/1691 1860/2540/1691 1859/2539/1691
f 1849/2526/1692 1850/2527/1692 1861/2541/1692 1860/2540/1692
f 1850/2527/1693 2050/2528/1693 2051/2542/1693 1861/2541/1693
f 1851/2530/1694 1852/2529/1694 1863/2543/1694 1862/2544/1694
f 1852/2529/1695 1853/2531/1695 1864/2545/1695 1863/2543/1695
f 1853/2531/1696 1854/2535/1696 1865/2546/1696 1864/2545/1696
f 1854/2532/1697 1855/2534/1697 1866/2547/1697 1865/2548/1697
f 1855/2534/1698 1856/2536/1698 1867/2549/1698 1866/2550/1698
f 1856/2536/1699 1857/2537/1699 1868/2551/1699 1867/2549/1699
f 1857/2537/1700 1858/2538/1700 1869/2552/1700 1868/2551/1700
f 1858/2538/1701 1859/2539/1701 1870/2553/1701 1869/2552/1701
f 1859/2539/1702 1860/2540/1702 1871/2554/1702 1870/2553/1702
f 1860/2540/1703 1861/2541/1703 1872/2555/1703 1871/2554/1703
f 1861/2541/1704 2051/2542/1704 2052/2556/1704 1872/2555/1704
f 1862/2544/1705 1863/2543/1705 1874/2557/1705 1873/2558/1705
f 1863/2543/1706 1864/2545/1706 1875/2559/1706 1874/2557/1706
f 1864/2545/1707 1865/2546/1707 1876/2560/1707 1875/2559/1707
f 1865/2546/1708 1866/2550/1708 1877/2561/1708 1876/2560/1708
f 1866/2547/1709 1867/2549/1709 1878/2562/1709 1877/2563/1709
f 1867/2549/1710 1868/2551/1710 1879/2564/1710 1878/2565/1710
f 1868/2551/1711 1869/2552/1711 1880/2566/1711 1879/2564/1711
f 1869/2552/1712 1870/2553/1712 1881/2567/1712 1880/2566/1712
f 1870/2553/1713 1871/2554/1713 1882/2568/1713 1881/2567/1713
f 1871/2554/1714 1872/2555/1714 1883/2569/1714 1882/2568/1714
f 1872/2555/1715 2052/2556/1715 2053/2570/1715 1883/2569/1715
f 1873/2558/1716 1874/2557/1716 1885/2571/1716 1884/2572/1716
f 1874/2557/1717 1875/2559/1717 1886/2573/1717 1885/2571/1717
f 1875/2559/1718 1876/2560/1718 1887/2574/1718 1886/2573/1718
f 1876/2560/1719 1877/2561/1719 1888/2575/1719 1887/2574/1719
f 1877/2561/1720 1878/2565/1720 1889/2576/1720 1888/2575/1720
f 1878/2562/1721 1879/2564/1721 1890/2577/1721 1889/2578/1721
f 1879/2564/1722 1880/2566/1722 1891/2579/1722 1890/2580/1722
f 1880/2566/1723 1881/2567/1723 1892/2581/1723 1891/2579/1723
f 1881/2567/1724 1882/2568/1724 1893/2582/1724 1892/2581/1724
f 1882/2568/1725 1883/2569/1725 1894/2583/1725 1893/2582/1725
f 1883/2569/1726 2053/2570/1726 2054/2584/1726 1894/2583/1726
f 1884/2572/1727 1885/2571/1727 1896/2585/1727 1895/2586/1727
f 1885/2571/1728 1886/2573/1728 1897/2587/1728 1896/2585/1728
f 1886/2573/1729 1887/2574/1729 1898/2588/1729 1897/2587/1729
f 1887/2574/1730 1888/2575/1730 1899/2589/1730 1898/2588/1730
f 1888/2575/1731 1889/2576/1731 1900/2590/1731 1899/2589/1731
f 1889/2576/1732 1890/2580/1732 1901/2591/1732 1900/2590/1732
f 1890/2577/1733 1891/2579/1733 1902/2592/1733 1901/2593/1733
f 1891/2579/1734 1892/2581/1734 1903/2594/1734 1902/2595/1734
f 1892/2581/1735 1893/2582/1735 1904/2596/1735 1903/2594/1735
f 1893/2582/1736 1894/2583/1736 1905/2597/1736 1904/2596/1736
f 1894/2583/1737 2054/2584/1737 2055/2598/1737 1905/2597/1737
f 1895/2586/1738 1896/2585/1738 1907/2599/1738 1906/2600/1738
f 1896/2585/1739 1897/2587/1739 1908/2601/1739 1907/2599/1739
f 1897/2587/1740 1898/2588/1740 1909/2602/1740 1908/2601/1740
f 1898/2588/1741 1899/2589/1741 1910/2603/1741 1909/2602/1741
f 1899/2589/1742 1900/2590/1742 1911/2604/1742 1910/2603/1742
f 1900/2590/1743 1901/2591/1743 1912/2605/1743 1911/2604/1743
f 1901/2591/1744 1902/2595/1744 1913/2606/1744 1912/2605/1744
f 1902/2592/1745 1903/2594/1745 1914/2607/1745 1913/2608/1745
f 1903/2594/1746 1904/2596/1746 1915/2609/1746 1914/2610/1746
f 1904/2596/1747 1905/2597/1747 1916/2611/1747 1915/2609/1747
f 1905/2597/1748 2055/2598/1748 2056/2612/1748 1916/2611/1748
f 1906/2600/1749 1907/2599/1749 1918/2613/1749 1917/2614/1749
f 1907/2599/1750 1908/2601/1750 1919/2615/1750 1918/2613/1750
f 1908/2601/1751 1909/2602/1751 1920/2616/1751 1919/2615/1751
f 1909/2602/1752 1910/2603/1752 1921/2617/1752 1920/2616/1752
f 1910/2603/1753 1911/2604/1753 1922/2618/1753 1921/2617/1753
f 1911/2604/1754 1912/2605/1754 1923/2619/1754 1922/2618/1754
f 1912/2605/1755 1913/2606/1755 1924/2620/1755 1923/2619/1755
f 1913/2606/1756 1914/2610/1756 1925/2621/1756 1924/2620/1756
f 1914/2607/1757 1915/2609/1757 1926/2622/1757 1925/2623/1757
f 1915/2609/1758 1916/2611/1758 1927/2624/1758 1926/2625/1758
f 1916/2611/1759 2056/2612/1759 2057/2626/1759 1927/2624/1759
f 1917/2614/1760 1918/2613/1760 1929/2627/1760 1928/2628/1760
f 1918/2613/1761 1919/2615/1761 1930/2629/1761 1929/2627/1761
f 1919/2615/1762 1920/2616/1762 1931/2630/1762 1930/2629/1762
f 1920/2616/1763 1921/2617/1763 1932/2631/1763 1931/2630/1763
f 1921/2617/1764 1922/2618/1764 1933/2632/1764 1932/2631/1764
f 1922/2618/1765 1923/2619/1765 1934/2633/1765 1933/2632/1765
f 1923/2619/1766 1924/2620/1766 1935/2634/1766 1934/2633/1766
f 1924/2620/1767 1925/2621/1767 1936/2635/1767 1935/2634/1767
f 1925/2621/1768 1926/2625/1768 1937/2636/1768 1936/2635/1768
f 1926/2622/1769 1927/2624/1769 1938/2637/1769 1937/2638/1769
f 1927/2624/1770 2057/2626/1770 2058/2639/1770 1938/2637/1770
f 1817/2640/1771 1939/21/1771 1950/2641/1771 1949/2642/1771
f 1939/21/1772 1940/20/1772 1951/2643/1772 1950/2644/1772
f 1940/20/1773 1941/19/1773 1952/2645/1773 1951/2643/1773
f 1941/19/1774 1942/18/1774 1953/2646/1774 1952/2645/1774
f 1942/18/1775 1943/17/1775 1954/2647/1775 1953/2646/1775
f 1943/17/1776 1944/16/1776 1955/2648/1776 1954/2647/1776
f 1944/16/1777 1945/15/1777 1956/2649/1777 1955/2648/1777
f 1945/15/1778 1946/14/1778 1957/2650/1778 1956/2649/1778
f 1946/14/1779 1947/13/1779 1958/2651/1779 1957/2650/1779
f 1947/13/1780 1948/12/1780 1959/2652/1780 1958/2651/1780
f 1948/12/1781 2168/11/1781 2169/2653/1781 1959/2652/1781
f 1949/2642/1782 1950/2644/1782 1961/2654/1782 1960/2655/1782
f 1950/2641/1783 1951/2643/1783 1962/2656/1783 1961/2654/1783
f 1951/2643/1784 1952/2645/1784 1963/2657/1784 1962/2658/1784
f 1952/2645/1785 1953/2646/1785 1964/2659/1785 1963/2657/1785
f 1953/2646/1786 1954/2647/1786 1965/2660/1786 1964/2659/1786
f 1954/2647/1787 1955/2648/1787 1966/2661/1787 1965/2660/1787
f 1955/2648/1788 1956/2649/1788 1967/2662/1788 1966/2661/1788
f 1956/2649/1789 1957/2650/1789 1968/2663/1789 1967/2662/1789
f 1957/2650/1790 1958/2651/1790 1969/2664/1790 1968/2663/1790
f 1958/2651/1791 1959/2652/1791 1970/2665/1791 1969/2664/1791
f 1959/2652/1792 2169/2653/1792 2170/2666/1792 1970/2665/1792
f 1960/2655/1793 1961/2654/1793 1972/2667/1793 1971/2668/1793
f 1961/2654/1794 1962/2658/1794 1973/2669/1794 1972/2667/1794
f 1962/2656/1795 1963/2657/1795 1974/2670/1795 1973/2669/1795
f 1963/2657/1796 1964/2659/1796 1975/2671/1796 1974/2672/1796
f 1964/2659/1797 1965/2660/1797 1976/2673/1797 1975/2671/1797
f 1965/2660/1798 1966/2661/1798 1977/2674/1798 1976/2673/1798
f 1966/2661/1799 1967/2662/1799 1978/2675/1799 1977/2674/1799
f 1967/2662/1800 1968/2663/1800 1979/2676/1800 1978/2675/1800
f 1968/2663/1801 1969/2664/1801 1980/2677/1801 1979/2676/1801
f 1969/2664/1802 1970/2665/1802 1981/2678/1802 1980/2677/1802
f 1970/2665/1803 2170/2666/1803 2171/2679/1803 1981/2678/1803
f 1971/2668/1804 1972/2667/1804 1983/2680/1804 1982/2681/1804
f 1972/2667/1805 1973/2669/1805 1984/2682/1805 1983/2680/1805
f 1973/2669/1806 1974/2672/1806 1985/2683/1806 1984/2682/1806
f 1974/2670/1807 1975/2671/1807 1986/2684/1807 1985/2683/1807
f 1975/2671/1808 1976/2673/1808 1987/2685/1808 1986/2686/1808
f 1976/2673/1809 1977/2674/1809 1988/2687/1809 1987/2685/1809
f 1977/2674/1810 1978/2675/1810 1989/2688/1810 1988/2687/1810
f 1978/2675/1811 1979/2676/1811 1990/2689/1811 1989/2688/1811
f 1979/2676/1812 1980/2677/1812 1991/2690/1812 1990/2689/1812
f 1980/2677/1813 1981/2678/1813 1992/2691/1813 1991/2690/1813
f 1981/2678/1814 2171/2679/1814 2172/2692/1814 1992/2691/1814
f 1982/2681/1815 1983/2680/1815 1994/2693/1815 1993/2694/1815
f 1983/2680/1816 1984/2682/1816 1995/2695/1816 1994/2693/1816
f 1984/2682/1817 1985/2683/1817 1996/2696/1817 1995/2695/1817
f 1985/2683/1818 1986/2686/1818 1997/2697/1818 1996/2696/1818
f 1986/2684/1819 1987/2685/1819 1998/2698/1819 1997/2697/1819
f 1987/2685/1820 1988/2687/1820 1999/2699/1820 1998/2700/1820
f 1988/2687/1821 1989/2688/1821 2000/2701/1821 1999/2699/1821
f 1989/2688/1822 1990/2689/1822 2001/2702/1822 2000/2701/1822
f 1990/2689/1823 1991/2690/1823 2002/2703/1823 2001/2702/1823
f 1991/2690/1824 1992/2691/1824 2003/2704/1824 2002/2703/1824
f 1992/2691/1825 2172/2692/1825 2173/2705/1825 2003/2704/1825
f 1993/2694/1826 1994/2693/1826 2005/2706/1826 2004/2707/1826
f 1994/2693/1827 1995/2695/1827 2006/2708/1827 2005/2706/1827
f 1995/2695/1828 1996/2696/1828 2007/2709/1828 2006/2708/1828
f 1996/2696/1829 1997/2697/1829 2008/2710/1829 2007/2709/1829
f 1997/2697/1830 1998/2700/1830 2009/2711/1830 2008/2710/1830
f 1998/2698/1831 1999/2699/1831 2010/2712/1831 2009/2711/1831
f 1999/2699/1832 2000/2701/1832 2011/2713/1832 2010/2714/1832
f 2000/2701/1833 2001/2702/1833 2012/2715/1833 2011/2713/1833
f 2001/2702/1834 2002/2703/1834 2013/2716/1834 2012/2715/1834
f 2002/2703/1835 2003/2704/1835 2014/2717/1835 2013/2716/1835
f 2003/2704/1836 2173/2705/1836 2174/2718/1836 2014/2717/1836
f 2004/2707/1837 2005/2706/1837 2016/2719/1837 2015/2720/1837
f 2005/2706/1838 2006/2708/1838 2017/2721/1838 2016/2719/1838
f 2006/2708/1839 2007/2709/1839 2018/2722/1839 2017/2721/1839
f 2007/2709/1840 2008/2710/1840 2019/2723/1840 2018/2722/1840
f 2008/2710/1841 2009/2711/1841 2020/2724/1841 2019/2723/1841
f 2009/2711/1842 2010/2714/1842 2021/2725/1842 2020/2724/1842
f 2010/2712/1843 2011/2713/1843 2022/2726/1843 2021/2725/1843
f 2011/2713/1844 2012/2715/1844 2023/2727/1844 2022/2728/1844
f 2012/2715/1845 2013/2716/1845 2024/2729/1845 2023/2727/1845
f 2013/2716/1846 2014/2717/1846 2025/2730/1846 2024/2729/1846
f 2014/2717/1847 2174/2718/1847 2175/2731/1847 2025/2730/1847
f 2015/2720/1848 2016/2719/1848 2027/2732/1848 2026/2733/1848
f 2016/2719/1849 2017/2721/1849 2028/2734/1849 2027/2732/1849
f 2017/2721/1850 2018/2722/1850 2029/2735/1850 2028/2734/1850
f 2018/2722/1851 2019/2723/1851 2030/2736/1851 2029/2735/1851
f 2019/2723/1852 2020/2724/1852 2031/2737/1852 2030/2736/1852
f 2020/2724/1853 2021/2725/1853 2032/2738/1853 2031/2737/1853
f 2021/2725/1854 2022/2728/1854 2033/2739/1854 2032/2738/1854
f 2022/2726/1855 2023/2727/1855 2034/2740/1855 2033/2739/1855
f 2023/2727/1856 2024/2729/1856 2035/2741/1856 2034/2742/1856
f 2024/2729/1857 2025/2730/1857 2036/2743/1857 2035/2741/1857
f 2025/2730/1858 2175/2731/1858 2176/2744/1858 2036/2743/1858
f 2026/2733/1859 2027/2732/1859 2038/2745/1859 2037/2746/1859
f 2027/2732/1860 2028/2734/1860 2039/2747/1860 2038/2745/1860
f 2028/2734/1861 2029/2735/1861 2040/2748/1861 2039/2747/1861
f 2029/2735/1862 2030/2736/1862 2041/2749/1862 2040/2748/1862
f 2030/2736/1863 2031/2737/1863 2042/2750/1863 2041/2749/1863
f 2031/2737/1864 2032/2738/1864 2043/2751/1864 2042/2750/1864
f 2032/2738/1865 2033/2739/1865 2044/2752/1865 2043/2751/1865
f 2033/2739/1866 2034/2742/1866 2045/2753/1866 2044/2752/1866
f 2034/2740/1867 2035/2741/1867 2046/2754/1867 2045/2753/1867
f 2035/2741/1868 2036/2743/1868 2047/2755/1868 2046/2756/1868
f 2036/2743/1869 2176/2744/1869 2177/2757/1869 2047/2755/1869
f 2037/2746/1870 2038/2745/1870 2049/2758/1870 2048/2759/1870
f 2038/2745/1871 2039/2747/1871 2050/2760/1871 2049/2758/1871
f 2039/2747/1872 2040/2748/1872 2051/2761/1872 2050/2760/1872
f 2040/2748/1873 2041/2749/1873 2052/2762/1873 2051/2761/1873
f 2041/2749/1874 2042/2750/1874 2053/2763/1874 2052/2762/1874
f 2042/2750/1875 2043/2751/1875 2054/2764/1875 2053/2763/1875
f 2043/2751/1876 2044/2752/1876 2055/2765/1876 2054/2764/1876
f 2044/2752/1877 2045/2753/1877 2056/2766/1877 2055/2765/1877
f 2045/2753/1878 2046/2756/1878 2057/2767/1878 2056/2766/1878
f 2046/2754/1879 2047/2755/1879 2058/2768/1879 2057/2767/1879
f 2047/2755/1880 2177/2757/1880 2178/2769/1880 2058/2768/1880
f 1818/176/1881 2059/175/1881 2070/2770/1881 2069/2771/1881
f 2059/175/1882 2060/174/1882 2071/2772/1882 2070/2773/1882
f 2060/174/1883 2061/173/1883 2072/2774/1883 2071/2772/1883
f 2061/173/1884 2062/172/1884 2073/2775/1884 2072/2774/1884
f 2062/172/1885 2063/171/1885 2074/2776/1885 2073/2775/1885
f 2063/171/1886 2064/170/1886 2075/2777/1886 2074/2776/1886
f 2064/170/1887 2065/169/1887 2076/2778/1887 2075/2777/1887
f 2065/169/1888 2066/168/1888 2077/2779/1888 2076/2778/1888
f 2066/168/1889 2067/167/1889 2078/2780/1889 2077/2779/1889
f 2067/167/1890 2068/166/1890 2079/2781/1890 2078/2780/1890
f 2068/166/1891 1928/165/1891 1929/2782/1891 2079/2781/1891
f 2069/2771/1892 2070/2773/1892 2081/2783/1892 2080/2784/1892
f 2070/2770/1893 2071/2772/1893 2082/2785/1893 2081/2783/1893
f 2071/2772/1894 2072/2774/1894 2083/2786/1894 2082/2787/1894
f 2072/2774/1895 2073/2775/1895 2084/2788/1895 2083/2786/1895
f 2073/2775/1896 2074/2776/1896 2085/2789/1896 2084/2788/1896
f 2074/2776/1897 2075/2777/1897 2086/2790/1897 2085/2789/1897
f 2075/2777/1898 2076/2778/1898 2087/2791/1898 2086/2790/1898
f 2076/2778/1899 2077/2779/1899 2088/2792/1899 2087/2791/1899
f 2077/2779/1900 2078/2780/1900 2089/2793/1900 2088/2792/1900
f 2078/2780/1901 2079/2781/1901 2090/2794/1901 2089/2793/1901
f 2079/2781/1902 1929/2782/1902 1930/2795/1902 2090/2794/1902
f 2080/2784/1903 2081/2783/1903 2092/2796/1903 2091/2797/1903
f 2081/2783/1904 2082/2787/1904 2093/2798/1904 2092/2796/1904
f 2082/2785/1905 2083/2786/1905 2094/2799/1905 2093/2798/1905
f 2083/2786/1906 2084/2788/1906 2095/2800/1906 2094/2801/1906
f 2084/2788/1907 2085/2789/1907 2096/2802/1907 2095/2800/1907
f 2085/2789/1908 2086/2790/1908 2097/2803/1908 2096/2802/1908
f 2086/2790/1909 2087/2791/1909 2098/2804/1909 2097/2803/1909
f 2087/2791/1910 2088/2792/1910 2099/2805/1910 2098/2804/1910
f 2088/2792/1911 2089/2793/1911 2100/2806/1911 2099/2805/1911
f 2089/2793/1912 2090/2794/1912 2101/2807/1912 2100/2806/1912
f 2090/2794/1913 1930/2795/1913 1931/2808/1913 2101/2807/1913
f 2091/2797/1914 2092/2796/1914 2103/2809/1914 2102/2810/1914
f 2092/2796/1915 2093/2798/1915 2104/2811/1915 2103/2809/1915
f 2093/2798/1916 2094/2801/1916 2105/2812/1916 2104/2811/1916
f 2094/2799/1917 2095/2800/1917 2106/2813/1917 2105/2812/1917
f 2095/2800/1918 2096/2802/1918 2107/2814/1918 2106/2815/1918
f 2096/2802/1919 2097/2803/1919 2108/2816/1919 2107/2814/1919
f 2097/2803/1920 2098/2804/1920 2109/2817/1920 2108/2816/1920
f 2098/2804/1921 2099/2805/1921 2110/2818/1921 2109/2817/1921
f 2099/2805/1922 2100/2806/1922 2111/2819/1922 2110/2818/1922
f 2100/2806/1923 2101/2807/1923 2112/2820/1923 2111/2819/1923
f 2101/2807/1924 1931/2808/1924 1932/2821/1924 2112/2820/1924
f 2102/2810/1925 2103/2809/1925 2114/2822/1925 2113/2823/1925
f 2103/2809/1926 2104/2811/1926 2115/2824/1926 2114/2822/1926
f 2104/2811/1927 2105/2812/1927 2116/2825/1927 2115/2824/1927
f 2105/2812/1928 2106/2815/1928 2117/2826/1928 2116/2825/1928
f 2106/2813/1929 2107/2814/1929 2118/2827/1929 2117/2826/1929
f 2107/2814/1930 2108/2816/1930 2119/2828/1930 2118/2829/1930
f 2108/2816/1931 2109/2817/1931 2120/2830/1931 2119/2828/1931
f 2109/2817/1932 2110/2818/1932 2121/2831/1932 2120/2830/1932
f 2110/2818/1933 2111/2819/1933 2122/2832/1933 2121/2831/1933
f 2111/2819/1934 2112/2820/1934 2123/2833/1934 2122/2832/1934
f 2112/2820/1935 1932/2821/1935 1933/2834/1935 2123/2833/1935
f 2113/2823/1936 2114/2822/1936 2125/2835/1936 2124/2836/1936
f 2114/2822/1937 2115/2824/1937 2126/2837/1937 2125/2835/1937
f 2115/2824/1938 2116/2825/1938 2127/2838/1938 2126/2837/1938
f 2116/2825/1939 2117/2826/1939 2128/2839/1939 2127/2838/1939
f 2117/2826/1940 2118/2829/1940 2129/2840/1940 2128/2839/1940
f 2118/2827/1941 2119/2828/1941 2130/2841/1941 2129/2840/1941
f 2119/2828/1942 2120/2830/1942 2131/2842/1942 2130/2843/1942
f 2120/2830/1943 2121/2831/1943 2132/2844/1943 2131/2842/1943
f 2121/2831/1944 2122/2832/1944 2133/2845/1944 2132/2844/1944
f 2122/2832/1945 2123/2833/1945 2134/2846/1945 2133/2845/1945
f 2123/2833/1946 1933/2834/1946 1934/2847/1946 2134/2846/1946
f 2124/2836/1947 2125/2835/1947 2136/2848/1947 2135/2849/1947
f 2125/2835/1948 2126/2837/1948 2137/2850/1948 2136/2848/1948
f 2126/2837/1949 2127/2838/1949 2138/2851/1949 2137/2850/1949
f 2127/2838/1950 2128/2839/1950 2139/2852/1950 2138/2851/1950
f 2128/2839/1951 2129/2840/1951 2140/2853/1951 2139/2852/1951
f 2129/2840/1952 2130/2843/1952 2141/2854/1952 2140/2853/1952
f 2130/2841/1953 2131/2842/1953 2142/2855/1953 2141/2854/1953
f 2131/2842/1954 2132/2844/1954 2143/2856/1954 2142/2857/1954
f 2132/2844/1955 2133/2845/1955 2144/2858/1955 2143/2856/1955
f 2133/2845/1956 2134/2846/1956 2145/2859/1956 2144/2858/1956
f 2134/2846/1957 1934/2847/1957 1935/2860/1957 2145/2859/1957
f 2135/2849/1958 2136/2848/1958 2147/2861/1958 2146/2862/1958
f 2136/2848/1959 2137/2850/1959 2148/2863/1959 2147/2861/1959
f 2137/2850/1960 2138/2851/1960 2149/2864/1960 2148/2863/1960
f 2138/2851/1961 2139/2852/1961 2150/2865/1961 2149/2864/1961
f 2139/2852/1962 2140/2853/1962 2151/2866/1962 2150/2865/1962
f 2140/2853/1963 2141/2854/1963 2152/2867/1963 2151/2866/1963
f 2141/2854/1964 2142/2857/1964 2153/2868/1964 2152/2867/1964
f 2142/2855/1965 2143/2856/1965 2154/2869/1965 2153/2868/1965
f 2143/2856/1966 2144/2858/1966 2155/2870/1966 2154/2871/1966
f 2144/2858/1967 2145/2859/1967 2156/2872/1967 2155/2870/1967
f 2145/2859/1968 1935/2860/1968 1936/2873/1968 2156/2872/1968
f 2146/2862/1969 2147/2861/1969 2158/2874/1969 2157/2875/1969
f 2147/2861/1970 2148/2863/1970 2159/2876/1970 2158/2874/1970
f 2148/2863/1971 2149/2864/1971 2160/2877/1971 2159/2876/1971
f 2149/2864/1972 2150/2865/1972 2161/2878/1972 2160/2877/1972
f 2150/2865/1973 2151/2866/1973 2162/2879/1973 2161/2878/1973
f 2151/2866/1974 2152/2867/1974 2163/2880/1974 2162/2879/1974
f 2152/2867/1975 2153/2868/1975 2164/2881/1975 2163/2880/1975
f 2153/2868/1976 2154/2871/1976 2165/2882/1976 2164/2881/1976
f 2154/2869/1977 2155/2870/1977 2166/2883/1977 2165/2882/1977
f 2155/2870/1978 2156/2872/1978 2167/2884/1978 2166/2885/1978
f 2156/2872/1979 1936/2873/1979 1937/2638/1979 2167/2884/1979
f 2157/2875/1980 2158/2874/1980 2169/2886/1980 2168/2887/1980
f 2158/2874/1981 2159/2876/1981 2170/2888/1981 2169/2886/1981
f 2159/2876/1982 2160/2877/1982 2171/2889/1982 2170/2888/1982
f 2160/2877/1983 2161/2878/1983 2172/2890/1983 2171/2889/1983
f 2161/2878/1984 2162/2879/1984 2173/2891/1984 2172/2890/1984
f 2162/2879/1985 2163/2880/1985 2174/2892/1985 2173/2891/1985
f 2163/2880/1986 2164/2881/1986 2175/2893/1986 2174/2892/1986
f 2164/2881/1987 2165/2882/1987 2176/2894/1987 2175/2893/1987
f 2165/2882/1988 2166/2885/1988 2177/2895/1988 2176/2894/1988
f 2166/2883/1989 2167/2884/1989 2178/2896/1989 2177/2895/1989
f 2167/2884/1990 1937/2638/1990 1938/2637/1990 2178/2896/1990
f 1938/2897/1991 2058/2898/1991 2178/2899/1991
f 2179/242/1992 2182/241/1992 2193/2900/1992 2192/2901/1992
f 2182/241/1993 2183/240/1993 2194/2902/1993 2193/2903/1993
f 2183/240/1994 2184/239/1994 2195/2904/1994 2194/2902/1994
f 2184/239/1995 2185/238/1995 2196/2905/1995 2195/2904/1995
f 2185/238/1996 2186/237/1996 2197/2906/1996 2196/2905/1996
f 2186/237/1997 2187/236/1997 2198/2907/1997 2197/2906/1997
f 2187/236/1998 2188/235/1998 2199/2908/1998 2198/2907/1998
f 2188/235/1999 2189/234/1999 2200/2909/1999 2199/2908/1999
f 2189/234/2000 2190/233/2000 2201/2910/2000 2200/2909/2000
f 2190/233/2001 2191/232/2001 2202/2911/2001 2201/2910/2001
f 2191/232/2002 2411/231/2002 2412/2912/2002 2202/2911/2002
f 2192/2901/2003 2193/2903/2003 2204/2913/2003 2203/2914/2003
f 2193/2900/2004 2194/2902/2004 2205/2915/2004 2204/2913/2004
f 2194/2902/2005 2195/2904/2005 2206/2916/2005 2205/2917/2005
f 2195/2904/2006 2196/2905/2006 2207/2918/2006 2206/2916/2006
f 2196/2905/2007 2197/2906/2007 2208/2919/2007 2207/2918/2007
f 2197/2906/2008 2198/2907/2008 2209/2920/2008 2208/2919/2008
f 2198/2907/2009 2199/2908/2009 2210/2921/2009 2209/2920/2009
f 2199/2908/2010 2200/2909/2010 2211/2922/2010 2210/2921/2010
f 2200/2909/2011 2201/2910/2011 2212/2923/2011 2211/2922/2011
f 2201/2910/2012 2202/2911/2012 2213/2924/2012 2212/2923/2012
f 2202/2911/2013 2412/2912/2013 2413/2925/2013 2213/2924/2013
f 2203/2914/2014 2204/2913/2014 2215/2926/2014 2214/2927/2014
f 2204/2913/2015 2205/2917/2015 2216/2928/2015 2215/2926/2015
f 2205/2915/2016 2206/2916/2016 2217/2929/2016 2216/2928/2016
f 2206/2916/2017 2207/2918/2017 2218/2930/2017 2217/2931/2017
f 2207/2918/2018 2208/2919/2018 2219/2932/2018 2218/2930/2018
f 2208/2919/2019 2209/2920/2019 2220/2933/2019 2219/2932/2019
f 2209/2920/2020 2210/2921/2020 2221/2934/2020 2220/2933/2020
f 2210/2921/2021 2211/2922/2021 2222/2935/2021 2221/2934/2021
f 2211/2922/2022 2212/2923/2022 2223/2936/2022 2222/2935/2022
f 2212/2923/2023 2213/2924/2023 2224/2937/2023 2223/2936/2023
f 2213/2924/2024 2413/2925/2024 2414/2938/2024 2224/2937/2024
f 2214/2927/2025 2215/2926/2025 2226/2939/2025 2225/2940/2025
f 2215/2926/2026 2216/2928/2026 2227/2941/2026 2226/2939/2026
f 2216/2928/2027 2217/2931/2027 2228/2942/2027 2227/2941/2027
f 2217/2929/2028 2218/2930/2028 2229/2943/2028 2228/2942/2028
f 2218/2930/2029 2219/2932/2029 2230/2944/2029 2229/2945/2029
f 2219/2932/2030 2220/2933/2030 2231/2946/2030 2230/2944/2030
f 2220/2933/2031 2221/2934/2031 2232/2947/2031 2231/2946/2031
f 2221/2934/2032 2222/2935/2032 2233/2948/2032 2232/2947/2032
f 2222/2935/2033 2223/2936/2033 2234/2949/2033 2233/2948/2033
f 2223/2936/2034 2224/2937/2034 2235/2950/2034 2234/2949/2034
f 2224/2937/2035 2414/2938/2035 2415/2951/2035 2235/2950/2035
f 2225/2940/2036 2226/2939/2036 2237/2952/2036 2236/2953/2036
f 2226/2939/2037 2227/2941/2037 2238/2954/2037 2237/2952/2037
f 2227/2941/2038 2228/2942/2038 2239/2955/2038 2238/2954/2038
f 2228/2942/2039 2229/2945/2039 2240/2956/2039 2239/2955/2039
f 2229/2943/2040 2230/2944/2040 2241/2957/2040 2240/2956/2040
f 2230/2944/2041 2231/2946/2041 2242/2958/2041 2241/2959/2041
f 2231/2946/2042 2232/2947/2042 2243/2960/2042 2242/2958/2042
f 2232/2947/2043 2233/2948/2043 2244/2961/2043 2243/2960/2043
f 2233/2948/2044 2234/2949/2044 2245/2962/2044 2244/2961/2044
f 2234/2949/2045 2235/2950/2045 2246/2963/2045 2245/2962/2045
f 2235/2950/2046 2415/2951/2046 2416/2964/2046 2246/2963/2046
f 2236/2953/2047 2237/2952/2047 2248/2965/2047 2247/2966/2047
f 2237/2952/2048 2238/2954/2048 2249/2967/2048 2248/2965/2048
f 2238/2954/2049 2239/2955/2049 2250/2968/2049 2249/2967/2049
f 2239/2955/2050 2240/2956/2050 2251/2969/2050 2250/2968/2050
f 2240/2956/2051 2241/2959/2051 2252/2970/2051 2251/2969/2051
f 2241/2957/2052 2242/2958/2052 2253/2971/2052 2252/2970/2052
f 2242/2958/2053 2243/2960/2053 2254/2972/2053 2253/2973/2053
f 2243/2960/2054 2244/2961/2054 2255/2974/2054 2254/2972/2054
f 2244/2961/2055 2245/2962/2055 2256/2975/2055 2255/2974/2055
f 2245/2962/2056 2246/2963/2056 2257/2976/2056 2256/2975/2056
f 2246/2963/2057 2416/2964/2057 2417/2977/2057 2257/2976/2057
f 2247/2966/2058 2248/2965/2058 2259/2978/2058 2258/2979/2058
f 2248/2965/2059 2249/2967/2059 2260/2980/2059 2259/2978/2059
f 2249/2967/2060 2250/2968/2060 2261/2981/2060 2260/2980/2060
f 2250/2968/2061 2251/2969/2061 2262/2982/2061 2261/2981/2061
f 2251/2969/2062 2252/2970/2062 2263/2983/2062 2262/2982/2062
f 2252/2970/2063 2253/2973/2063 2264/2984/2063 2263/2983/2063
f 2253/2971/2064 2254/2972/2064 2265/2985/2064 2264/2984/2064
f 2254/2972/2065 2255/2974/2065 2266/2986/2065 2265/2987/2065
f 2255/2974/2066 2256/2975/2066 2267/2988/2066 2266/2986/2066
f 2256/2975/2067 2257/2976/2067 2268/2989/2067 2267/2988/2067
f 2257/2976/2068 2417/2977/2068 2418/2990/2068 2268/2989/2068
f 2258/2979/2069 2259/2978/2069 2270/2991/2069 2269/2992/2069
f 2259/2978/2070 2260/2980/2070 2271/2993/2070 2270/2991/2070
f 2260/2980/2071 2261/2981/2071 2272/2994/2071 2271/2993/2071
f 2261/2981/2072 2262/2982/2072 2273/2995/2072 2272/2994/2072
f 2262/2982/2073 2263/2983/2073 2274/2996/2073 2273/2995/2073
f 2263/2983/2074 2264/2984/2074 2275/2997/2074 2274/2996/2074
f 2264/2984/2075 2265/2987/2075 2276/2998/2075 2275/2997/2075
f 2265/2985/2076 2266/2986/2076 2277/2999/2076 2276/2998/2076
f 2266/2986/2077 2267/2988/2077 2278/3000/2077 2277/3001/2077
f 2267/2988/2078 2268/2989/2078 2279/3002/2078 2278/3000/2078
f 2268/2989/2079 2418/2990/2079 2419/3003/2079 2279/3002/2079
f 2269/2992/2080 2270/2991/2080 2281/3004/2080 2280/3005/2080
f 2270/2991/2081 2271/2993/2081 2282/3006/2081 2281/3004/2081
f 2271/2993/2082 2272/2994/2082 2283/3007/2082 2282/3006/2082
f 2272/2994/2083 2273/2995/2083 2284/3008/2083 2283/3007/2083
f 2273/2995/2084 2274/2996/2084 2285/3009/2084 2284/3008/2084
f 2274/2996/2085 2275/2997/2085 2286/3010/2085 2285/3009/2085
f 2275/2997/2086 2276/2998/2086 2287/3011/2086 2286/3010/2086
f 2276/2998/2087 2277/3001/2087 2288/3012/2087 2287/3011/2087
f 2277/2999/2088 2278/3000/2088 2289/3013/2088 2288/3012/2088
f 2278/3000/2089 2279/3002/2089 2290/3014/2089 2289/3015/2089
f 2279/3002/2090 2419/3003/2090 2420/3016/2090 2290/3014/2090
f 2280/3005/2091 2281/3004/2091 2292/3017/2091 2291/3018/2091
f 2281/3004/2092 2282/3006/2092 2293/3019/2092 2292/3017/2092
f 2282/3006/2093 2283/3007/2093 2294/3020/2093 2293/3019/2093
f 2283/3007/2094 2284/3008/2094 2295/3021/2094 2294/3020/2094
f 2284/3008/2095 2285/3009/2095 2296/3022/2095 2295/3021/2095
f 2285/3009/2096 2286/3010/2096 2297/3023/2096 2296/3022/2096
f 2286/3010/2097 2287/3011/2097 2298/3024/2097 2297/3023/2097
f 2287/3011/2098 2288/3012/2098 2299/3025/2098 2298/3024/2098
f 2288/3012/2099 2289/3015/2099 2300/3026/2099 2299/3025/2099
f 2289/3013/2100 2290/3014/2100 2301/3027/2100 2300/3026/2100
f 2290/3014/2101 2420/3016/2101 2421/3028/2101 2301/3027/2101
f 2180/3029/2102 2302/329/2102 2313/3030/2102 2312/3031/2102
f 2302/329/2103 2303/328/2103 2314/3032/2103 2313/3033/2103
f 2303/328/2104 2304/327/2104 2315/3034/2104 2314/3032/2104
f 2304/327/2105 2305/326/2105 2316/3035/2105 2315/3034/2105
f 2305/326/2106 2306/325/2106 2317/3036/2106 2316/3035/2106
f 2306/325/2107 2307/324/2107 2318/3037/2107 2317/3036/2107
f 2307/324/2108 2308/323/2108 2319/3038/2108 2318/3037/2108
f 2308/323/2109 2309/322/2109 2320/3039/2109 2319/3038/2109
f 2309/322/2110 2310/321/2110 2321/3040/2110 2320/3039/2110
f 2310/321/2111 2311/320/2111 2322/3041/2111 2321/3040/2111
f 2311/320/2112 2531/319/2112 2532/3042/2112 2322/3041/2112
f 2312/3031/2113 2313/3033/2113 2324/3043/2113 2323/3044/2113
f 2313/3030/2114 2314/3032/2114 2325/3045/2114 2324/3043/2114
f 2314/3032/2115 2315/3034/2115 2326/3046/2115 2325/3047/2115
f 2315/3034/2116 2316/3035/2116 2327/3048/2116 2326/3046/2116
f 2316/3035/2117 2317/3036/2117 2328/3049/2117 2327/3048/2117
f 2317/3036/2118 2318/3037/2118 2329/3050/2118 2328/3049/2118
f 2318/3037/2119 2319/3038/2119 2330/3051/2119 2329/3050/2119
f 2319/3038/2120 2320/3039/2120 2331/3052/2120 2330/3051/2120
f 2320/3039/2121 2321/3040/2121 2332/3053/2121 2331/3052/2121
f 2321/3040/2122 2322/3041/2122 2333/3054/2122 2332/3053/2122
f 2322/3041/2123 2532/3042/2123 2533/3055/2123 2333/3054/2123
f 2323/3044/2124 2324/3043/2124 2335/3056/2124 2334/3057/2124
f 2324/3043/2125 2325/3047/2125 2336/3058/2125 2335/3056/2125
f 2325/3045/2126 2326/3046/2126 2337/3059/2126 2336/3058/2126
f 2326/3046/2127 2327/3048/2127 2338/3060/2127 2337/3061/2127
f 2327/3048/2128 2328/3049/2128 2339/3062/2128 2338/3060/2128
f 2328/3049/2129 2329/3050/2129 2340/3063/2129 2339/3062/2129
f 2329/3050/2130 2330/3051/2130 2341/3064/2130 2340/3063/2130
f 2330/3051/2131 2331/3052/2131 2342/3065/2131 2341/3064/2131
f 2331/3052/2132 2332/3053/2132 2343/3066/2132 2342/3065/2132
f 2332/3053/2133 2333/3054/2133 2344/3067/2133 2343/3066/2133
f 2333/3054/2134 2533/3055/2134 2534/3068/2134 2344/3067/2134
f 2334/3057/2135 2335/3056/2135 2346/3069/2135 2345/3070/2135
f 2335/3056/2136 2336/3058/2136 2347/3071/2136 2346/3069/2136
f 2336/3058/2137 2337/3061/2137 2348/3072/2137 2347/3071/2137
f 2337/3059/2138 2338/3060/2138 2349/3073/2138 2348/3072/2138
f 2338/3060/2139 2339/3062/2139 2350/3074/2139 2349/3075/2139
f 2339/3062/2140 2340/3063/2140 2351/3076/2140 2350/3074/2140
f 2340/3063/2141 2341/3064/2141 2352/3077/2141 2351/3076/2141
f 2341/3064/2142 2342/3065/2142 2353/3078/2142 2352/3077/2142
f 2342/3065/2143 2343/3066/2143 2354/3079/2143 2353/3078/2143
f 2343/3066/2144 2344/3067/2144 2355/3080/2144 2354/3079/2144
f 2344/3067/2145 2534/3068/2145 2535/3081/2145 2355/3080/2145
f 2345/3070/2146 2346/3069/2146 2357/3082/2146 2356/3083/2146
f 2346/3069/2147 2347/3071/2147 2358/3084/2147 2357/3082/2147
f 2347/3071/2148 2348/3072/2148 2359/3085/2148 2358/3084/2148
f 2348/3072/2149 2349/3075/2149 2360/3086/2149 2359/3085/2149
f 2349/3073/2150 2350/3074/2150 2361/3087/2150 2360/3086/2150
f 2350/3074/2151 2351/3076/2151 2362/3088/2151 2361/3089/2151
f 2351/3076/2152 2352/3077/2152 2363/3090/2152 2362/3088/2152
f 2352/3077/2153 2353/3078/2153 2364/3091/2153 2363/3090/2153
f 2353/3078/2154 2354/3079/2154 2365/3092/2154 2364/3091/2154
f 2354/3079/2155 2355/3080/2155 2366/3093/2155 2365/3092/2155
f 2355/3080/2156 2535/3081/2156 2536/3094/2156 2366/3093/2156
f 2356/3083/2157 2357/3082/2157 2368/3095/2157 2367/3096/2157
f 2357/3082/2158 2358/3084/2158 2369/3097/2158 2368/3095/2158
f 2358/3084/2159 2359/3085/2159 2370/3098/2159 2369/3097/2159
f 2359/3085/2160 2360/3086/2160 2371/3099/2160 2370/3098/2160
f 2360/3086/2161 2361/3089/2161 2372/3100/2161 2371/3099/2161
f 2361/3087/2162 2362/3088/2162 2373/3101/2162 2372/3100/2162
f 2362/3088/2163 2363/3090/2163 2374/3102/2163 2373/3103/2163
f 2363/3090/2164 2364/3091/2164 2375/3104/2164 2374/3102/2164
f 2364/3091/2165 2365/3092/2165 2376/3105/2165 2375/3104/2165
f 2365/3092/2166 2366/3093/2166 2377/3106/2166 2376/3105/2166
f 2366/3093/2167 2536/3094/2167 2537/3107/2167 2377/3106/2167
f 2367/3096/2168 2368/3095/2168 2379/3108/2168 2378/3109/2168
f 2368/3095/2169 2369/3097/2169 2380/3110/2169 2379/3108/2169
f 2369/3097/2170 2370/3098/2170 2381/3111/2170 2380/3110/2170
f 2370/3098/2171 2371/3099/2171 2382/3112/2171 2381/3111/2171
f 2371/3099/2172 2372/3100/2172 2383/3113/2172 2382/3112/2172
f 2372/3100/2173 2373/3103/2173 2384/3114/2173 2383/3113/2173
f 2373/3101/2174 2374/3102/2174 2385/3115/2174 2384/3114/2174
f 2374/3102/2175 2375/3104/2175 2386/3116/2175 2385/3117/2175
f 2375/3104/2176 2376/3105/2176 2387/3118/2176 2386/3116/2176
f 2376/3105/2177 2377/3106/2177 2388/3119/2177 2387/3118/2177
f 2377/3106/2178 2537/3107/2178 2538/3120/2178 2388/3119/2178
f 2378/3109/2179 2379/3108/2179 2390/3121/2179 2389/3122/2179
f 2379/3108/2180 2380/3110/2180 2391/3123/2180 2390/3121/2180
f 2380/3110/2181 2381/3111/2181 2392/3124/2181 2391/3123/2181
f 2381/3111/2182 2382/3112/2182 2393/3125/2182 2392/3124/2182
f 2382/3112/2183 2383/3113/2183 2394/3126/2183 2393/3125/2183
f 2383/3113/2184 2384/3114/2184 2395/3127/2184 2394/3126/2184
f 2384/3114/2185 2385/3117/2185 2396/3128/2185 2395/3127/2185
f 2385/3115/2186 2386/3116/2186 2397/3129/2186 2396/3128/2186
f 2386/3116/2187 2387/3118/2187 2398/3130/2187 2397/3131/2187
f 2387/3118/2188 2388/3119/2188 2399/3132/2188 2398/3130/2188
f 2388/3119/2189 2538/3120/2189 2539/3133/2189 2399/3132/2189
f 2389/3122/2190 2390/3121/2190 2401/3134/2190 2400/3135/2190
f 2390/3121/2191 2391/3123/2191 2402/3136/2191 2401/3134/2191
f 2391/3123/2192 2392/3124/2192 2403/3137/2192 2402/3136/2192
f 2392/3124/2193 2393/3125/2193 2404/3138/2193 2403/3137/2193
f 2393/3125/2194 2394/3126/2194 2405/3139/2194 2404/3138/2194
f 2394/3126/2195 2395/3127/2195 2406/3140/2195 2405/3139/2195
f 2395/3127/2196 2396/3128/2196 2407/3141/2196 2406/3140/2196
f 2396/3128/2197 2397/3131/2197 2408/3142/2197 2407/3141/2197
f 2397/3129/2198 2398/3130/2198 2409/3143/2198 2408/3142/2198
f 2398/3130/2199 2399/3132/2199 2410/3144/2199 2409/3145/2199
f 2399/3132/2200 2539/3133/2200 2540/3146/2200 2410/3144/2200
f 2400/3135/2201 2401/3134/2201 2412/3147/2201 2411/3148/2201
f 2401/3134/2202 2402/3136/2202 2413/3149/2202 2412/3147/2202
f 2402/3136/2203 2403/3137/2203 2414/3150/2203 2413/3149/2203
f 2403/3137/2204 2404/3138/2204 2415/3151/2204 2414/3150/2204
f 2404/3138/2205 2405/3139/2205 2416/3152/2205 2415/3151/2205
f 2405/3139/2206 2406/3140/2206 2417/3153/2206 2416/3152/2206
f 2406/3140/2207 2407/3141/2207 2418/3154/2207 2417/3153/2207
f 2407/3141/2208 2408/3142/2208 2419/3155/2208 2418/3154/2208
f 2408/3142/2209 2409/3145/2209 2420/3156/2209 2419/3155/2209
f 2409/3143/2210 2410/3144/2210 2421/3157/2210 2420/3156/2210
f 2410/3144/2211 2540/3146/2211 2541/3158/2211 2421/3157/2211
f 2181/132/2212 2422/131/2212 2433/3159/2212 2432/3160/2212
f 2422/131/2213 2423/130/2213 2434/3161/2213 2433/3162/2213
f 2423/130/2214 2424/129/2214 2435/3163/2214 2434/3161/2214
f 2424/129/2215 2425/128/2215 2436/3164/2215 2435/3163/2215
f 2425/128/2216 2426/127/2216 2437/3165/2216 2436/3164/2216
f 2426/127/2217 2427/126/2217 2438/3166/2217 2437/3165/2217
f 2427/126/2218 2428/125/2218 2439/3167/2218 2438/3166/2218
f 2428/125/2219 2429/124/2219 2440/3168/2219 2439/3167/2219
f 2429/124/2220 2430/123/2220 2441/3169/2220 2440/3168/2220
f 2430/123/2221 2431/122/2221 2442/3170/2221 2441/3169/2221
f 2431/122/2222 2291/121/2222 2292/3171/2222 2442/3170/2222
f 2432/3160/2223 2433/3162/2223 2444/3172/2223 2443/3173/2223
f 2433/3159/2224 2434/3161/2224 2445/3174/2224 2444/3172/2224
f 2434/3161/2225 2435/3163/2225 2446/3175/2225 2445/3176/2225
f 2435/3163/2226 2436/3164/2226 2447/3177/2226 2446/3175/2226
f 2436/3164/2227 2437/3165/2227 2448/3178/2227 2447/3177/2227
f 2437/3165/2228 2438/3166/2228 2449/3179/2228 2448/3178/2228
f 2438/3166/2229 2439/3167/2229 2450/3180/2229 2449/3179/2229
f 2439/3167/2230 2440/3168/2230 2451/3181/2230 2450/3180/2230
f 2440/3168/2231 2441/3169/2231 2452/3182/2231 2451/3181/2231
f 2441/3169/2232 2442/3170/2232 2453/3183/2232 2452/3182/2232
f 2442/3170/2233 2292/3171/2233 2293/3184/2233 2453/3183/2233
f 2443/3173/2234 2444/3172/2234 2455/3185/2234 2454/3186/2234
f 2444/3172/2235 2445/3176/2235 2456/3187/2235 2455/3185/2235
f 2445/3174/2236 2446/3175/2236 2457/3188/2236 2456/3187/2236
f 2446/3175/2237 2447/3177/2237 2458/3189/2237 2457/3190/2237
f 2447/3177/2238 2448/3178/2238 2459/3191/2238 2458/3189/2238
f 2448/3178/2239 2449/3179/2239 2460/3192/2239 2459/3191/2239
f 2449/3179/2240 2450/3180/2240 2461/3193/2240 2460/3192/2240
f 2450/3180/2241 2451/3181/2241 2462/3194/2241 2461/3193/2241
f 2451/3181/2242 2452/3182/2242 2463/3195/2242 2462/3194/2242
f 2452/3182/2243 2453/3183/2243 2464/3196/2243 2463/3195/2243
f 2453/3183/2244 2293/3184/2244 2294/3197/2244 2464/3196/2244
f 2454/3186/2245 2455/3185/2245 2466/3198/2245 2465/3199/2245
f 2455/3185/2246 2456/3187/2246 2467/3200/2246 2466/3198/2246
f 2456/3187/2247 2457/3190/2247 2468/3201/2247 2467/3200/2247
f 2457/3188/2248 2458/3189/2248 2469/3202/2248 2468/3201/2248
f 2458/3189/2249 2459/3191/2249 2470/3203/2249 2469/3204/2249
f 2459/3191/2250 2460/3192/2250 2471/3205/2250 2470/3203/2250
f 2460/3192/2251 2461/3193/2251 2472/3206/2251 2471/3205/2251
f 2461/3193/2252 2462/3194/2252 2473/3207/2252 2472/3206/2252
f 2462/3194/2253 2463/3195/2253 2474/3208/2253 2473/3207/2253
f 2463/3195/2254 2464/3196/2254 2475/3209/2254 2474/3208/2254
f 2464/3196/2255 2294/3197/2255 2295/3210/2255 2475/3209/2255
f 2465/3199/2256 2466/3198/2256 2477/3211/2256 2476/3212/2256
f 2466/3198/2257 2467/3200/2257 2478/3213/2257 2477/3211/2257
f 2467/3200/2258 2468/3201/2258 2479/3214/2258 2478/3213/2258
f 2468/3201/2259 2469/3204/2259 2480/3215/2259 2479/3214/2259
f 2469/3202/2260 2470/3203/2260 2481/3216/2260 2480/3215/2260
f 2470/3203/2261 2471/3205/2261 2482/3217/2261 2481/3218/2261
f 2471/3205/2262 2472/3206/2262 2483/3219/2262 2482/3217/2262
f 2472/3206/2263 2473/3207/2263 2484/3220/2263 2483/3219/2263
f 2473/3207/2264 2474/3208/2264 2485/3221/2264 2484/3220/2264
f 2474/3208/2265 2475/3209/2265 2486/3222/2265 2485/3221/2265
f 2475/3209/2266 2295/3210/2266 2296/3223/2266 2486/3222/2266
f 2476/3212/2267 2477/3211/2267 2488/3224/2267 2487/3225/2267
f 2477/3211/2268 2478/3213/2268 2489/3226/2268 2488/3224/2268
f 2478/3213/2269 2479/3214/2269 2490/3227/2269 2489/3226/2269
f 2479/3214/2270 2480/3215/2270 2491/3228/2270 2490/3227/2270
f 2480/3215/2271 2481/3218/2271 2492/3229/2271 2491/3228/2271
f 2481/3216/2272 2482/3217/2272 2493/3230/2272 2492/3229/2272
f 2482/3217/2273 2483/3219/2273 2494/3231/2273 2493/3232/2273
f 2483/3219/2274 2484/3220/2274 2495/3233/2274 2494/3231/2274
f 2484/3220/2275 2485/3221/2275 2496/3234/2275 2495/3233/2275
f 2485/3221/2276 2486/3222/2276 2497/3235/2276 2496/3234/2276
f 2486/3222/2277 2296/3223/2277 2297/3236/2277 2497/3235/2277
f 2487/3225/2278 2488/3224/2278 2499/3237/2278 2498/3238/2278
f 2488/3224/2279 2489/3226/2279 2500/3239/2279 2499/3237/2279
f 2489/3226/2280 2490/3227/2280 2501/3240/2280 2500/3239/2280
f 2490/3227/2281 2491/3228/2281 2502/3241/2281 2501/3240/2281
f 2491/3228/2282 2492/3229/2282 2503/3242/2282 2502/3241/2282
f 2492/3229/2283 2493/3232/2283 2504/3243/2283 2503/3242/2283
f 2493/3230/2284 2494/3231/2284 2505/3244/2284 2504/3243/2284
f 2494/3231/2285 2495/3233/2285 2506/3245/2285 2505/3246/2285
f 2495/3233/2286 2496/3234/2286 2507/3247/2286 2506/3245/2286
f 2496/3234/2287 2497/3235/2287 2508/3248/2287 2507/3247/2287
f 2497/3235/2288 2297/3236/2288 2298/3249/2288 2508/3248/2288
f 2498/3238/2289 2499/3237/2289 2510/3250/2289 2509/3251/2289
f 2499/3237/2290 2500/3239/2290 2511/3252/2290 2510/3250/2290
f 2500/3239/2291 2501/3240/2291 2512/3253/2291 2511/3252/2291
f 2501/3240/2292 2502/3241/2292 2513/3254/2292 2512/3253/2292
f 2502/3241/2293 2503/3242/2293 2514/3255/2293 2513/3254/2293
f 2503/3242/2294 2504/3243/2294 2515/3256/2294 2514/3255/2294
f 2504/3243/2295 2505/3246/2295 2516/3257/2295 2515/3256/2295
f 2505/3244/2296 2506/3245/2296 2517/3258/2296 2516/3257/2296
f 2506/3245/2297 2507/3247/2297 2518/3259/2297 2517/3260/2297
f 2507/3247/2298 2508/3248/2298 2519/3261/2298 2518/3259/2298
f 2508/3248/2299 2298/3249/2299 2299/3262/2299 2519/3261/2299
f 2509/3251/2300 2510/3250/2300 2521/3263/2300 2520/3264/2300
f 2510/3250/2301 2511/3252/2301 2522/3265/2301 2521/3263/2301
f 2511/3252/2302 2512/3253/2302 2523/3266/2302 2522/3265/2302
f 2512/3253/2303 2513/3254/2303 2524/3267/2303 2523/3266/2303
f 2513/3254/2304 2514/3255/2304 2525/3268/2304 2524/3267/2304
f 2514/3255/2305 2515/3256/2305 2526/3269/2305 2525/3268/2305
f 2515/3256/2306 2516/3257/2306 2527/3270/2306 2526/3269/2306
f 2516/3257/2307 2517/3260/2307 2528/3271/2307 2527/3270/2307
f 2517/3258/2308 2518/3259/2308 2529/3272/2308 2528/3271/2308
f 2518/3259/2309 2519/3261/2309 2530/3273/2309 2529/3274/2309
f 2519/3261/2310 2299/3262/2310 2300/3275/2310 2530/3273/2310
f 2520/3264/2311 2521/3263/2311 2532/3276/2311 2531/3277/2311
f 2521/3263/2312 2522/3265/2312 2533/3278/2312 2532/3276/2312
f 2522/3265/2313 2523/3266/2313 2534/3279/2313 2533/3278/2313
f 2523/3266/2314 2524/3267/2314 2535/3280/2314 2534/3279/2314
f 2524/3267/2315 2525/3268/2315 2536/3281/2315 2535/3280/2315
f 2525/3268/2316 2526/3269/2316 2537/3282/2316 2536/3281/2316
f 2526/3269/2317 2527/3270/2317 2538/3283/2317 2537/3282/2317
f 2527/3270/2318 2528/3271/2318 2539/3284/2318 2538/3283/2318
f 2528/3271/2319 2529/3274/2319 2540/3285/2319 2539/3284/2319
f 2529/3272/2320 2530/3273/2320 2541/3286/2320 2540/3285/2320
f 2530/3273/2321 2300/3275/2321 2301/3287/2321 2541/3286/2321
f 2301/3288/2322 2421/3289/2322 2541/3290/2322
f 2542/264/2323 2545/263/2323 2556/3291/2323 2555/3292/2323
f 2545/263/2324 2546/262/2324 2557/3293/2324 2556/3294/2324
f 2546/262/2325 2547/261/2325 2558/3295/2325 2557/3293/2325
f 2547/261/2326 2548/260/2326 2559/3296/2326 2558/3295/2326
f 2548/260/2327 2549/259/2327 2560/3297/2327 2559/3296/2327
f 2549/259/2328 2550/258/2328 2561/3298/2328 2560/3297/2328
f 2550/258/2329 2551/257/2329 2562/3299/2329 2561/3298/2329
f 2551/257/2330 2552/256/2330 2563/3300/2330 2562/3299/2330
f 2552/256/2331 2553/255/2331 2564/3301/2331 2563/3300/2331
f 2553/255/2332 2554/254/2332 2565/3302/2332 2564/3301/2332
f 2554/254/2333 2774/253/2333 2775/3303/2333 2565/3302/2333
f 2555/3292/2334 2556/3294/2334 2567/3304/2334 2566/3305/2334
f 2556/3291/2335 2557/3293/2335 2568/3306/2335 2567/3304/2335
f 2557/3293/2336 2558/3295/2336 2569/3307/2336 2568/3308/2336
f 2558/3295/2337 2559/3296/2337 2570/3309/2337 2569/3307/2337
f 2559/3296/2338 2560/3297/2338 2571/3310/2338 2570/3309/2338
f 2560/3297/2339 2561/3298/2339 2572/3311/2339 2571/3310/2339
f 2561/3298/2340 2562/3299/2340 2573/3312/2340 2572/3311/2340
f 2562/3299/2341 2563/3300/2341 2574/3313/2341 2573/3312/2341
f 2563/3300/2342 2564/3301/2342 2575/3314/2342 2574/3313/2342
f 2564/3301/2343 2565/3302/2343 2576/3315/2343 2575/3314/2343
f 2565/3302/2344 2775/3303/2344 2776/3316/2344 2576/3315/2344
f 2566/3305/2345 2567/3304/2345 2578/3317/2345 2577/3318/2345
f 2567/3304/2346 2568/3308/2346 2579/3319/2346 2578/3317/2346
f 2568/3306/2347 2569/3307/2347 2580/3320/2347 2579/3319/2347
f 2569/3307/2348 2570/3309/2348 2581/3321/2348 2580/3322/2348
f 2570/3309/2349 2571/3310/2349 2582/3323/2349 2581/3321/2349
f 2571/3310/2350 2572/3311/2350 2583/3324/2350 2582/3323/2350
f 2572/3311/2351 2573/3312/2351 2584/3325/2351 2583/3324/2351
f 2573/3312/2352 2574/3313/2352 2585/3326/2352 2584/3325/2352
f 2574/3313/2353 2575/3314/2353 2586/3327/2353 2585/3326/2353
f 2575/3314/2354 2576/3315/2354 2587/3328/2354 2586/3327/2354
f 2576/3315/2355 2776/3316/2355 2777/3329/2355 2587/3328/2355
f 2577/3318/2356 2578/3317/2356 2589/3330/2356 2588/3331/2356
f 2578/3317/2357 2579/3319/2357 2590/3332/2357 2589/3330/2357
f 2579/3319/2358 2580/3322/2358 2591/3333/2358 2590/3332/2358
f 2580/3320/2359 2581/3321/2359 2592/3334/2359 2591/3333/2359
f 2581/3321/2360 2582/3323/2360 2593/3335/2360 2592/3336/2360
f 2582/3323/2361 2583/3324/2361 2594/3337/2361 2593/3335/2361
f 2583/3324/2362 2584/3325/2362 2595/3338/2362 2594/3337/2362
f 2584/3325/2363 2585/3326/2363 2596/3339/2363 2595/3338/2363
f 2585/3326/2364 2586/3327/2364 2597/3340/2364 2596/3339/2364
f 2586/3327/2365 2587/3328/2365 2598/3341/2365 2597/3340/2365
f 2587/3328/2366 2777/3329/2366 2778/3342/2366 2598/3341/2366
f 2588/3331/2367 2589/3330/2367 2600/3343/2367 2599/3344/2367
f 2589/3330/2368 2590/3332/2368 2601/3345/2368 2600/3343/2368
f 2590/3332/2369 2591/3333/2369 2602/3346/2369 2601/3345/2369
f 2591/3333/2370 2592/3336/2370 2603/3347/2370 2602/3346/2370
f 2592/3334/2371 2593/3335/2371 2604/3348/2371 2603/3347/2371
f 2593/3335/2372 2594/3337/2372 2605/3349/2372 2604/3350/2372
f 2594/3337/2373 2595/3338/2373 2606/3351/2373 2605/3349/2373
f 2595/3338/2374 2596/3339/2374 2607/3352/2374 2606/3351/2374
f 2596/3339/2375 2597/3340/2375 2608/3353/2375 2607/3352/2375
f 2597/3340/2376 2598/3341/2376 2609/3354/2376 2608/3353/2376
f 2598/3341/2377 2778/3342/2377 2779/3355/2377 2609/3354/2377
f 2599/3344/2378 2600/3343/2378 2611/3356/2378 2610/3357/2378
f 2600/3343/2379 2601/3345/2379 2612/3358/2379 2611/3356/2379
f 2601/3345/2380 2602/3346/2380 2613/3359/2380 2612/3358/2380
f 2602/3346/2381 2603/3347/2381 2614/3360/2381 2613/3359/2381
f 2603/3347/2382 2604/3350/2382 2615/3361/2382 2614/3360/2382
f 2604/3348/2383 2605/3349/2383 2616/3362/2383 2615/3361/2383
f 2605/3349/2384 2606/3351/2384 2617/3363/2384 2616/3364/2384
f 2606/3351/2385 2607/3352/2385 2618/3365/2385 2617/3363/2385
f 2607/3352/2386 2608/3353/2386 2619/3366/2386 2618/3365/2386
f 2608/3353/2387 2609/3354/2387 2620/3367/2387 2619/3366/2387
f 2609/3354/2388 2779/3355/2388 2780/3368/2388 2620/3367/2388
f 2610/3357/2389 2611/3356/2389 2622/3369/2389 2621/3370/2389
f 2611/3356/2390 2612/3358/2390 2623/3371/2390 2622/3369/2390
f 2612/3358/2391 2613/3359/2391 2624/3372/2391 2623/3371/2391
f 2613/3359/2392 2614/3360/2392 2625/3373/2392 2624/3372/2392
f 2614/3360/2393 2615/3361/2393 2626/3374/2393 2625/3373/2393
f 2615/3361/2394 2616/3364/2394 2627/3375/2394 2626/3374/2394
f 2616/3362/2395 2617/3363/2395 2628/3376/2395 2627/3375/2395
f 2617/3363/2396 2618/3365/2396 2629/3377/2396 2628/3378/2396
f 2618/3365/2397 2619/3366/2397 2630/3379/2397 2629/3377/2397
f 2619/3366/2398 2620/3367/2398 2631/3380/2398 2630/3379/2398
f 2620/3367/2399 2780/3368/2399 2781/3381/2399 2631/3380/2399
f 2621/3370/2400 2622/3369/2400 2633/3382/2400 2632/3383/2400
f 2622/3369/2401 2623/3371/2401 2634/3384/2401 2633/3382/2401
f 2623/3371/2402 2624/3372/2402 2635/3385/2402 2634/3384/2402
f 2624/3372/2403 2625/3373/2403 2636/3386/2403 2635/3385/2403
f 2625/3373/2404 2626/3374/2404 2637/3387/2404 2636/3386/2404
f 2626/3374/2405 2627/3375/2405 2638/3388/2405 2637/3387/2405
f 2627/3375/2406 2628/3378/2406 2639/3389/2406 2638/3388/2406
f 2628/3376/2407 2629/3377/2407 2640/3390/2407 2639/3389/2407
f 2629/3377/2408 2630/3379/2408 2641/3391/2408 2640/3392/2408
f 2630/3379/2409 2631/3380/2409 2642/3393/2409 2641/3391/2409
f 2631/3380/2410 2781/3381/2410 2782/3394/2410 2642/3393/2410
f 2632/3383/2411 2633/3382/2411 2644/3395/2411 2643/3396/2411
f 2633/3382/2412 2634/3384/2412 2645/3397/2412 2644/3395/2412
f 2634/3384/2413 2635/3385/2413 2646/3398/2413 2645/3397/2413
f 2635/3385/2414 2636/3386/2414 2647/3399/2414 2646/3398/2414
f 2636/3386/2415 2637/3387/2415 2648/3400/2415 2647/3399/2415
f 2637/3387/2416 2638/3388/2416 2649/3401/2416 2648/3400/2416
f 2638/3388/2417 2639/3389/2417 2650/3402/2417 2649/3401/2417
f 2639/3389/2418 2640/3392/2418 2651/3403/2418 2650/3402/2418
f 2640/3390/2419 2641/3391/2419 2652/3404/2419 2651/3403/2419
f 2641/3391/2420 2642/3393/2420 2653/3405/2420 2652/3406/2420
f 2642/3393/2421 2782/3394/2421 2783/3407/2421 2653/3405/2421
f 2643/3396/2422 2644/3395/2422 2655/3408/2422 2654/3409/2422
f 2644/3395/2423 2645/3397/2423 2656/3410/2423 2655/3408/2423
f 2645/3397/2424 2646/3398/2424 2657/3411/2424 2656/3410/2424
f 2646/3398/2425 2647/3399/2425 2658/3412/2425 2657/3411/2425
f 2647/3399/2426 2648/3400/2426 2659/3413/2426 2658/3412/2426
f 2648/3400/2427 2649/3401/2427 2660/3414/2427 2659/3413/2427
f 2649/3401/2428 2650/3402/2428 2661/3415/2428 2660/3414/2428
f 2650/3402/2429 2651/3403/2429 2662/3416/2429 2661/3415/2429
f 2651/3403/2430 2652/3406/2430 2663/3417/2430 2662/3416/2430
f 2652/3404/2431 2653/3405/2431 2664/3418/2431 2663/3417/2431
f 2653/3405/2432 2783/3407/2432 2784/3419/2432 2664/3418/2432
f 2543/110/2433 2665/109/2433 2676/3420/2433 2675/3421/2433
f 2665/109/2434 2666/108/2434 2677/3422/2434 2676/3423/2434
f 2666/108/2435 2667/107/2435 2678/3424/2435 2677/3422/2435
f 2667/107/2436 2668/106/2436 2679/3425/2436 2678/3424/2436
f 2668/106/2437 2669/105/2437 2680/3426/2437 2679/3425/2437
f 2669/105/2438 2670/104/2438 2681/3427/2438 2680/3426/2438
f 2670/104/2439 2671/103/2439 2682/3428/2439 2681/3427/2439
f 2671/103/2440 2672/102/2440 2683/3429/2440 2682/3428/2440
f 2672/102/2441 2673/101/2441 2684/3430/2441 2683/3429/2441
f 2673/101/2442 2674/100/2442 2685/3431/2442 2684/3430/2442
f 2674/100/2443 2894/99/2443 2895/3432/2443 2685/3431/2443
f 2675/3421/2444 2676/3423/2444 2687/3433/2444 2686/3434/2444
f 2676/3420/2445 2677/3422/2445 2688/3435/2445 2687/3433/2445
f 2677/3422/2446 2678/3424/2446 2689/3436/2446 2688/3437/2446
f 2678/3424/2447 2679/3425/2447 2690/3438/2447 2689/3436/2447
f 2679/3425/2448 2680/3426/2448 2691/3439/2448 2690/3438/2448
f 2680/3426/2449 2681/3427/2449 2692/3440/2449 2691/3439/2449
f 2681/3427/2450 2682/3428/2450 2693/3441/2450 2692/3440/2450
f 2682/3428/2451 2683/3429/2451 2694/3442/2451 2693/3441/2451
f 2683/3429/2452 2684/3430/2452 2695/3443/2452 2694/3442/2452
f 2684/3430/2453 2685/3431/2453 2696/3444/2453 2695/3443/2453
f 2685/3431/2454 2895/3432/2454 2896/3445/2454 2696/3444/2454
f 2686/3434/2455 2687/3433/2455 2698/3446/2455 2697/3447/2455
f 2687/3433/2456 2688/3437/2456 2699/3448/2456 2698/3446/2456
f 2688/3435/2457 2689/3436/2457 2700/3449/2457 2699/3448/2457
f 2689/3436/2458 2690/3438/2458 2701/3450/2458 2700/3451/2458
f 2690/3438/2459 2691/3439/2459 2702/3452/2459 2701/3450/2459
f 2691/3439/2460 2692/3440/2460 2703/3453/2460 2702/3452/2460
f 2692/3440/2461 2693/3441/2461 2704/3454/2461 2703/3453/2461
f 2693/3441/2462 2694/3442/2462 2705/3455/2462 2704/3454/2462
f 2694/3442/2463 2695/3443/2463 2706/3456/2463 2705/3455/2463
f 2695/3443/2464 2696/3444/2464 2707/3457/2464 2706/3456/2464
f 2696/3444/2465 2896/3445/2465 2897/3458/2465 2707/3457/2465
f 2697/3447/2466 2698/3446/2466 2709/3459/2466 2708/3460/2466
f 2698/3446/2467 2699/3448/2467 2710/3461/2467 2709/3459/2467
f 2699/3448/2468 2700/3451/2468 2711/3462/2468 2710/3461/2468
f 2700/3449/2469 2701/3450/2469 2712/3463/2469 2711/3462/2469
f 2701/3450/2470 2702/3452/2470 2713/3464/2470 2712/3465/2470
f 2702/3452/2471 2703/3453/2471 2714/3466/2471 2713/3464/2471
f 2703/3453/2472 2704/3454/2472 2715/3467/2472 2714/3466/2472
f 2704/3454/2473 2705/3455/2473 2716/3468/2473 2715/3467/2473
f 2705/3455/2474 2706/3456/2474 2717/3469/2474 2716/3468/2474
f 2706/3456/2475 2707/3457/2475 2718/3470/2475 2717/3469/2475
f 2707/3457/2476 2897/3458/2476 2898/3471/2476 2718/3470/2476
f 2708/3460/2477 2709/3459/2477 2720/3472/2477 2719/3473/2477
f 2709/3459/2478 2710/3461/2478 2721/3474/2478 2720/3472/2478
f 2710/3461/2479 2711/3462/2479 2722/3475/2479 2721/3474/2479
f 2711/3462/2480 2712/3465/2480 2723/3476/2480 2722/3475/2480
f 2712/3463/2481 2713/3464/2481 2724/3477/2481 2723/3476/2481
f 2713/3464/2482 2714/3466/2482 2725/3478/2482 2724/3479/2482
f 2714/3466/2483 2715/3467/2483 2726/3480/2483 2725/3478/2483
f 2715/3467/2484 2716/3468/2484 2727/3481/2484 2726/3480/2484
f 2716/3468/2485 2717/3469/2485 2728/3482/2485 2727/3481/2485
f 2717/3469/2486 2718/3470/2486 2729/3483/2486 2728/3482/2486
f 2718/3470/2487 2898/3471/2487 2899/3484/2487 2729/3483/2487
f 2719/3473/2488 2720/3472/2488 2731/3485/2488 2730/3486/2488
f 2720/3472/2489 2721/3474/2489 2732/3487/2489 2731/3485/2489
f 2721/3474/2490 2722/3475/2490 2733/3488/2490 2732/3487/2490
f 2722/3475/2491 2723/3476/2491 2734/3489/2491 2733/3488/2491
f 2723/3476/2492 2724/3479/2492 2735/3490/2492 2734/3489/2492
f 2724/3477/2493 2725/3478/2493 2736/3491/2493 2735/3490/2493
f 2725/3478/2494 2726/3480/2494 2737/3492/2494 2736/3493/2494
f 2726/3480/2495 2727/3481/2495 2738/3494/2495 2737/3492/2495
f 2727/3481/2496 2728/3482/2496 2739/3495/2496 2738/3494/2496
f 2728/3482/2497 2729/3483/2497 2740/3496/2497 2739/3495/2497
f 2729/3483/2498 2899/3484/2498 2900/3497/2498 2740/3496/2498
f 2730/3486/2499 2731/3485/2499 2742/3498/2499 2741/3499/2499
f 2731/3485/2500 2732/3487/2500 2743/3500/2500 2742/3498/2500
f 2732/3487/2501 2733/3488/2501 2744/3501/2501 2743/3500/2501
f 2733/3488/2502 2734/3489/2502 2745/3502/2502 2744/3501/2502
f 2734/3489/2503 2735/3490/2503 2746/3503/2503 2745/3502/2503
f 2735/3490/2504 2736/3493/2504 2747/3504/2504 2746/3503/2504
f 2736/3491/2505 2737/3492/2505 2748/3505/2505 2747/3504/2505
f 2737/3492/2506 2738/3494/2506 2749/3506/2506 2748/3507/2506
f 2738/3494/2507 2739/3495/2507 2750/3508/2507 2749/3506/2507
f 2739/3495/2508 2740/3496/2508 2751/3509/2508 2750/3508/2508
f 2740/3496/2509 2900/3497/2509 2901/3510/2509 2751/3509/2509
f 2741/3499/2510 2742/3498/2510 2753/3511/2510 2752/3512/2510
f 2742/3498/2511 2743/3500/2511 2754/3513/2511 2753/3511/2511
f 2743/3500/2512 2744/3501/2512 2755/3514/2512 2754/3513/2512
f 2744/3501/2513 2745/3502/2513 2756/3515/2513 2755/3514/2513
f 2745/3502/2514 2746/3503/2514 2757/3516/2514 2756/3515/2514
f 2746/3503/2515 2747/3504/2515 2758/3517/2515 2757/3516/2515
f 2747/3504/2516 2748/3507/2516 2759/3518/2516 2758/3517/2516
f 2748/3505/2517 2749/3506/2517 2760/3519/2517 2759/3518/2517
f 2749/3506/2518 2750/3508/2518 2761/3520/2518 2760/3521/2518
f 2750/3508/2519 2751/3509/2519 2762/3522/2519 2761/3520/2519
f 2751/3509/2520 2901/3510/2520 2902/3523/2520 2762/3522/2520
f 2752/3512/2521 2753/3511/2521 2764/3524/2521 2763/3525/2521
f 2753/3511/2522 2754/3513/2522 2765/3526/2522 2764/3524/2522
f 2754/3513/2523 2755/3514/2523 2766/3527/2523 2765/3526/2523
f 2755/3514/2524 2756/3515/2524 2767/3528/2524 2766/3527/2524
f 2756/3515/2525 2757/3516/2525 2768/3529/2525 2767/3528/2525
f 2757/3516/2526 2758/3517/2526 2769/3530/2526 2768/3529/2526
f 2758/3517/2527 2759/3518/2527 2770/3531/2527 2769/3530/2527
f 2759/3518/2528 2760/3521/2528 2771/3532/2528 2770/3531/2528
f 2760/3519/2529 2761/3520/2529 2772/3533/2529 2771/3532/2529
f 2761/3520/2530 2762/3522/2530 2773/3534/2530 2772/3535/2530
f 2762/3522/2531 2902/3523/2531 2903/3536/2531 2773/3534/2531
f 2763/3525/2532 2764/3524/2532 2775/3537/2532 2774/3538/2532
f 2764/3524/2533 2765/3526/2533 2776/3539/2533 2775/3537/2533
f 2765/3526/2534 2766/3527/2534 2777/3540/2534 2776/3539/2534
f 2766/3527/2535 2767/3528/2535 2778/3541/2535 2777/3540/2535
f 2767/3528/2536 2768/3529/2536 2779/3542/2536 2778/3541/2536
f 2768/3529/2537 2769/3530/2537 2780/3543/2537 2779/3542/2537
f 2769/3530/2538 2770/3531/2538 2781/3544/2538 2780/3543/2538
f 2770/3531/2539 2771/3532/2539 2782/3545/2539 2781/3544/2539
f 2771/3532/2540 2772/3535/2540 2783/3546/2540 2782/3545/2540
f 2772/3533/2541 2773/3534/2541 2784/3547/2541 2783/3546/2541
f 2773/3534/2542 2903/3536/2542 2904/3548/2542 2784/3547/2542
f 2544/88/2543 2785/87/2543 2796/3549/2543 2795/3550/2543
f 2785/87/2544 2786/86/2544 2797/3551/2544 2796/3552/2544
f 2786/86/2545 2787/85/2545 2798/3553/2545 2797/3551/2545
f 2787/85/2546 2788/84/2546 2799/3554/2546 2798/3553/2546
f 2788/84/2547 2789/83/2547 2800/3555/2547 2799/3554/2547
f 2789/83/2548 2790/82/2548 2801/3556/2548 2800/3555/2548
f 2790/82/2549 2791/81/2549 2802/3557/2549 2801/3556/2549
f 2791/81/2550 2792/80/2550 2803/3558/2550 2802/3557/2550
f 2792/80/2551 2793/79/2551 2804/3559/2551 2803/3558/2551
f 2793/79/2552 2794/78/2552 2805/3560/2552 2804/3559/2552
f 2794/78/2553 2654/77/2553 2655/3561/2553 2805/3560/2553
f 2795/3550/2554 2796/3552/2554 2807/3562/2554 2806/3563/2554
f 2796/3549/2555 2797/3551/2555 2808/3564/2555 2807/3562/2555
f 2797/3551/2556 2798/3553/2556 2809/3565/2556 2808/3566/2556
f 2798/3553/2557 2799/3554/2557 2810/3567/2557 2809/3565/2557
f 2799/3554/2558 2800/3555/2558 2811/3568/2558 2810/3567/2558
f 2800/3555/2559 2801/3556/2559 2812/3569/2559 2811/3568/2559
f 2801/3556/2560 2802/3557/2560 2813/3570/2560 2812/3569/2560
f 2802/3557/2561 2803/3558/2561 2814/3571/2561 2813/3570/2561
f 2803/3558/2562 2804/3559/2562 2815/3572/2562 2814/3571/2562
f 2804/3559/2563 2805/3560/2563 2816/3573/2563 2815/3572/2563
f 2805/3560/2564 2655/3561/2564 2656/3574/2564 2816/3573/2564
f 2806/3563/2565 2807/3562/2565 2818/3575/2565 2817/3576/2565
f 2807/3562/2566 2808/3566/2566 2819/3577/2566 2818/3575/2566
f 2808/3564/2567 2809/3565/2567 2820/3578/2567 2819/3577/2567
f 2809/3565/2568 2810/3567/2568 2821/3579/2568 2820/3580/2568
f 2810/3567/2569 2811/3568/2569 2822/3581/2569 2821/3579/2569
f 2811/3568/2570 2812/3569/2570 2823/3582/2570 2822/3581/2570
f 2812/3569/2571 2813/3570/2571 2824/3583/2571 2823/3582/2571
f 2813/3570/2572 2814/3571/2572 2825/3584/2572 2824/3583/2572
f 2814/3571/2573 2815/3572/2573 2826/3585/2573 2825/3584/2573
f 2815/3572/2574 2816/3573/2574 2827/3586/2574 2826/3585/2574
f 2816/3573/2575 2656/3574/2575 2657/3587/2575 2827/3586/2575
f 2817/3576/2576 2818/3575/2576 2829/3588/2576 2828/3589/2576
f 2818/3575/2577 2819/3577/2577 2830/3590/2577 2829/3588/2577
f 2819/3577/2578 2820/3580/2578 2831/3591/2578 2830/3590/2578
f 2820/3578/2579 2821/3579/2579 2832/3592/2579 2831/3591/2579
f 2821/3579/2580 2822/3581/2580 2833/3593/2580 2832/3594/2580
f 2822/3581/2581 2823/3582/2581 2834/3595/2581 2833/3593/2581
f 2823/3582/2582 2824/3583/2582 2835/3596/2582 2834/3595/2582
f 2824/3583/2583 2825/3584/2583 2836/3597/2583 2835/3596/2583
f 2825/3584/2584 2826/3585/2584 2837/3598/2584 2836/3597/2584
f 2826/3585/2585 2827/3586/2585 2838/3599/2585 2837/3598/2585
f 2827/3586/2586 2657/3587/2586 2658/3600/2586 2838/3599/2586
f 2828/3589/2587 2829/3588/2587 2840/3601/2587 2839/3602/2587
f 2829/3588/2588 2830/3590/2588 2841/3603/2588 2840/3601/2588
f 2830/3590/2589 2831/3591/2589 2842/3604/2589 2841/3603/2589
f 2831/3591/2590 2832/3594/2590 2843/3605/2590 2842/3604/2590
f 2832/3592/2591 2833/3593/2591 2844/3606/2591 2843/3605/2591
f 2833/3593/2592 2834/3595/2592 2845/3607/2592 2844/3608/2592
f 2834/3595/2593 2835/3596/2593 2846/3609/2593 2845/3607/2593
f 2835/3596/2594 2836/3597/2594 2847/3610/2594 2846/3609/2594
f 2836/3597/2595 2837/3598/2595 2848/3611/2595 2847/3610/2595
f 2837/3598/2596 2838/3599/2596 2849/3612/2596 2848/3611/2596
f 2838/3599/2597 2658/3600/2597 2659/3613/2597 2849/3612/2597
f 2839/3602/2598 2840/3601/2598 2851/3614/2598 2850/3615/2598
f 2840/3601/2599 2841/3603/2599 2852/3616/2599 2851/3614/2599
f 2841/3603/2600 2842/3604/2600 2853/3617/2600 2852/3616/2600
f 2842/3604/2601 2843/3605/2601 2854/3618/2601 2853/3617/2601
f 2843/3605/2602 2844/3608/2602 2855/3619/2602 2854/3618/2602
f 2844/3606/2603 2845/3607/2603 2856/3620/2603 2855/3619/2603
f 2845/3607/2604 2846/3609/2604 2857/3621/2604 2856/3622/2604
f 2846/3609/2605 2847/3610/2605 2858/3623/2605 2857/3621/2605
f 2847/3610/2606 2848/3611/2606 2859/3624/2606 2858/3623/2606
f 2848/3611/2607 2849/3612/2607 2860/3625/2607 2859/3624/2607
f 2849/3612/2608 2659/3613/2608 2660/3626/2608 2860/3625/2608
f 2850/3615/2609 2851/3614/2609 2862/3627/2609 2861/3628/2609
f 2851/3614/2610 2852/3616/2610 2863/3629/2610 2862/3627/2610
f 2852/3616/2611 2853/3617/2611 2864/3630/2611 2863/3629/2611
f 2853/3617/2612 2854/3618/2612 2865/3631/2612 2864/3630/2612
f 2854/3618/2613 2855/3619/2613 2866/3632/2613 2865/3631/2613
f 2855/3619/2614 2856/3622/2614 2867/3633/2614 2866/3632/2614
f 2856/3620/2615 2857/3621/2615 2868/3634/2615 2867/3633/2615
f 2857/3621/2616 2858/3623/2616 2869/3635/2616 2868/3636/2616
f 2858/3623/2617 2859/3624/2617 2870/3637/2617 2869/3635/2617
f 2859/3624/2618 2860/3625/2618 2871/3638/2618 2870/3637/2618
f 2860/3625/2619 2660/3626/2619 2661/3639/2619 2871/3638/2619
f 2861/3628/2620 2862/3627/2620 2873/3640/2620 2872/3641/2620
f 2862/3627/2621 2863/3629/2621 2874/3642/2621 2873/3640/2621
f 2863/3629/2622 2864/3630/2622 2875/3643/2622 2874/3642/2622
f 2864/3630/2623 2865/3631/2623 2876/3644/2623 2875/3643/2623
f 2865/3631/2624 2866/3632/2624 2877/3645/2624 2876/3644/2624
f 2866/3632/2625 2867/3633/2625 2878/3646/2625 2877/3645/2625
f 2867/3633/2626 2868/3636/2626 2879/3647/2626 2878/3646/2626
f 2868/3634/2627 2869/3635/2627 2880/3648/2627 2879/3647/2627
f 2869/3635/2628 2870/3637/2628 2881/3649/2628 2880/3650/2628
f 2870/3637/2629 2871/3638/2629 2882/3651/2629 2881/3649/2629
f 2871/3638/2630 2661/3639/2630 2662/3652/2630 2882/3651/2630
f 2872/3641/2631 2873/3640/2631 2884/3653/2631 2883/3654/2631
f 2873/3640/2632 2874/3642/2632 2885/3655/2632 2884/3653/2632
f 2874/3642/2633 2875/3643/2633 2886/3656/2633 2885/3655/2633
f 2875/3643/2634 2876/3644/2634 2887/3657/2634 2886/3656/2634
f 2876/3644/2635 2877/3645/2635 2888/3658/2635 2887/3657/2635
f 2877/3645/2636 2878/3646/2636 2889/3659/2636 2888/3658/2636
f 2878/3646/2637 2879/3647/2637 2890/3660/2637 2889/3659/2637
f 2879/3647/2638 2880/3650/2638 2891/3661/2638 2890/3660/2638
f 2880/3648/2639 2881/3649/2639 2892/3662/2639 2891/3661/2639
f 2881/3649/2640 2882/3651/2640 2893/3663/2640 2892/3664/2640
f 2882/3651/2641 2662/3652/2641 2663/3665/2641 2893/3663/2641
f 2883/3654/2642 2884/3653/2642 2895/3666/2642 2894/3667/2642
f 2884/3653/2643 2885/3655/2643 2896/3668/2643 2895/3666/2643
f 2885/3655/2644 2886/3656/2644 2897/3669/2644 2896/3668/2644
f 2886/3656/2645 2887/3657/2645 2898/3670/2645 2897/3669/2645
f 2887/3657/2646 2888/3658/2646 2899/3671/2646 2898/3670/2646
f 2888/3658/2647 2889/3659/2647 2900/3672/2647 2899/3671/2647
f 2889/3659/2648 2890/3660/2648 2901/3673/2648 2900/3672/2648
f 2890/3660/2649 2891/3661/2649 2902/3674/2649 2901/3673/2649
f 2891/3661/2650 2892/3664/2650 2903/3675/2650 2902/3674/2650
f 2892/3662/2651 2893/3663/2651 2904/3676/2651 2903/3675/2651
f 2893/3663/2652 2663/3665/2652 2664/3677/2652 2904/3676/2652
f 2664/3678/2653 2784/3679/2653 2904/3680/2653
f 1817/3681/2654 1949/3682/2654 1960/3683/2654 1971/3684/2654 1982/3685/2654 1993/3686/2654 2004/3687/2654 2015/3688/2654 2026/3689/2654 2037/3690/2654 2048/2512/2654 1828/2510/2654 1827/2508/2654 1826/2506/2654 1825/2504/2654 1824/2502/2654 1823/2500/2654 1822/2498/2654 1821/2496/2654 1820/2493/2654 1819/2491/2654 1816/155/2654 1453/154/2654 1466/2081/2654 1477/3691/2654 1488/3692/2654 1499/3693/2654 1510/3694/2654 1521/3695/2654 1532/3696/2654 1543/3697/2654 1554/3698/2654 1565/2372/2654 1705/2370/2654 1704/2368/2654 1703/2366/2654 1702/2364/2654 1701/2362/2654 1700/2360/2654 1699/2358/2654 1698/2356/2654 1697/2353/2654 1696/2350/2654 1455/2349/2654 1/3699/2654 14/3700/2654 25/3701/2654 36/3702/2654 47/3703/2654 58/3704/2654 69/3705/2654 80/3706/2654 91/3707/2654 102/3708/2654 113/725/2654 253/723/2654 252/721/2654 251/719/2654 250/717/2654 249/715/2654 248/713/2654 247/711/2654 246/709/2654 245/706/2654 244/704/2654 3/375/2654 365/374/2654 497/996/2654 508/3709/2654 519/3710/2654 530/3711/2654 541/3712/2654 552/3713/2654 563/3714/2654 574/3715/2654 585/3716/2654 596/877/2654 376/875/2654 375/873/2654 374/871/2654 373/869/2654 372/867/2654 371/865/2654 370/863/2654 369/861/2654 368/858/2654 367/855/2654 364/854/2654
